$MeshFormat
4.1 0 8
$EndMeshFormat
$PhysicalNames
1
2 1 "Domain"
$EndPhysicalNames
$Entities
6 6 1 0
1 0 0 0 0 
2 1 0 0 0 
3 1 0.4 0 0 
4 0.4 0.4 0 0 
5 0.4 1 0 0 
6 0 1 0 0 
1 0 0 0 1 0 0 0 2 1 -2 
2 1 0 0 1 0.4 0 0 2 2 -3 
3 0.4 0.4 0 1 0.4 0 0 2 3 -4 
4 0.4 0.4 0 0.4 1 0 0 2 4 -5 
5 0 1 0 0.4 1 0 0 2 5 -6 
6 0 0 0 0 1 0 0 2 6 -1 
1 0 0 0 1 1 0 1 1 6 1 2 3 4 5 6 
$EndEntities
$Nodes
13 9599 1 9599
0 1 0 1
1
0 0 0
0 2 0 1
2
1 0 0
0 3 0 1
3
1 0.4 0
0 4 0 1
4
0.4 0.4 0
0 5 0 1
5
0.4 1 0
0 6 0 1
6
0 1 0
1 1 0 111
7
8
9
10
11
12
13
14
15
16
17
18
19
20
21
22
23
24
25
26
27
28
29
30
31
32
33
34
35
36
37
38
39
40
41
42
43
44
45
46
47
48
49
50
51
52
53
54
55
56
57
58
59
60
61
62
63
64
65
66
67
68
69
70
71
72
73
74
75
76
77
78
79
80
81
82
83
84
85
86
87
88
89
90
91
92
93
94
95
96
97
98
99
100
101
102
103
104
105
106
107
108
109
110
111
112
113
114
115
116
117
0.008928571428554534 0 0
0.01785714285710922 0 0
0.02678571428566363 0 0
0.03571428571421677 0 0
0.04464285714276865 0 0
0.05357142857132025 0 0
0.06249999999987319 0 0
0.07142857142842962 0 0
0.08035714285698742 0 0
0.0892857142855452 0 0
0.09821428571410297 0 0
0.1071428571426608 0 0
0.1160714285712185 0 0
0.1249999999997736 0 0
0.1339285714283217 0 0
0.1428571428568671 0 0
0.1517857142854125 0 0
0.1607142857139579 0 0
0.1696428571425033 0 0
0.1785714285710487 0 0
0.1874999999995941 0 0
0.1964285714281395 0 0
0.2053571428566849 0 0
0.2142857142852303 0 0
0.2232142857137757 0 0
0.2321428571423211 0 0
0.2410714285708665 0 0
0.2499999999994119 0 0
0.2589285714279573 0 0
0.2678571428565027 0 0
0.2767857142850481 0 0
0.2857142857135935 0 0
0.2946428571421388 0 0
0.3035714285706843 0 0
0.3124999999992296 0 0
0.321428571427775 0 0
0.3303571428563204 0 0
0.3392857142848658 0 0
0.3482142857134112 0 0
0.3571428571419566 0 0
0.366071428570502 0 0
0.3749999999990474 0 0
0.3839285714275928 0 0
0.3928571428561382 0 0
0.4017857142846836 0 0
0.410714285713229 0 0
0.4196428571417744 0 0
0.4285714285703198 0 0
0.4374999999988652 0 0
0.4464285714274105 0 0
0.455357142855956 0 0
0.4642857142845013 0 0
0.4732142857130467 0 0
0.4821428571415922 0 0
0.4910714285701375 0 0
0.4999999999986938 0 0
0.508928571427278 0 0
0.5178571428558729 0 0
0.5267857142844679 0 0
0.5357142857130628 0 0
0.5446428571416577 0 0
0.5535714285702527 0 0
0.5624999999988476 0 0
0.5714285714274425 0 0
0.5803571428560376 0 0
0.5892857142846325 0 0
0.5982142857132274 0 0
0.6071428571418224 0 0
0.6160714285704173 0 0
0.6249999999990122 0 0
0.6339285714276073 0 0
0.6428571428562022 0 0
0.6517857142847971 0 0
0.6607142857133921 0 0
0.669642857141987 0 0
0.6785714285705819 0 0
0.687499999999177 0 0
0.6964285714277719 0 0
0.7053571428563669 0 0
0.7142857142849618 0 0
0.7232142857135567 0 0
0.7321428571421517 0 0
0.7410714285707467 0 0
0.7499999999993416 0 0
0.7589285714279365 0 0
0.7678571428565314 0 0
0.7767857142851263 0 0
0.7857142857137213 0 0
0.7946428571423163 0 0
0.8035714285709112 0 0
0.8124999999995062 0 0
0.8214285714281011 0 0
0.830357142856696 0 0
0.839285714285291 0 0
0.848214285713886 0 0
0.857142857142481 0 0
0.8660714285710759 0 0
0.8749999999996708 0 0
0.8839285714282658 0 0
0.8928571428568607 0 0
0.9017857142854557 0 0
0.9107142857140507 0 0
0.9196428571426456 0 0
0.9285714285712404 0 0
0.9374999999998354 0 0
0.9464285714284303 0 0
0.9553571428570253 0 0
0.9642857142856203 0 0
0.9732142857142152 0 0
0.9821428571428101 0 0
0.9910714285714051 0 0
1 2 0 44
118
119
120
121
122
123
124
125
126
127
128
129
130
131
132
133
134
135
136
137
138
139
140
141
142
143
144
145
146
147
148
149
150
151
152
153
154
155
156
157
158
159
160
161
1 0.00888888888887286 0
1 0.0177777777777439 0
1 0.02666666666661548 0
1 0.03555555555549244 0
1 0.04444444444436871 0
1 0.05333333333323929 0
1 0.06222222222210264 0
1 0.071111111110966 0
1 0.07999999999982393 0
1 0.08888888888868729 0
1 0.09777777777755065 0
1 0.106666666666414 0
1 0.1155555555552774 0
1 0.1244444444441407 0
1 0.1333333333330041 0
1 0.1422222222218674 0
1 0.1511111111107234 0
1 0.1599999999995832 0
1 0.1688888888884466 0
1 0.17777777777731 0
1 0.1866666666661733 0
1 0.1955555555550366 0
1 0.2044444444439231 0
1 0.2133333333328382 0
1 0.2222222222217484 0
1 0.2311111111106629 0
1 0.2399999999995768 0
1 0.2488888888884876 0
1 0.2577777777774052 0
1 0.2666666666663086 0
1 0.2755555555552317 0
1 0.2844444444441369 0
1 0.2933333333330526 0
1 0.3022222222219654 0
1 0.3111111111108688 0
1 0.3199999999997895 0
1 0.3288888888886972 0
1 0.3377777777776105 0
1 0.3466666666665256 0
1 0.3555555555554314 0
1 0.364444444444354 0
1 0.3733333333332574 0
1 0.3822222222221791 0
1 0.3911111111110858 0
1 3 0 66
162
163
164
165
166
167
168
169
170
171
172
173
174
175
176
177
178
179
180
181
182
183
184
185
186
187
188
189
190
191
192
193
194
195
196
197
198
199
200
201
202
203
204
205
206
207
208
209
210
211
212
213
214
215
216
217
218
219
220
221
222
223
224
225
226
227
0.9910447761194123 0.4 0
0.9820895522388464 0.4 0
0.9731343283582429 0.4 0
0.9641791044776712 0.4 0
0.9552238805970932 0.4 0
0.9462686567164958 0.4 0
0.9373134328359299 0.4 0
0.9283582089553362 0.4 0
0.9194029850747547 0.4 0
0.9104477611941865 0.4 0
0.9014925373135794 0.4 0
0.8925373134330135 0.4 0
0.8835820895524295 0.4 0
0.8746268656718382 0.4 0
0.8656716417912723 0.4 0
0.8567164179106723 0.4 0
0.847761194030097 0.4 0
0.8388059701495226 0.4 0
0.8298507462689217 0.4 0
0.8208955223883558 0.4 0
0.8119402985077656 0.4 0
0.8029850746271805 0.4 0
0.7940298507466146 0.4 0
0.7850746268660086 0.4 0
0.7761194029854394 0.4 0
0.7671641791048589 0.4 0
0.7582089552242641 0.4 0
0.7492537313437305 0.4 0
0.7402985074631452 0.4 0
0.7313432835825731 0.4 0
0.7223880597020389 0.4 0
0.7134328358214344 0.4 0
0.7044776119408911 0.4 0
0.6955223880603252 0.4 0
0.686567164179696 0.4 0
0.6776119402991103 0.4 0
0.6686567164184665 0.4 0
0.6597014925378653 0.4 0
0.6507462686572556 0.4 0
0.641791044776616 0.4 0
0.6328358208960302 0.4 0
0.623880597015396 0.4 0
0.6149253731347754 0.4 0
0.6059701492541851 0.4 0
0.5970149253735364 0.4 0
0.5880597014929474 0.4 0
0.5791044776123255 0.4 0
0.5701492537316919 0.4 0
0.5611940298511062 0.4 0
0.5522388059704659 0.4 0
0.5432835820898482 0.4 0
0.5343283582092409 0.4 0
0.5253731343286118 0.4 0
0.5164179104480044 0.4 0
0.5074626865673955 0.4 0
0.4985074626867679 0.4 0
0.4895522388061607 0.4 0
0.4805970149255359 0.4 0
0.4716417910449242 0.4 0
0.4626865671643169 0.4 0
0.4537313432836878 0.4 0
0.4447761194030806 0.4 0
0.4358208955224654 0.4 0
0.4268656716418441 0.4 0
0.4179104477612366 0.4 0
0.4089552238806076 0.4 0
1 4 0 66
228
229
230
231
232
233
234
235
236
237
238
239
240
241
242
243
244
245
246
247
248
249
250
251
252
253
254
255
256
257
258
259
260
261
262
263
264
265
266
267
268
269
270
271
272
273
274
275
276
277
278
279
280
281
282
283
284
285
286
287
288
289
290
291
292
293
0.4 0.4089552238805833 0
0.4 0.4179104477611882 0
0.4 0.4268656716417636 0
0.4 0.4358208955223617 0
0.4 0.4447761194029537 0
0.4 0.4537313432835322 0
0.4 0.4626865671641371 0
0.4 0.4716417910447173 0
0.4 0.4805970149252906 0
0.4 0.4895522388058641 0
0.4 0.4985074626864374 0
0.4 0.5074626865670108 0
0.4 0.5164179104475661 0
0.4 0.5253731343281143 0
0.4 0.5343283582086876 0
0.4 0.543283582089227 0
0.4 0.552238805969791 0
0.4 0.5611940298503559 0
0.4 0.5701492537308944 0
0.4 0.5791044776114679 0
0.4 0.5880597014920169 0
0.4 0.5970149253725713 0
0.4 0.6059701492531446 0
0.4 0.6149253731336779 0
0.4 0.6238805970142646 0
0.4 0.6328358208948502 0
0.4 0.6417910447753948 0
0.4 0.6507462686560006 0
0.4 0.6597014925365545 0
0.4 0.6686567164171218 0
0.4 0.677611940297727 0
0.4 0.6865671641782618 0
0.4 0.6955223880588588 0
0.4 0.7044776119394944 0
0.4 0.7134328358200874 0
0.4 0.7223880597007408 0
0.4 0.7313432835813456 0
0.4 0.7402985074619666 0
0.4 0.7492537313426118 0
0.4 0.7582089552232049 0
0.4 0.7671641791038484 0
0.4 0.7761194029844727 0
0.4 0.7850746268650741 0
0.4 0.7940298507457292 0
0.4 0.802985074626323 0
0.4 0.8119402985069561 0
0.4 0.8208955223875952 0
0.4 0.8298507462681883 0
0.4 0.8388059701488381 0
0.4 0.84776119402945 0
0.4 0.8567164179100639 0
0.4 0.8656716417907127 0
0.4 0.8746268656713057 0
0.4 0.8835820895519457 0
0.4 0.892537313432577 0
0.4 0.9014925373131505 0
0.4 0.9104477611937649 0
0.4 0.9194029850743972 0
0.4 0.9283582089550162 0
0.4 0.937313432835631 0
0.4 0.9462686567162675 0
0.4 0.9552238805968823 0
0.4 0.9641791044775049 0
0.4 0.9731343283581336 0
0.4 0.9820895522387486 0
0.4 0.9910447761193851 0
1 5 0 44
294
295
296
297
298
299
300
301
302
303
304
305
306
307
308
309
310
311
312
313
314
315
316
317
318
319
320
321
322
323
324
325
326
327
328
329
330
331
332
333
334
335
336
337
0.3911111111111357 1 0
0.3822222222222714 1 0
0.3733333333334071 1 0
0.3644444444445428 1 0
0.3555555555556785 1 0
0.3466666666668142 1 0
0.3377777777779499 1 0
0.3288888888890856 1 0
0.3200000000002213 1 0
0.311111111111357 1 0
0.3022222222224927 1 0
0.2933333333336284 1 0
0.2844444444447641 1 0
0.2755555555558998 1 0
0.2666666666670354 1 0
0.2577777777781711 1 0
0.2488888888893068 1 0
0.2400000000004425 1 0
0.2311111111115782 1 0
0.2222222222227139 1 0
0.2133333333338496 1 0
0.2044444444449853 1 0
0.1955555555560979 1 0
0.1866666666671819 1 0
0.1777777777782707 1 0
0.1688888888893553 1 0
0.1600000000004403 1 0
0.1511111111115286 1 0
0.1422222222226101 1 0
0.1333333333337057 1 0
0.1244444444447817 1 0
0.1155555555558755 1 0
0.1066666666669588 1 0
0.09777777777804519 1 0
0.08888888888914082 1 0
0.08000000000021912 1 0
0.07111111111131047 1 0
0.06222222222239626 1 0
0.05333333333348012 1 0
0.04444444444457341 1 0
0.03555555555564982 1 0
0.0266666666667455 1 0
0.01777777777782286 1 0
0.008888888888915147 1 0
1 6 0 111
338
339
340
341
342
343
344
345
346
347
348
349
350
351
352
353
354
355
356
357
358
359
360
361
362
363
364
365
366
367
368
369
370
371
372
373
374
375
376
377
378
379
380
381
382
383
384
385
386
387
388
389
390
391
392
393
394
395
396
397
398
399
400
401
402
403
404
405
406
407
408
409
410
411
412
413
414
415
416
417
418
419
420
421
422
423
424
425
426
427
428
429
430
431
432
433
434
435
436
437
438
439
440
441
442
443
444
445
446
447
448
0 0.9910714285713914 0
0 0.9821428571427828 0
0 0.9732142857141742 0
0 0.9642857142855655 0
0 0.9553571428569569 0
0 0.9464285714283484 0
0 0.9374999999997398 0
0 0.9285714285711312 0
0 0.9196428571425226 0
0 0.9107142857139139 0
0 0.9017857142853053 0
0 0.8928571428566967 0
0 0.8839285714280881 0
0 0.8749999999995012 0
0 0.8660714285709701 0
0 0.8571428571424606 0
0 0.8482142857139511 0
0 0.8392857142854416 0
0 0.8303571428569321 0
0 0.8214285714284226 0
0 0.8124999999999132 0
0 0.8035714285714036 0
0 0.7946428571428942 0
0 0.7857142857143847 0
0 0.7767857142858752 0
0 0.7678571428573657 0
0 0.7589285714288563 0
0 0.7500000000003467 0
0 0.7410714285718373 0
0 0.7321428571433277 0
0 0.7232142857148183 0
0 0.7142857142863088 0
0 0.7053571428577994 0
0 0.6964285714292898 0
0 0.6875000000007803 0
0 0.6785714285722708 0
0 0.6696428571437614 0
0 0.6607142857152519 0
0 0.6517857142867425 0
0 0.6428571428582328 0
0 0.6339285714297234 0
0 0.6250000000012139 0
0 0.6160714285727045 0
0 0.6071428571441949 0
0 0.5982142857156855 0
0 0.5892857142871759 0
0 0.5803571428586665 0
0 0.571428571430157 0
0 0.5625000000016476 0
0 0.553571428573138 0
0 0.5446428571446286 0
0 0.535714285716119 0
0 0.5267857142876096 0
0 0.5178571428591001 0
0 0.5089285714305907 0
0 0.5000000000020595 0
0 0.4910714285734725 0
0 0.4821428571448639 0
0 0.4732142857162553 0
0 0.4642857142876468 0
0 0.4553571428590382 0
0 0.4464285714304296 0
0 0.437500000001821 0
0 0.4285714285732124 0
0 0.4196428571446038 0
0 0.4107142857159952 0
0 0.4017857142873865 0
0 0.3928571428587779 0
0 0.3839285714301693 0
0 0.3750000000015608 0
0 0.3660714285729523 0
0 0.3571428571443437 0
0 0.348214285715735 0
0 0.3392857142871264 0
0 0.3303571428585178 0
0 0.3214285714299092 0
0 0.3125000000013007 0
0 0.3035714285726921 0
0 0.2946428571440834 0
0 0.2857142857154749 0
0 0.2767857142868663 0
0 0.2678571428582577 0
0 0.2589285714296492 0
0 0.2500000000010406 0
0 0.2410714285724319 0
0 0.2321428571438233 0
0 0.2232142857152147 0
0 0.2142857142866061 0
0 0.2053571428579977 0
0 0.1964285714293891 0
0 0.1875000000007805 0
0 0.1785714285721718 0
0 0.1696428571435632 0
0 0.1607142857149546 0
0 0.1517857142863461 0
0 0.1428571428577375 0
0 0.133928571429129 0
0 0.1250000000005203 0
0 0.1160714285719117 0
0 0.1071428571433031 0
0 0.09821428571469459 0
0 0.089285714286086 0
0 0.08035714285747741 0
0 0.07142857142886871 0
0 0.06250000000026013 0
0 0.05357142857165154 0
0 0.04464285714304306 0
0 0.03571428571443447 0
0 0.02678571428582588 0
0 0.01785714285721718 0
0 0.008928571428608589 0
2 1 0 9151
449
450
451
452
453
454
455
456
457
458
459
460
461
462
463
464
465
466
467
468
469
470
471
472
473
474
475
476
477
478
479
480
481
482
483
484
485
486
487
488
489
490
491
492
493
494
495
496
497
498
499
500
501
502
503
504
505
506
507
508
509
510
511
512
513
514
515
516
517
518
519
520
521
522
523
524
525
526
527
528
529
530
531
532
533
534
535
536
537
538
539
540
541
542
543
544
545
546
547
548
549
550
551
552
553
554
555
556
557
558
559
560
561
562
563
564
565
566
567
568
569
570
571
572
573
574
575
576
577
578
579
580
581
582
583
584
585
586
587
588
589
590
591
592
593
594
595
596
597
598
599
600
601
602
603
604
605
606
607
608
609
610
611
612
613
614
615
616
617
618
619
620
621
622
623
624
625
626
627
628
629
630
631
632
633
634
635
636
637
638
639
640
641
642
643
644
645
646
647
648
649
650
651
652
653
654
655
656
657
658
659
660
661
662
663
664
665
666
667
668
669
670
671
672
673
674
675
676
677
678
679
680
681
682
683
684
685
686
687
688
689
690
691
692
693
694
695
696
697
698
699
700
701
702
703
704
705
706
707
708
709
710
711
712
713
714
715
716
717
718
719
720
721
722
723
724
725
726
727
728
729
730
731
732
733
734
735
736
737
738
739
740
741
742
743
744
745
746
747
748
749
750
751
752
753
754
755
756
757
758
759
760
761
762
763
764
765
766
767
768
769
770
771
772
773
774
775
776
777
778
779
780
781
782
783
784
785
786
787
788
789
790
791
792
793
794
795
796
797
798
799
800
801
802
803
804
805
806
807
808
809
810
811
812
813
814
815
816
817
818
819
820
821
822
823
824
825
826
827
828
829
830
831
832
833
834
835
836
837
838
839
840
841
842
843
844
845
846
847
848
849
850
851
852
853
854
855
856
857
858
859
860
861
862
863
864
865
866
867
868
869
870
871
872
873
874
875
876
877
878
879
880
881
882
883
884
885
886
887
888
889
890
891
892
893
894
895
896
897
898
899
900
901
902
903
904
905
906
907
908
909
910
911
912
913
914
915
916
917
918
919
920
921
922
923
924
925
926
927
928
929
930
931
932
933
934
935
936
937
938
939
940
941
942
943
944
945
946
947
948
949
950
951
952
953
954
955
956
957
958
959
960
961
962
963
964
965
966
967
968
969
970
971
972
973
974
975
976
977
978
979
980
981
982
983
984
985
986
987
988
989
990
991
992
993
994
995
996
997
998
999
1000
1001
1002
1003
1004
1005
1006
1007
1008
1009
1010
1011
1012
1013
1014
1015
1016
1017
1018
1019
1020
1021
1022
1023
1024
1025
1026
1027
1028
1029
1030
1031
1032
1033
1034
1035
1036
1037
1038
1039
1040
1041
1042
1043
1044
1045
1046
1047
1048
1049
1050
1051
1052
1053
1054
1055
1056
1057
1058
1059
1060
1061
1062
1063
1064
1065
1066
1067
1068
1069
1070
1071
1072
1073
1074
1075
1076
1077
1078
1079
1080
1081
1082
1083
1084
1085
1086
1087
1088
1089
1090
1091
1092
1093
1094
1095
1096
1097
1098
1099
1100
1101
1102
1103
1104
1105
1106
1107
1108
1109
1110
1111
1112
1113
1114
1115
1116
1117
1118
1119
1120
1121
1122
1123
1124
1125
1126
1127
1128
1129
1130
1131
1132
1133
1134
1135
1136
1137
1138
1139
1140
1141
1142
1143
1144
1145
1146
1147
1148
1149
1150
1151
1152
1153
1154
1155
1156
1157
1158
1159
1160
1161
1162
1163
1164
1165
1166
1167
1168
1169
1170
1171
1172
1173
1174
1175
1176
1177
1178
1179
1180
1181
1182
1183
1184
1185
1186
1187
1188
1189
1190
1191
1192
1193
1194
1195
1196
1197
1198
1199
1200
1201
1202
1203
1204
1205
1206
1207
1208
1209
1210
1211
1212
1213
1214
1215
1216
1217
1218
1219
1220
1221
1222
1223
1224
1225
1226
1227
1228
1229
1230
1231
1232
1233
1234
1235
1236
1237
1238
1239
1240
1241
1242
1243
1244
1245
1246
1247
1248
1249
1250
1251
1252
1253
1254
1255
1256
1257
1258
1259
1260
1261
1262
1263
1264
1265
1266
1267
1268
1269
1270
1271
1272
1273
1274
1275
1276
1277
1278
1279
1280
1281
1282
1283
1284
1285
1286
1287
1288
1289
1290
1291
1292
1293
1294
1295
1296
1297
1298
1299
1300
1301
1302
1303
1304
1305
1306
1307
1308
1309
1310
1311
1312
1313
1314
1315
1316
1317
1318
1319
1320
1321
1322
1323
1324
1325
1326
1327
1328
1329
1330
1331
1332
1333
1334
1335
1336
1337
1338
1339
1340
1341
1342
1343
1344
1345
1346
1347
1348
1349
1350
1351
1352
1353
1354
1355
1356
1357
1358
1359
1360
1361
1362
1363
1364
1365
1366
1367
1368
1369
1370
1371
1372
1373
1374
1375
1376
1377
1378
1379
1380
1381
1382
1383
1384
1385
1386
1387
1388
1389
1390
1391
1392
1393
1394
1395
1396
1397
1398
1399
1400
1401
1402
1403
1404
1405
1406
1407
1408
1409
1410
1411
1412
1413
1414
1415
1416
1417
1418
1419
1420
1421
1422
1423
1424
1425
1426
1427
1428
1429
1430
1431
1432
1433
1434
1435
1436
1437
1438
1439
1440
1441
1442
1443
1444
1445
1446
1447
1448
1449
1450
1451
1452
1453
1454
1455
1456
1457
1458
1459
1460
1461
1462
1463
1464
1465
1466
1467
1468
1469
1470
1471
1472
1473
1474
1475
1476
1477
1478
1479
1480
1481
1482
1483
1484
1485
1486
1487
1488
1489
1490
1491
1492
1493
1494
1495
1496
1497
1498
1499
1500
1501
1502
1503
1504
1505
1506
1507
1508
1509
1510
1511
1512
1513
1514
1515
1516
1517
1518
1519
1520
1521
1522
1523
1524
1525
1526
1527
1528
1529
1530
1531
1532
1533
1534
1535
1536
1537
1538
1539
1540
1541
1542
1543
1544
1545
1546
1547
1548
1549
1550
1551
1552
1553
1554
1555
1556
1557
1558
1559
1560
1561
1562
1563
1564
1565
1566
1567
1568
1569
1570
1571
1572
1573
1574
1575
1576
1577
1578
1579
1580
1581
1582
1583
1584
1585
1586
1587
1588
1589
1590
1591
1592
1593
1594
1595
1596
1597
1598
1599
1600
1601
1602
1603
1604
1605
1606
1607
1608
1609
1610
1611
1612
1613
1614
1615
1616
1617
1618
1619
1620
1621
1622
1623
1624
1625
1626
1627
1628
1629
1630
1631
1632
1633
1634
1635
1636
1637
1638
1639
1640
1641
1642
1643
1644
1645
1646
1647
1648
1649
1650
1651
1652
1653
1654
1655
1656
1657
1658
1659
1660
1661
1662
1663
1664
1665
1666
1667
1668
1669
1670
1671
1672
1673
1674
1675
1676
1677
1678
1679
1680
1681
1682
1683
1684
1685
1686
1687
1688
1689
1690
1691
1692
1693
1694
1695
1696
1697
1698
1699
1700
1701
1702
1703
1704
1705
1706
1707
1708
1709
1710
1711
1712
1713
1714
1715
1716
1717
1718
1719
1720
1721
1722
1723
1724
1725
1726
1727
1728
1729
1730
1731
1732
1733
1734
1735
1736
1737
1738
1739
1740
1741
1742
1743
1744
1745
1746
1747
1748
1749
1750
1751
1752
1753
1754
1755
1756
1757
1758
1759
1760
1761
1762
1763
1764
1765
1766
1767
1768
1769
1770
1771
1772
1773
1774
1775
1776
1777
1778
1779
1780
1781
1782
1783
1784
1785
1786
1787
1788
1789
1790
1791
1792
1793
1794
1795
1796
1797
1798
1799
1800
1801
1802
1803
1804
1805
1806
1807
1808
1809
1810
1811
1812
1813
1814
1815
1816
1817
1818
1819
1820
1821
1822
1823
1824
1825
1826
1827
1828
1829
1830
1831
1832
1833
1834
1835
1836
1837
1838
1839
1840
1841
1842
1843
1844
1845
1846
1847
1848
1849
1850
1851
1852
1853
1854
1855
1856
1857
1858
1859
1860
1861
1862
1863
1864
1865
1866
1867
1868
1869
1870
1871
1872
1873
1874
1875
1876
1877
1878
1879
1880
1881
1882
1883
1884
1885
1886
1887
1888
1889
1890
1891
1892
1893
1894
1895
1896
1897
1898
1899
1900
1901
1902
1903
1904
1905
1906
1907
1908
1909
1910
1911
1912
1913
1914
1915
1916
1917
1918
1919
1920
1921
1922
1923
1924
1925
1926
1927
1928
1929
1930
1931
1932
1933
1934
1935
1936
1937
1938
1939
1940
1941
1942
1943
1944
1945
1946
1947
1948
1949
1950
1951
1952
1953
1954
1955
1956
1957
1958
1959
1960
1961
1962
1963
1964
1965
1966
1967
1968
1969
1970
1971
1972
1973
1974
1975
1976
1977
1978
1979
1980
1981
1982
1983
1984
1985
1986
1987
1988
1989
1990
1991
1992
1993
1994
1995
1996
1997
1998
1999
2000
2001
2002
2003
2004
2005
2006
2007
2008
2009
2010
2011
2012
2013
2014
2015
2016
2017
2018
2019
2020
2021
2022
2023
2024
2025
2026
2027
2028
2029
2030
2031
2032
2033
2034
2035
2036
2037
2038
2039
2040
2041
2042
2043
2044
2045
2046
2047
2048
2049
2050
2051
2052
2053
2054
2055
2056
2057
2058
2059
2060
2061
2062
2063
2064
2065
2066
2067
2068
2069
2070
2071
2072
2073
2074
2075
2076
2077
2078
2079
2080
2081
2082
2083
2084
2085
2086
2087
2088
2089
2090
2091
2092
2093
2094
2095
2096
2097
2098
2099
2100
2101
2102
2103
2104
2105
2106
2107
2108
2109
2110
2111
2112
2113
2114
2115
2116
2117
2118
2119
2120
2121
2122
2123
2124
2125
2126
2127
2128
2129
2130
2131
2132
2133
2134
2135
2136
2137
2138
2139
2140
2141
2142
2143
2144
2145
2146
2147
2148
2149
2150
2151
2152
2153
2154
2155
2156
2157
2158
2159
2160
2161
2162
2163
2164
2165
2166
2167
2168
2169
2170
2171
2172
2173
2174
2175
2176
2177
2178
2179
2180
2181
2182
2183
2184
2185
2186
2187
2188
2189
2190
2191
2192
2193
2194
2195
2196
2197
2198
2199
2200
2201
2202
2203
2204
2205
2206
2207
2208
2209
2210
2211
2212
2213
2214
2215
2216
2217
2218
2219
2220
2221
2222
2223
2224
2225
2226
2227
2228
2229
2230
2231
2232
2233
2234
2235
2236
2237
2238
2239
2240
2241
2242
2243
2244
2245
2246
2247
2248
2249
2250
2251
2252
2253
2254
2255
2256
2257
2258
2259
2260
2261
2262
2263
2264
2265
2266
2267
2268
2269
2270
2271
2272
2273
2274
2275
2276
2277
2278
2279
2280
2281
2282
2283
2284
2285
2286
2287
2288
2289
2290
2291
2292
2293
2294
2295
2296
2297
2298
2299
2300
2301
2302
2303
2304
2305
2306
2307
2308
2309
2310
2311
2312
2313
2314
2315
2316
2317
2318
2319
2320
2321
2322
2323
2324
2325
2326
2327
2328
2329
2330
2331
2332
2333
2334
2335
2336
2337
2338
2339
2340
2341
2342
2343
2344
2345
2346
2347
2348
2349
2350
2351
2352
2353
2354
2355
2356
2357
2358
2359
2360
2361
2362
2363
2364
2365
2366
2367
2368
2369
2370
2371
2372
2373
2374
2375
2376
2377
2378
2379
2380
2381
2382
2383
2384
2385
2386
2387
2388
2389
2390
2391
2392
2393
2394
2395
2396
2397
2398
2399
2400
2401
2402
2403
2404
2405
2406
2407
2408
2409
2410
2411
2412
2413
2414
2415
2416
2417
2418
2419
2420
2421
2422
2423
2424
2425
2426
2427
2428
2429
2430
2431
2432
2433
2434
2435
2436
2437
2438
2439
2440
2441
2442
2443
2444
2445
2446
2447
2448
2449
2450
2451
2452
2453
2454
2455
2456
2457
2458
2459
2460
2461
2462
2463
2464
2465
2466
2467
2468
2469
2470
2471
2472
2473
2474
2475
2476
2477
2478
2479
2480
2481
2482
2483
2484
2485
2486
2487
2488
2489
2490
2491
2492
2493
2494
2495
2496
2497
2498
2499
2500
2501
2502
2503
2504
2505
2506
2507
2508
2509
2510
2511
2512
2513
2514
2515
2516
2517
2518
2519
2520
2521
2522
2523
2524
2525
2526
2527
2528
2529
2530
2531
2532
2533
2534
2535
2536
2537
2538
2539
2540
2541
2542
2543
2544
2545
2546
2547
2548
2549
2550
2551
2552
2553
2554
2555
2556
2557
2558
2559
2560
2561
2562
2563
2564
2565
2566
2567
2568
2569
2570
2571
2572
2573
2574
2575
2576
2577
2578
2579
2580
2581
2582
2583
2584
2585
2586
2587
2588
2589
2590
2591
2592
2593
2594
2595
2596
2597
2598
2599
2600
2601
2602
2603
2604
2605
2606
2607
2608
2609
2610
2611
2612
2613
2614
2615
2616
2617
2618
2619
2620
2621
2622
2623
2624
2625
2626
2627
2628
2629
2630
2631
2632
2633
2634
2635
2636
2637
2638
2639
2640
2641
2642
2643
2644
2645
2646
2647
2648
2649
2650
2651
2652
2653
2654
2655
2656
2657
2658
2659
2660
2661
2662
2663
2664
2665
2666
2667
2668
2669
2670
2671
2672
2673
2674
2675
2676
2677
2678
2679
2680
2681
2682
2683
2684
2685
2686
2687
2688
2689
2690
2691
2692
2693
2694
2695
2696
2697
2698
2699
2700
2701
2702
2703
2704
2705
2706
2707
2708
2709
2710
2711
2712
2713
2714
2715
2716
2717
2718
2719
2720
2721
2722
2723
2724
2725
2726
2727
2728
2729
2730
2731
2732
2733
2734
2735
2736
2737
2738
2739
2740
2741
2742
2743
2744
2745
2746
2747
2748
2749
2750
2751
2752
2753
2754
2755
2756
2757
2758
2759
2760
2761
2762
2763
2764
2765
2766
2767
2768
2769
2770
2771
2772
2773
2774
2775
2776
2777
2778
2779
2780
2781
2782
2783
2784
2785
2786
2787
2788
2789
2790
2791
2792
2793
2794
2795
2796
2797
2798
2799
2800
2801
2802
2803
2804
2805
2806
2807
2808
2809
2810
2811
2812
2813
2814
2815
2816
2817
2818
2819
2820
2821
2822
2823
2824
2825
2826
2827
2828
2829
2830
2831
2832
2833
2834
2835
2836
2837
2838
2839
2840
2841
2842
2843
2844
2845
2846
2847
2848
2849
2850
2851
2852
2853
2854
2855
2856
2857
2858
2859
2860
2861
2862
2863
2864
2865
2866
2867
2868
2869
2870
2871
2872
2873
2874
2875
2876
2877
2878
2879
2880
2881
2882
2883
2884
2885
2886
2887
2888
2889
2890
2891
2892
2893
2894
2895
2896
2897
2898
2899
2900
2901
2902
2903
2904
2905
2906
2907
2908
2909
2910
2911
2912
2913
2914
2915
2916
2917
2918
2919
2920
2921
2922
2923
2924
2925
2926
2927
2928
2929
2930
2931
2932
2933
2934
2935
2936
2937
2938
2939
2940
2941
2942
2943
2944
2945
2946
2947
2948
2949
2950
2951
2952
2953
2954
2955
2956
2957
2958
2959
2960
2961
2962
2963
2964
2965
2966
2967
2968
2969
2970
2971
2972
2973
2974
2975
2976
2977
2978
2979
2980
2981
2982
2983
2984
2985
2986
2987
2988
2989
2990
2991
2992
2993
2994
2995
2996
2997
2998
2999
3000
3001
3002
3003
3004
3005
3006
3007
3008
3009
3010
3011
3012
3013
3014
3015
3016
3017
3018
3019
3020
3021
3022
3023
3024
3025
3026
3027
3028
3029
3030
3031
3032
3033
3034
3035
3036
3037
3038
3039
3040
3041
3042
3043
3044
3045
3046
3047
3048
3049
3050
3051
3052
3053
3054
3055
3056
3057
3058
3059
3060
3061
3062
3063
3064
3065
3066
3067
3068
3069
3070
3071
3072
3073
3074
3075
3076
3077
3078
3079
3080
3081
3082
3083
3084
3085
3086
3087
3088
3089
3090
3091
3092
3093
3094
3095
3096
3097
3098
3099
3100
3101
3102
3103
3104
3105
3106
3107
3108
3109
3110
3111
3112
3113
3114
3115
3116
3117
3118
3119
3120
3121
3122
3123
3124
3125
3126
3127
3128
3129
3130
3131
3132
3133
3134
3135
3136
3137
3138
3139
3140
3141
3142
3143
3144
3145
3146
3147
3148
3149
3150
3151
3152
3153
3154
3155
3156
3157
3158
3159
3160
3161
3162
3163
3164
3165
3166
3167
3168
3169
3170
3171
3172
3173
3174
3175
3176
3177
3178
3179
3180
3181
3182
3183
3184
3185
3186
3187
3188
3189
3190
3191
3192
3193
3194
3195
3196
3197
3198
3199
3200
3201
3202
3203
3204
3205
3206
3207
3208
3209
3210
3211
3212
3213
3214
3215
3216
3217
3218
3219
3220
3221
3222
3223
3224
3225
3226
3227
3228
3229
3230
3231
3232
3233
3234
3235
3236
3237
3238
3239
3240
3241
3242
3243
3244
3245
3246
3247
3248
3249
3250
3251
3252
3253
3254
3255
3256
3257
3258
3259
3260
3261
3262
3263
3264
3265
3266
3267
3268
3269
3270
3271
3272
3273
3274
3275
3276
3277
3278
3279
3280
3281
3282
3283
3284
3285
3286
3287
3288
3289
3290
3291
3292
3293
3294
3295
3296
3297
3298
3299
3300
3301
3302
3303
3304
3305
3306
3307
3308
3309
3310
3311
3312
3313
3314
3315
3316
3317
3318
3319
3320
3321
3322
3323
3324
3325
3326
3327
3328
3329
3330
3331
3332
3333
3334
3335
3336
3337
3338
3339
3340
3341
3342
3343
3344
3345
3346
3347
3348
3349
3350
3351
3352
3353
3354
3355
3356
3357
3358
3359
3360
3361
3362
3363
3364
3365
3366
3367
3368
3369
3370
3371
3372
3373
3374
3375
3376
3377
3378
3379
3380
3381
3382
3383
3384
3385
3386
3387
3388
3389
3390
3391
3392
3393
3394
3395
3396
3397
3398
3399
3400
3401
3402
3403
3404
3405
3406
3407
3408
3409
3410
3411
3412
3413
3414
3415
3416
3417
3418
3419
3420
3421
3422
3423
3424
3425
3426
3427
3428
3429
3430
3431
3432
3433
3434
3435
3436
3437
3438
3439
3440
3441
3442
3443
3444
3445
3446
3447
3448
3449
3450
3451
3452
3453
3454
3455
3456
3457
3458
3459
3460
3461
3462
3463
3464
3465
3466
3467
3468
3469
3470
3471
3472
3473
3474
3475
3476
3477
3478
3479
3480
3481
3482
3483
3484
3485
3486
3487
3488
3489
3490
3491
3492
3493
3494
3495
3496
3497
3498
3499
3500
3501
3502
3503
3504
3505
3506
3507
3508
3509
3510
3511
3512
3513
3514
3515
3516
3517
3518
3519
3520
3521
3522
3523
3524
3525
3526
3527
3528
3529
3530
3531
3532
3533
3534
3535
3536
3537
3538
3539
3540
3541
3542
3543
3544
3545
3546
3547
3548
3549
3550
3551
3552
3553
3554
3555
3556
3557
3558
3559
3560
3561
3562
3563
3564
3565
3566
3567
3568
3569
3570
3571
3572
3573
3574
3575
3576
3577
3578
3579
3580
3581
3582
3583
3584
3585
3586
3587
3588
3589
3590
3591
3592
3593
3594
3595
3596
3597
3598
3599
3600
3601
3602
3603
3604
3605
3606
3607
3608
3609
3610
3611
3612
3613
3614
3615
3616
3617
3618
3619
3620
3621
3622
3623
3624
3625
3626
3627
3628
3629
3630
3631
3632
3633
3634
3635
3636
3637
3638
3639
3640
3641
3642
3643
3644
3645
3646
3647
3648
3649
3650
3651
3652
3653
3654
3655
3656
3657
3658
3659
3660
3661
3662
3663
3664
3665
3666
3667
3668
3669
3670
3671
3672
3673
3674
3675
3676
3677
3678
3679
3680
3681
3682
3683
3684
3685
3686
3687
3688
3689
3690
3691
3692
3693
3694
3695
3696
3697
3698
3699
3700
3701
3702
3703
3704
3705
3706
3707
3708
3709
3710
3711
3712
3713
3714
3715
3716
3717
3718
3719
3720
3721
3722
3723
3724
3725
3726
3727
3728
3729
3730
3731
3732
3733
3734
3735
3736
3737
3738
3739
3740
3741
3742
3743
3744
3745
3746
3747
3748
3749
3750
3751
3752
3753
3754
3755
3756
3757
3758
3759
3760
3761
3762
3763
3764
3765
3766
3767
3768
3769
3770
3771
3772
3773
3774
3775
3776
3777
3778
3779
3780
3781
3782
3783
3784
3785
3786
3787
3788
3789
3790
3791
3792
3793
3794
3795
3796
3797
3798
3799
3800
3801
3802
3803
3804
3805
3806
3807
3808
3809
3810
3811
3812
3813
3814
3815
3816
3817
3818
3819
3820
3821
3822
3823
3824
3825
3826
3827
3828
3829
3830
3831
3832
3833
3834
3835
3836
3837
3838
3839
3840
3841
3842
3843
3844
3845
3846
3847
3848
3849
3850
3851
3852
3853
3854
3855
3856
3857
3858
3859
3860
3861
3862
3863
3864
3865
3866
3867
3868
3869
3870
3871
3872
3873
3874
3875
3876
3877
3878
3879
3880
3881
3882
3883
3884
3885
3886
3887
3888
3889
3890
3891
3892
3893
3894
3895
3896
3897
3898
3899
3900
3901
3902
3903
3904
3905
3906
3907
3908
3909
3910
3911
3912
3913
3914
3915
3916
3917
3918
3919
3920
3921
3922
3923
3924
3925
3926
3927
3928
3929
3930
3931
3932
3933
3934
3935
3936
3937
3938
3939
3940
3941
3942
3943
3944
3945
3946
3947
3948
3949
3950
3951
3952
3953
3954
3955
3956
3957
3958
3959
3960
3961
3962
3963
3964
3965
3966
3967
3968
3969
3970
3971
3972
3973
3974
3975
3976
3977
3978
3979
3980
3981
3982
3983
3984
3985
3986
3987
3988
3989
3990
3991
3992
3993
3994
3995
3996
3997
3998
3999
4000
4001
4002
4003
4004
4005
4006
4007
4008
4009
4010
4011
4012
4013
4014
4015
4016
4017
4018
4019
4020
4021
4022
4023
4024
4025
4026
4027
4028
4029
4030
4031
4032
4033
4034
4035
4036
4037
4038
4039
4040
4041
4042
4043
4044
4045
4046
4047
4048
4049
4050
4051
4052
4053
4054
4055
4056
4057
4058
4059
4060
4061
4062
4063
4064
4065
4066
4067
4068
4069
4070
4071
4072
4073
4074
4075
4076
4077
4078
4079
4080
4081
4082
4083
4084
4085
4086
4087
4088
4089
4090
4091
4092
4093
4094
4095
4096
4097
4098
4099
4100
4101
4102
4103
4104
4105
4106
4107
4108
4109
4110
4111
4112
4113
4114
4115
4116
4117
4118
4119
4120
4121
4122
4123
4124
4125
4126
4127
4128
4129
4130
4131
4132
4133
4134
4135
4136
4137
4138
4139
4140
4141
4142
4143
4144
4145
4146
4147
4148
4149
4150
4151
4152
4153
4154
4155
4156
4157
4158
4159
4160
4161
4162
4163
4164
4165
4166
4167
4168
4169
4170
4171
4172
4173
4174
4175
4176
4177
4178
4179
4180
4181
4182
4183
4184
4185
4186
4187
4188
4189
4190
4191
4192
4193
4194
4195
4196
4197
4198
4199
4200
4201
4202
4203
4204
4205
4206
4207
4208
4209
4210
4211
4212
4213
4214
4215
4216
4217
4218
4219
4220
4221
4222
4223
4224
4225
4226
4227
4228
4229
4230
4231
4232
4233
4234
4235
4236
4237
4238
4239
4240
4241
4242
4243
4244
4245
4246
4247
4248
4249
4250
4251
4252
4253
4254
4255
4256
4257
4258
4259
4260
4261
4262
4263
4264
4265
4266
4267
4268
4269
4270
4271
4272
4273
4274
4275
4276
4277
4278
4279
4280
4281
4282
4283
4284
4285
4286
4287
4288
4289
4290
4291
4292
4293
4294
4295
4296
4297
4298
4299
4300
4301
4302
4303
4304
4305
4306
4307
4308
4309
4310
4311
4312
4313
4314
4315
4316
4317
4318
4319
4320
4321
4322
4323
4324
4325
4326
4327
4328
4329
4330
4331
4332
4333
4334
4335
4336
4337
4338
4339
4340
4341
4342
4343
4344
4345
4346
4347
4348
4349
4350
4351
4352
4353
4354
4355
4356
4357
4358
4359
4360
4361
4362
4363
4364
4365
4366
4367
4368
4369
4370
4371
4372
4373
4374
4375
4376
4377
4378
4379
4380
4381
4382
4383
4384
4385
4386
4387
4388
4389
4390
4391
4392
4393
4394
4395
4396
4397
4398
4399
4400
4401
4402
4403
4404
4405
4406
4407
4408
4409
4410
4411
4412
4413
4414
4415
4416
4417
4418
4419
4420
4421
4422
4423
4424
4425
4426
4427
4428
4429
4430
4431
4432
4433
4434
4435
4436
4437
4438
4439
4440
4441
4442
4443
4444
4445
4446
4447
4448
4449
4450
4451
4452
4453
4454
4455
4456
4457
4458
4459
4460
4461
4462
4463
4464
4465
4466
4467
4468
4469
4470
4471
4472
4473
4474
4475
4476
4477
4478
4479
4480
4481
4482
4483
4484
4485
4486
4487
4488
4489
4490
4491
4492
4493
4494
4495
4496
4497
4498
4499
4500
4501
4502
4503
4504
4505
4506
4507
4508
4509
4510
4511
4512
4513
4514
4515
4516
4517
4518
4519
4520
4521
4522
4523
4524
4525
4526
4527
4528
4529
4530
4531
4532
4533
4534
4535
4536
4537
4538
4539
4540
4541
4542
4543
4544
4545
4546
4547
4548
4549
4550
4551
4552
4553
4554
4555
4556
4557
4558
4559
4560
4561
4562
4563
4564
4565
4566
4567
4568
4569
4570
4571
4572
4573
4574
4575
4576
4577
4578
4579
4580
4581
4582
4583
4584
4585
4586
4587
4588
4589
4590
4591
4592
4593
4594
4595
4596
4597
4598
4599
4600
4601
4602
4603
4604
4605
4606
4607
4608
4609
4610
4611
4612
4613
4614
4615
4616
4617
4618
4619
4620
4621
4622
4623
4624
4625
4626
4627
4628
4629
4630
4631
4632
4633
4634
4635
4636
4637
4638
4639
4640
4641
4642
4643
4644
4645
4646
4647
4648
4649
4650
4651
4652
4653
4654
4655
4656
4657
4658
4659
4660
4661
4662
4663
4664
4665
4666
4667
4668
4669
4670
4671
4672
4673
4674
4675
4676
4677
4678
4679
4680
4681
4682
4683
4684
4685
4686
4687
4688
4689
4690
4691
4692
4693
4694
4695
4696
4697
4698
4699
4700
4701
4702
4703
4704
4705
4706
4707
4708
4709
4710
4711
4712
4713
4714
4715
4716
4717
4718
4719
4720
4721
4722
4723
4724
4725
4726
4727
4728
4729
4730
4731
4732
4733
4734
4735
4736
4737
4738
4739
4740
4741
4742
4743
4744
4745
4746
4747
4748
4749
4750
4751
4752
4753
4754
4755
4756
4757
4758
4759
4760
4761
4762
4763
4764
4765
4766
4767
4768
4769
4770
4771
4772
4773
4774
4775
4776
4777
4778
4779
4780
4781
4782
4783
4784
4785
4786
4787
4788
4789
4790
4791
4792
4793
4794
4795
4796
4797
4798
4799
4800
4801
4802
4803
4804
4805
4806
4807
4808
4809
4810
4811
4812
4813
4814
4815
4816
4817
4818
4819
4820
4821
4822
4823
4824
4825
4826
4827
4828
4829
4830
4831
4832
4833
4834
4835
4836
4837
4838
4839
4840
4841
4842
4843
4844
4845
4846
4847
4848
4849
4850
4851
4852
4853
4854
4855
4856
4857
4858
4859
4860
4861
4862
4863
4864
4865
4866
4867
4868
4869
4870
4871
4872
4873
4874
4875
4876
4877
4878
4879
4880
4881
4882
4883
4884
4885
4886
4887
4888
4889
4890
4891
4892
4893
4894
4895
4896
4897
4898
4899
4900
4901
4902
4903
4904
4905
4906
4907
4908
4909
4910
4911
4912
4913
4914
4915
4916
4917
4918
4919
4920
4921
4922
4923
4924
4925
4926
4927
4928
4929
4930
4931
4932
4933
4934
4935
4936
4937
4938
4939
4940
4941
4942
4943
4944
4945
4946
4947
4948
4949
4950
4951
4952
4953
4954
4955
4956
4957
4958
4959
4960
4961
4962
4963
4964
4965
4966
4967
4968
4969
4970
4971
4972
4973
4974
4975
4976
4977
4978
4979
4980
4981
4982
4983
4984
4985
4986
4987
4988
4989
4990
4991
4992
4993
4994
4995
4996
4997
4998
4999
5000
5001
5002
5003
5004
5005
5006
5007
5008
5009
5010
5011
5012
5013
5014
5015
5016
5017
5018
5019
5020
5021
5022
5023
5024
5025
5026
5027
5028
5029
5030
5031
5032
5033
5034
5035
5036
5037
5038
5039
5040
5041
5042
5043
5044
5045
5046
5047
5048
5049
5050
5051
5052
5053
5054
5055
5056
5057
5058
5059
5060
5061
5062
5063
5064
5065
5066
5067
5068
5069
5070
5071
5072
5073
5074
5075
5076
5077
5078
5079
5080
5081
5082
5083
5084
5085
5086
5087
5088
5089
5090
5091
5092
5093
5094
5095
5096
5097
5098
5099
5100
5101
5102
5103
5104
5105
5106
5107
5108
5109
5110
5111
5112
5113
5114
5115
5116
5117
5118
5119
5120
5121
5122
5123
5124
5125
5126
5127
5128
5129
5130
5131
5132
5133
5134
5135
5136
5137
5138
5139
5140
5141
5142
5143
5144
5145
5146
5147
5148
5149
5150
5151
5152
5153
5154
5155
5156
5157
5158
5159
5160
5161
5162
5163
5164
5165
5166
5167
5168
5169
5170
5171
5172
5173
5174
5175
5176
5177
5178
5179
5180
5181
5182
5183
5184
5185
5186
5187
5188
5189
5190
5191
5192
5193
5194
5195
5196
5197
5198
5199
5200
5201
5202
5203
5204
5205
5206
5207
5208
5209
5210
5211
5212
5213
5214
5215
5216
5217
5218
5219
5220
5221
5222
5223
5224
5225
5226
5227
5228
5229
5230
5231
5232
5233
5234
5235
5236
5237
5238
5239
5240
5241
5242
5243
5244
5245
5246
5247
5248
5249
5250
5251
5252
5253
5254
5255
5256
5257
5258
5259
5260
5261
5262
5263
5264
5265
5266
5267
5268
5269
5270
5271
5272
5273
5274
5275
5276
5277
5278
5279
5280
5281
5282
5283
5284
5285
5286
5287
5288
5289
5290
5291
5292
5293
5294
5295
5296
5297
5298
5299
5300
5301
5302
5303
5304
5305
5306
5307
5308
5309
5310
5311
5312
5313
5314
5315
5316
5317
5318
5319
5320
5321
5322
5323
5324
5325
5326
5327
5328
5329
5330
5331
5332
5333
5334
5335
5336
5337
5338
5339
5340
5341
5342
5343
5344
5345
5346
5347
5348
5349
5350
5351
5352
5353
5354
5355
5356
5357
5358
5359
5360
5361
5362
5363
5364
5365
5366
5367
5368
5369
5370
5371
5372
5373
5374
5375
5376
5377
5378
5379
5380
5381
5382
5383
5384
5385
5386
5387
5388
5389
5390
5391
5392
5393
5394
5395
5396
5397
5398
5399
5400
5401
5402
5403
5404
5405
5406
5407
5408
5409
5410
5411
5412
5413
5414
5415
5416
5417
5418
5419
5420
5421
5422
5423
5424
5425
5426
5427
5428
5429
5430
5431
5432
5433
5434
5435
5436
5437
5438
5439
5440
5441
5442
5443
5444
5445
5446
5447
5448
5449
5450
5451
5452
5453
5454
5455
5456
5457
5458
5459
5460
5461
5462
5463
5464
5465
5466
5467
5468
5469
5470
5471
5472
5473
5474
5475
5476
5477
5478
5479
5480
5481
5482
5483
5484
5485
5486
5487
5488
5489
5490
5491
5492
5493
5494
5495
5496
5497
5498
5499
5500
5501
5502
5503
5504
5505
5506
5507
5508
5509
5510
5511
5512
5513
5514
5515
5516
5517
5518
5519
5520
5521
5522
5523
5524
5525
5526
5527
5528
5529
5530
5531
5532
5533
5534
5535
5536
5537
5538
5539
5540
5541
5542
5543
5544
5545
5546
5547
5548
5549
5550
5551
5552
5553
5554
5555
5556
5557
5558
5559
5560
5561
5562
5563
5564
5565
5566
5567
5568
5569
5570
5571
5572
5573
5574
5575
5576
5577
5578
5579
5580
5581
5582
5583
5584
5585
5586
5587
5588
5589
5590
5591
5592
5593
5594
5595
5596
5597
5598
5599
5600
5601
5602
5603
5604
5605
5606
5607
5608
5609
5610
5611
5612
5613
5614
5615
5616
5617
5618
5619
5620
5621
5622
5623
5624
5625
5626
5627
5628
5629
5630
5631
5632
5633
5634
5635
5636
5637
5638
5639
5640
5641
5642
5643
5644
5645
5646
5647
5648
5649
5650
5651
5652
5653
5654
5655
5656
5657
5658
5659
5660
5661
5662
5663
5664
5665
5666
5667
5668
5669
5670
5671
5672
5673
5674
5675
5676
5677
5678
5679
5680
5681
5682
5683
5684
5685
5686
5687
5688
5689
5690
5691
5692
5693
5694
5695
5696
5697
5698
5699
5700
5701
5702
5703
5704
5705
5706
5707
5708
5709
5710
5711
5712
5713
5714
5715
5716
5717
5718
5719
5720
5721
5722
5723
5724
5725
5726
5727
5728
5729
5730
5731
5732
5733
5734
5735
5736
5737
5738
5739
5740
5741
5742
5743
5744
5745
5746
5747
5748
5749
5750
5751
5752
5753
5754
5755
5756
5757
5758
5759
5760
5761
5762
5763
5764
5765
5766
5767
5768
5769
5770
5771
5772
5773
5774
5775
5776
5777
5778
5779
5780
5781
5782
5783
5784
5785
5786
5787
5788
5789
5790
5791
5792
5793
5794
5795
5796
5797
5798
5799
5800
5801
5802
5803
5804
5805
5806
5807
5808
5809
5810
5811
5812
5813
5814
5815
5816
5817
5818
5819
5820
5821
5822
5823
5824
5825
5826
5827
5828
5829
5830
5831
5832
5833
5834
5835
5836
5837
5838
5839
5840
5841
5842
5843
5844
5845
5846
5847
5848
5849
5850
5851
5852
5853
5854
5855
5856
5857
5858
5859
5860
5861
5862
5863
5864
5865
5866
5867
5868
5869
5870
5871
5872
5873
5874
5875
5876
5877
5878
5879
5880
5881
5882
5883
5884
5885
5886
5887
5888
5889
5890
5891
5892
5893
5894
5895
5896
5897
5898
5899
5900
5901
5902
5903
5904
5905
5906
5907
5908
5909
5910
5911
5912
5913
5914
5915
5916
5917
5918
5919
5920
5921
5922
5923
5924
5925
5926
5927
5928
5929
5930
5931
5932
5933
5934
5935
5936
5937
5938
5939
5940
5941
5942
5943
5944
5945
5946
5947
5948
5949
5950
5951
5952
5953
5954
5955
5956
5957
5958
5959
5960
5961
5962
5963
5964
5965
5966
5967
5968
5969
5970
5971
5972
5973
5974
5975
5976
5977
5978
5979
5980
5981
5982
5983
5984
5985
5986
5987
5988
5989
5990
5991
5992
5993
5994
5995
5996
5997
5998
5999
6000
6001
6002
6003
6004
6005
6006
6007
6008
6009
6010
6011
6012
6013
6014
6015
6016
6017
6018
6019
6020
6021
6022
6023
6024
6025
6026
6027
6028
6029
6030
6031
6032
6033
6034
6035
6036
6037
6038
6039
6040
6041
6042
6043
6044
6045
6046
6047
6048
6049
6050
6051
6052
6053
6054
6055
6056
6057
6058
6059
6060
6061
6062
6063
6064
6065
6066
6067
6068
6069
6070
6071
6072
6073
6074
6075
6076
6077
6078
6079
6080
6081
6082
6083
6084
6085
6086
6087
6088
6089
6090
6091
6092
6093
6094
6095
6096
6097
6098
6099
6100
6101
6102
6103
6104
6105
6106
6107
6108
6109
6110
6111
6112
6113
6114
6115
6116
6117
6118
6119
6120
6121
6122
6123
6124
6125
6126
6127
6128
6129
6130
6131
6132
6133
6134
6135
6136
6137
6138
6139
6140
6141
6142
6143
6144
6145
6146
6147
6148
6149
6150
6151
6152
6153
6154
6155
6156
6157
6158
6159
6160
6161
6162
6163
6164
6165
6166
6167
6168
6169
6170
6171
6172
6173
6174
6175
6176
6177
6178
6179
6180
6181
6182
6183
6184
6185
6186
6187
6188
6189
6190
6191
6192
6193
6194
6195
6196
6197
6198
6199
6200
6201
6202
6203
6204
6205
6206
6207
6208
6209
6210
6211
6212
6213
6214
6215
6216
6217
6218
6219
6220
6221
6222
6223
6224
6225
6226
6227
6228
6229
6230
6231
6232
6233
6234
6235
6236
6237
6238
6239
6240
6241
6242
6243
6244
6245
6246
6247
6248
6249
6250
6251
6252
6253
6254
6255
6256
6257
6258
6259
6260
6261
6262
6263
6264
6265
6266
6267
6268
6269
6270
6271
6272
6273
6274
6275
6276
6277
6278
6279
6280
6281
6282
6283
6284
6285
6286
6287
6288
6289
6290
6291
6292
6293
6294
6295
6296
6297
6298
6299
6300
6301
6302
6303
6304
6305
6306
6307
6308
6309
6310
6311
6312
6313
6314
6315
6316
6317
6318
6319
6320
6321
6322
6323
6324
6325
6326
6327
6328
6329
6330
6331
6332
6333
6334
6335
6336
6337
6338
6339
6340
6341
6342
6343
6344
6345
6346
6347
6348
6349
6350
6351
6352
6353
6354
6355
6356
6357
6358
6359
6360
6361
6362
6363
6364
6365
6366
6367
6368
6369
6370
6371
6372
6373
6374
6375
6376
6377
6378
6379
6380
6381
6382
6383
6384
6385
6386
6387
6388
6389
6390
6391
6392
6393
6394
6395
6396
6397
6398
6399
6400
6401
6402
6403
6404
6405
6406
6407
6408
6409
6410
6411
6412
6413
6414
6415
6416
6417
6418
6419
6420
6421
6422
6423
6424
6425
6426
6427
6428
6429
6430
6431
6432
6433
6434
6435
6436
6437
6438
6439
6440
6441
6442
6443
6444
6445
6446
6447
6448
6449
6450
6451
6452
6453
6454
6455
6456
6457
6458
6459
6460
6461
6462
6463
6464
6465
6466
6467
6468
6469
6470
6471
6472
6473
6474
6475
6476
6477
6478
6479
6480
6481
6482
6483
6484
6485
6486
6487
6488
6489
6490
6491
6492
6493
6494
6495
6496
6497
6498
6499
6500
6501
6502
6503
6504
6505
6506
6507
6508
6509
6510
6511
6512
6513
6514
6515
6516
6517
6518
6519
6520
6521
6522
6523
6524
6525
6526
6527
6528
6529
6530
6531
6532
6533
6534
6535
6536
6537
6538
6539
6540
6541
6542
6543
6544
6545
6546
6547
6548
6549
6550
6551
6552
6553
6554
6555
6556
6557
6558
6559
6560
6561
6562
6563
6564
6565
6566
6567
6568
6569
6570
6571
6572
6573
6574
6575
6576
6577
6578
6579
6580
6581
6582
6583
6584
6585
6586
6587
6588
6589
6590
6591
6592
6593
6594
6595
6596
6597
6598
6599
6600
6601
6602
6603
6604
6605
6606
6607
6608
6609
6610
6611
6612
6613
6614
6615
6616
6617
6618
6619
6620
6621
6622
6623
6624
6625
6626
6627
6628
6629
6630
6631
6632
6633
6634
6635
6636
6637
6638
6639
6640
6641
6642
6643
6644
6645
6646
6647
6648
6649
6650
6651
6652
6653
6654
6655
6656
6657
6658
6659
6660
6661
6662
6663
6664
6665
6666
6667
6668
6669
6670
6671
6672
6673
6674
6675
6676
6677
6678
6679
6680
6681
6682
6683
6684
6685
6686
6687
6688
6689
6690
6691
6692
6693
6694
6695
6696
6697
6698
6699
6700
6701
6702
6703
6704
6705
6706
6707
6708
6709
6710
6711
6712
6713
6714
6715
6716
6717
6718
6719
6720
6721
6722
6723
6724
6725
6726
6727
6728
6729
6730
6731
6732
6733
6734
6735
6736
6737
6738
6739
6740
6741
6742
6743
6744
6745
6746
6747
6748
6749
6750
6751
6752
6753
6754
6755
6756
6757
6758
6759
6760
6761
6762
6763
6764
6765
6766
6767
6768
6769
6770
6771
6772
6773
6774
6775
6776
6777
6778
6779
6780
6781
6782
6783
6784
6785
6786
6787
6788
6789
6790
6791
6792
6793
6794
6795
6796
6797
6798
6799
6800
6801
6802
6803
6804
6805
6806
6807
6808
6809
6810
6811
6812
6813
6814
6815
6816
6817
6818
6819
6820
6821
6822
6823
6824
6825
6826
6827
6828
6829
6830
6831
6832
6833
6834
6835
6836
6837
6838
6839
6840
6841
6842
6843
6844
6845
6846
6847
6848
6849
6850
6851
6852
6853
6854
6855
6856
6857
6858
6859
6860
6861
6862
6863
6864
6865
6866
6867
6868
6869
6870
6871
6872
6873
6874
6875
6876
6877
6878
6879
6880
6881
6882
6883
6884
6885
6886
6887
6888
6889
6890
6891
6892
6893
6894
6895
6896
6897
6898
6899
6900
6901
6902
6903
6904
6905
6906
6907
6908
6909
6910
6911
6912
6913
6914
6915
6916
6917
6918
6919
6920
6921
6922
6923
6924
6925
6926
6927
6928
6929
6930
6931
6932
6933
6934
6935
6936
6937
6938
6939
6940
6941
6942
6943
6944
6945
6946
6947
6948
6949
6950
6951
6952
6953
6954
6955
6956
6957
6958
6959
6960
6961
6962
6963
6964
6965
6966
6967
6968
6969
6970
6971
6972
6973
6974
6975
6976
6977
6978
6979
6980
6981
6982
6983
6984
6985
6986
6987
6988
6989
6990
6991
6992
6993
6994
6995
6996
6997
6998
6999
7000
7001
7002
7003
7004
7005
7006
7007
7008
7009
7010
7011
7012
7013
7014
7015
7016
7017
7018
7019
7020
7021
7022
7023
7024
7025
7026
7027
7028
7029
7030
7031
7032
7033
7034
7035
7036
7037
7038
7039
7040
7041
7042
7043
7044
7045
7046
7047
7048
7049
7050
7051
7052
7053
7054
7055
7056
7057
7058
7059
7060
7061
7062
7063
7064
7065
7066
7067
7068
7069
7070
7071
7072
7073
7074
7075
7076
7077
7078
7079
7080
7081
7082
7083
7084
7085
7086
7087
7088
7089
7090
7091
7092
7093
7094
7095
7096
7097
7098
7099
7100
7101
7102
7103
7104
7105
7106
7107
7108
7109
7110
7111
7112
7113
7114
7115
7116
7117
7118
7119
7120
7121
7122
7123
7124
7125
7126
7127
7128
7129
7130
7131
7132
7133
7134
7135
7136
7137
7138
7139
7140
7141
7142
7143
7144
7145
7146
7147
7148
7149
7150
7151
7152
7153
7154
7155
7156
7157
7158
7159
7160
7161
7162
7163
7164
7165
7166
7167
7168
7169
7170
7171
7172
7173
7174
7175
7176
7177
7178
7179
7180
7181
7182
7183
7184
7185
7186
7187
7188
7189
7190
7191
7192
7193
7194
7195
7196
7197
7198
7199
7200
7201
7202
7203
7204
7205
7206
7207
7208
7209
7210
7211
7212
7213
7214
7215
7216
7217
7218
7219
7220
7221
7222
7223
7224
7225
7226
7227
7228
7229
7230
7231
7232
7233
7234
7235
7236
7237
7238
7239
7240
7241
7242
7243
7244
7245
7246
7247
7248
7249
7250
7251
7252
7253
7254
7255
7256
7257
7258
7259
7260
7261
7262
7263
7264
7265
7266
7267
7268
7269
7270
7271
7272
7273
7274
7275
7276
7277
7278
7279
7280
7281
7282
7283
7284
7285
7286
7287
7288
7289
7290
7291
7292
7293
7294
7295
7296
7297
7298
7299
7300
7301
7302
7303
7304
7305
7306
7307
7308
7309
7310
7311
7312
7313
7314
7315
7316
7317
7318
7319
7320
7321
7322
7323
7324
7325
7326
7327
7328
7329
7330
7331
7332
7333
7334
7335
7336
7337
7338
7339
7340
7341
7342
7343
7344
7345
7346
7347
7348
7349
7350
7351
7352
7353
7354
7355
7356
7357
7358
7359
7360
7361
7362
7363
7364
7365
7366
7367
7368
7369
7370
7371
7372
7373
7374
7375
7376
7377
7378
7379
7380
7381
7382
7383
7384
7385
7386
7387
7388
7389
7390
7391
7392
7393
7394
7395
7396
7397
7398
7399
7400
7401
7402
7403
7404
7405
7406
7407
7408
7409
7410
7411
7412
7413
7414
7415
7416
7417
7418
7419
7420
7421
7422
7423
7424
7425
7426
7427
7428
7429
7430
7431
7432
7433
7434
7435
7436
7437
7438
7439
7440
7441
7442
7443
7444
7445
7446
7447
7448
7449
7450
7451
7452
7453
7454
7455
7456
7457
7458
7459
7460
7461
7462
7463
7464
7465
7466
7467
7468
7469
7470
7471
7472
7473
7474
7475
7476
7477
7478
7479
7480
7481
7482
7483
7484
7485
7486
7487
7488
7489
7490
7491
7492
7493
7494
7495
7496
7497
7498
7499
7500
7501
7502
7503
7504
7505
7506
7507
7508
7509
7510
7511
7512
7513
7514
7515
7516
7517
7518
7519
7520
7521
7522
7523
7524
7525
7526
7527
7528
7529
7530
7531
7532
7533
7534
7535
7536
7537
7538
7539
7540
7541
7542
7543
7544
7545
7546
7547
7548
7549
7550
7551
7552
7553
7554
7555
7556
7557
7558
7559
7560
7561
7562
7563
7564
7565
7566
7567
7568
7569
7570
7571
7572
7573
7574
7575
7576
7577
7578
7579
7580
7581
7582
7583
7584
7585
7586
7587
7588
7589
7590
7591
7592
7593
7594
7595
7596
7597
7598
7599
7600
7601
7602
7603
7604
7605
7606
7607
7608
7609
7610
7611
7612
7613
7614
7615
7616
7617
7618
7619
7620
7621
7622
7623
7624
7625
7626
7627
7628
7629
7630
7631
7632
7633
7634
7635
7636
7637
7638
7639
7640
7641
7642
7643
7644
7645
7646
7647
7648
7649
7650
7651
7652
7653
7654
7655
7656
7657
7658
7659
7660
7661
7662
7663
7664
7665
7666
7667
7668
7669
7670
7671
7672
7673
7674
7675
7676
7677
7678
7679
7680
7681
7682
7683
7684
7685
7686
7687
7688
7689
7690
7691
7692
7693
7694
7695
7696
7697
7698
7699
7700
7701
7702
7703
7704
7705
7706
7707
7708
7709
7710
7711
7712
7713
7714
7715
7716
7717
7718
7719
7720
7721
7722
7723
7724
7725
7726
7727
7728
7729
7730
7731
7732
7733
7734
7735
7736
7737
7738
7739
7740
7741
7742
7743
7744
7745
7746
7747
7748
7749
7750
7751
7752
7753
7754
7755
7756
7757
7758
7759
7760
7761
7762
7763
7764
7765
7766
7767
7768
7769
7770
7771
7772
7773
7774
7775
7776
7777
7778
7779
7780
7781
7782
7783
7784
7785
7786
7787
7788
7789
7790
7791
7792
7793
7794
7795
7796
7797
7798
7799
7800
7801
7802
7803
7804
7805
7806
7807
7808
7809
7810
7811
7812
7813
7814
7815
7816
7817
7818
7819
7820
7821
7822
7823
7824
7825
7826
7827
7828
7829
7830
7831
7832
7833
7834
7835
7836
7837
7838
7839
7840
7841
7842
7843
7844
7845
7846
7847
7848
7849
7850
7851
7852
7853
7854
7855
7856
7857
7858
7859
7860
7861
7862
7863
7864
7865
7866
7867
7868
7869
7870
7871
7872
7873
7874
7875
7876
7877
7878
7879
7880
7881
7882
7883
7884
7885
7886
7887
7888
7889
7890
7891
7892
7893
7894
7895
7896
7897
7898
7899
7900
7901
7902
7903
7904
7905
7906
7907
7908
7909
7910
7911
7912
7913
7914
7915
7916
7917
7918
7919
7920
7921
7922
7923
7924
7925
7926
7927
7928
7929
7930
7931
7932
7933
7934
7935
7936
7937
7938
7939
7940
7941
7942
7943
7944
7945
7946
7947
7948
7949
7950
7951
7952
7953
7954
7955
7956
7957
7958
7959
7960
7961
7962
7963
7964
7965
7966
7967
7968
7969
7970
7971
7972
7973
7974
7975
7976
7977
7978
7979
7980
7981
7982
7983
7984
7985
7986
7987
7988
7989
7990
7991
7992
7993
7994
7995
7996
7997
7998
7999
8000
8001
8002
8003
8004
8005
8006
8007
8008
8009
8010
8011
8012
8013
8014
8015
8016
8017
8018
8019
8020
8021
8022
8023
8024
8025
8026
8027
8028
8029
8030
8031
8032
8033
8034
8035
8036
8037
8038
8039
8040
8041
8042
8043
8044
8045
8046
8047
8048
8049
8050
8051
8052
8053
8054
8055
8056
8057
8058
8059
8060
8061
8062
8063
8064
8065
8066
8067
8068
8069
8070
8071
8072
8073
8074
8075
8076
8077
8078
8079
8080
8081
8082
8083
8084
8085
8086
8087
8088
8089
8090
8091
8092
8093
8094
8095
8096
8097
8098
8099
8100
8101
8102
8103
8104
8105
8106
8107
8108
8109
8110
8111
8112
8113
8114
8115
8116
8117
8118
8119
8120
8121
8122
8123
8124
8125
8126
8127
8128
8129
8130
8131
8132
8133
8134
8135
8136
8137
8138
8139
8140
8141
8142
8143
8144
8145
8146
8147
8148
8149
8150
8151
8152
8153
8154
8155
8156
8157
8158
8159
8160
8161
8162
8163
8164
8165
8166
8167
8168
8169
8170
8171
8172
8173
8174
8175
8176
8177
8178
8179
8180
8181
8182
8183
8184
8185
8186
8187
8188
8189
8190
8191
8192
8193
8194
8195
8196
8197
8198
8199
8200
8201
8202
8203
8204
8205
8206
8207
8208
8209
8210
8211
8212
8213
8214
8215
8216
8217
8218
8219
8220
8221
8222
8223
8224
8225
8226
8227
8228
8229
8230
8231
8232
8233
8234
8235
8236
8237
8238
8239
8240
8241
8242
8243
8244
8245
8246
8247
8248
8249
8250
8251
8252
8253
8254
8255
8256
8257
8258
8259
8260
8261
8262
8263
8264
8265
8266
8267
8268
8269
8270
8271
8272
8273
8274
8275
8276
8277
8278
8279
8280
8281
8282
8283
8284
8285
8286
8287
8288
8289
8290
8291
8292
8293
8294
8295
8296
8297
8298
8299
8300
8301
8302
8303
8304
8305
8306
8307
8308
8309
8310
8311
8312
8313
8314
8315
8316
8317
8318
8319
8320
8321
8322
8323
8324
8325
8326
8327
8328
8329
8330
8331
8332
8333
8334
8335
8336
8337
8338
8339
8340
8341
8342
8343
8344
8345
8346
8347
8348
8349
8350
8351
8352
8353
8354
8355
8356
8357
8358
8359
8360
8361
8362
8363
8364
8365
8366
8367
8368
8369
8370
8371
8372
8373
8374
8375
8376
8377
8378
8379
8380
8381
8382
8383
8384
8385
8386
8387
8388
8389
8390
8391
8392
8393
8394
8395
8396
8397
8398
8399
8400
8401
8402
8403
8404
8405
8406
8407
8408
8409
8410
8411
8412
8413
8414
8415
8416
8417
8418
8419
8420
8421
8422
8423
8424
8425
8426
8427
8428
8429
8430
8431
8432
8433
8434
8435
8436
8437
8438
8439
8440
8441
8442
8443
8444
8445
8446
8447
8448
8449
8450
8451
8452
8453
8454
8455
8456
8457
8458
8459
8460
8461
8462
8463
8464
8465
8466
8467
8468
8469
8470
8471
8472
8473
8474
8475
8476
8477
8478
8479
8480
8481
8482
8483
8484
8485
8486
8487
8488
8489
8490
8491
8492
8493
8494
8495
8496
8497
8498
8499
8500
8501
8502
8503
8504
8505
8506
8507
8508
8509
8510
8511
8512
8513
8514
8515
8516
8517
8518
8519
8520
8521
8522
8523
8524
8525
8526
8527
8528
8529
8530
8531
8532
8533
8534
8535
8536
8537
8538
8539
8540
8541
8542
8543
8544
8545
8546
8547
8548
8549
8550
8551
8552
8553
8554
8555
8556
8557
8558
8559
8560
8561
8562
8563
8564
8565
8566
8567
8568
8569
8570
8571
8572
8573
8574
8575
8576
8577
8578
8579
8580
8581
8582
8583
8584
8585
8586
8587
8588
8589
8590
8591
8592
8593
8594
8595
8596
8597
8598
8599
8600
8601
8602
8603
8604
8605
8606
8607
8608
8609
8610
8611
8612
8613
8614
8615
8616
8617
8618
8619
8620
8621
8622
8623
8624
8625
8626
8627
8628
8629
8630
8631
8632
8633
8634
8635
8636
8637
8638
8639
8640
8641
8642
8643
8644
8645
8646
8647
8648
8649
8650
8651
8652
8653
8654
8655
8656
8657
8658
8659
8660
8661
8662
8663
8664
8665
8666
8667
8668
8669
8670
8671
8672
8673
8674
8675
8676
8677
8678
8679
8680
8681
8682
8683
8684
8685
8686
8687
8688
8689
8690
8691
8692
8693
8694
8695
8696
8697
8698
8699
8700
8701
8702
8703
8704
8705
8706
8707
8708
8709
8710
8711
8712
8713
8714
8715
8716
8717
8718
8719
8720
8721
8722
8723
8724
8725
8726
8727
8728
8729
8730
8731
8732
8733
8734
8735
8736
8737
8738
8739
8740
8741
8742
8743
8744
8745
8746
8747
8748
8749
8750
8751
8752
8753
8754
8755
8756
8757
8758
8759
8760
8761
8762
8763
8764
8765
8766
8767
8768
8769
8770
8771
8772
8773
8774
8775
8776
8777
8778
8779
8780
8781
8782
8783
8784
8785
8786
8787
8788
8789
8790
8791
8792
8793
8794
8795
8796
8797
8798
8799
8800
8801
8802
8803
8804
8805
8806
8807
8808
8809
8810
8811
8812
8813
8814
8815
8816
8817
8818
8819
8820
8821
8822
8823
8824
8825
8826
8827
8828
8829
8830
8831
8832
8833
8834
8835
8836
8837
8838
8839
8840
8841
8842
8843
8844
8845
8846
8847
8848
8849
8850
8851
8852
8853
8854
8855
8856
8857
8858
8859
8860
8861
8862
8863
8864
8865
8866
8867
8868
8869
8870
8871
8872
8873
8874
8875
8876
8877
8878
8879
8880
8881
8882
8883
8884
8885
8886
8887
8888
8889
8890
8891
8892
8893
8894
8895
8896
8897
8898
8899
8900
8901
8902
8903
8904
8905
8906
8907
8908
8909
8910
8911
8912
8913
8914
8915
8916
8917
8918
8919
8920
8921
8922
8923
8924
8925
8926
8927
8928
8929
8930
8931
8932
8933
8934
8935
8936
8937
8938
8939
8940
8941
8942
8943
8944
8945
8946
8947
8948
8949
8950
8951
8952
8953
8954
8955
8956
8957
8958
8959
8960
8961
8962
8963
8964
8965
8966
8967
8968
8969
8970
8971
8972
8973
8974
8975
8976
8977
8978
8979
8980
8981
8982
8983
8984
8985
8986
8987
8988
8989
8990
8991
8992
8993
8994
8995
8996
8997
8998
8999
9000
9001
9002
9003
9004
9005
9006
9007
9008
9009
9010
9011
9012
9013
9014
9015
9016
9017
9018
9019
9020
9021
9022
9023
9024
9025
9026
9027
9028
9029
9030
9031
9032
9033
9034
9035
9036
9037
9038
9039
9040
9041
9042
9043
9044
9045
9046
9047
9048
9049
9050
9051
9052
9053
9054
9055
9056
9057
9058
9059
9060
9061
9062
9063
9064
9065
9066
9067
9068
9069
9070
9071
9072
9073
9074
9075
9076
9077
9078
9079
9080
9081
9082
9083
9084
9085
9086
9087
9088
9089
9090
9091
9092
9093
9094
9095
9096
9097
9098
9099
9100
9101
9102
9103
9104
9105
9106
9107
9108
9109
9110
9111
9112
9113
9114
9115
9116
9117
9118
9119
9120
9121
9122
9123
9124
9125
9126
9127
9128
9129
9130
9131
9132
9133
9134
9135
9136
9137
9138
9139
9140
9141
9142
9143
9144
9145
9146
9147
9148
9149
9150
9151
9152
9153
9154
9155
9156
9157
9158
9159
9160
9161
9162
9163
9164
9165
9166
9167
9168
9169
9170
9171
9172
9173
9174
9175
9176
9177
9178
9179
9180
9181
9182
9183
9184
9185
9186
9187
9188
9189
9190
9191
9192
9193
9194
9195
9196
9197
9198
9199
9200
9201
9202
9203
9204
9205
9206
9207
9208
9209
9210
9211
9212
9213
9214
9215
9216
9217
9218
9219
9220
9221
9222
9223
9224
9225
9226
9227
9228
9229
9230
9231
9232
9233
9234
9235
9236
9237
9238
9239
9240
9241
9242
9243
9244
9245
9246
9247
9248
9249
9250
9251
9252
9253
9254
9255
9256
9257
9258
9259
9260
9261
9262
9263
9264
9265
9266
9267
9268
9269
9270
9271
9272
9273
9274
9275
9276
9277
9278
9279
9280
9281
9282
9283
9284
9285
9286
9287
9288
9289
9290
9291
9292
9293
9294
9295
9296
9297
9298
9299
9300
9301
9302
9303
9304
9305
9306
9307
9308
9309
9310
9311
9312
9313
9314
9315
9316
9317
9318
9319
9320
9321
9322
9323
9324
9325
9326
9327
9328
9329
9330
9331
9332
9333
9334
9335
9336
9337
9338
9339
9340
9341
9342
9343
9344
9345
9346
9347
9348
9349
9350
9351
9352
9353
9354
9355
9356
9357
9358
9359
9360
9361
9362
9363
9364
9365
9366
9367
9368
9369
9370
9371
9372
9373
9374
9375
9376
9377
9378
9379
9380
9381
9382
9383
9384
9385
9386
9387
9388
9389
9390
9391
9392
9393
9394
9395
9396
9397
9398
9399
9400
9401
9402
9403
9404
9405
9406
9407
9408
9409
9410
9411
9412
9413
9414
9415
9416
9417
9418
9419
9420
9421
9422
9423
9424
9425
9426
9427
9428
9429
9430
9431
9432
9433
9434
9435
9436
9437
9438
9439
9440
9441
9442
9443
9444
9445
9446
9447
9448
9449
9450
9451
9452
9453
9454
9455
9456
9457
9458
9459
9460
9461
9462
9463
9464
9465
9466
9467
9468
9469
9470
9471
9472
9473
9474
9475
9476
9477
9478
9479
9480
9481
9482
9483
9484
9485
9486
9487
9488
9489
9490
9491
9492
9493
9494
9495
9496
9497
9498
9499
9500
9501
9502
9503
9504
9505
9506
9507
9508
9509
9510
9511
9512
9513
9514
9515
9516
9517
9518
9519
9520
9521
9522
9523
9524
9525
9526
9527
9528
9529
9530
9531
9532
9533
9534
9535
9536
9537
9538
9539
9540
9541
9542
9543
9544
9545
9546
9547
9548
9549
9550
9551
9552
9553
9554
9555
9556
9557
9558
9559
9560
9561
9562
9563
9564
9565
9566
9567
9568
9569
9570
9571
9572
9573
9574
9575
9576
9577
9578
9579
9580
9581
9582
9583
9584
9585
9586
9587
9588
9589
9590
9591
9592
9593
9594
9595
9596
9597
9598
9599
0.2359042564192357 0.007486793046981016 0
0.007603629298610888 0.2450144479055348 0
0.2985726301674542 0.007060231422666376 0
0.007567301583967787 0.307267032356352 0
0.3611501525305339 0.007191626979777756 0
0.007531612413154911 0.369530328737164 0
0.9914694712288417 0.1994113201455036 0
0.1998450090952101 0.9932085386518983 0
0.007732369676593095 0.7901785714286393 0
0.7895438869645672 0.007314622920611724 0
0.00733029031872607 0.7276853509094018 0
0.7272889345913558 0.007390675096100398 0
0.007353878976920582 0.6651785714295061 0
0.6651785714276897 0.007732369676667129 0
0.007556081091973635 0.6030453977574092 0
0.6022812152675977 0.007391327893058805 0
0.008410925148877181 0.5396467841856546 0
0.5400563948383346 0.007263276941607695 0
0.4776785714273195 0.007732369676624223 0
0.008406015475230701 0.477366872382494 0
0.4223870268147565 0.3922438845556022 0
0.3922865724909097 0.4224619597032833 0
0.392244714278907 0.5119405891633804 0
0.5118277936908111 0.3919574884459326 0
0.3922430921297129 0.5746335538273271 0
0.5746270304568581 0.392244764967632 0
0.3922431058751875 0.6373182525706476 0
0.6374085117640066 0.392297801416522 0
0.3922438027388196 0.7000030573214546 0
0.7001099678030827 0.3920995400558282 0
0.3922445486228158 0.7626865671635267 0
0.7626366940751184 0.3923472770287533 0
0.007241857837357729 0.4245867894523354 0
0.007732369676678955 0.1919642857150848 0
0.4148194298507901 0.007130129491587732 0
0.8161121559211979 0.3919410387443537 0
0.3912375351579247 0.8171073277346805 0
0.1823283150789924 0.007185984780773714 0
0.007353711960158264 0.8436308182364203 0
0.8435987201958214 0.00753949995680326 0
0.992265812250114 0.2539547010382435 0
0.253016096784447 0.9927677343440533 0
0.146166486578741 0.99301880350345 0
0.9927997072206849 0.1470510004767127 0
0.007546771491121344 0.1374272006141802 0
0.3929275465030249 0.8611945744660126 0
0.8609672148511321 0.3918988289181202 0
0.3928549120317603 0.4668411806545655 0
0.4671468456060721 0.3921247215263259 0
0.1376829318560789 0.007488823684957146 0
0.007482636320112725 0.8890510754212315 0
0.8883941674237825 0.007732036880653652 0
0.9927086415530445 0.2972722526957341 0
0.2975213390112077 0.9928004652030801 0
0.102222222222502 0.9923019964107875 0
0.9929622754215097 0.10228087794741 0
0.007732369676678908 0.0937500000003903 0
0.3923672405209612 0.905973446440121 0
0.9057759912123575 0.391950718836706 0
0.09300536835467513 0.007513376680278717 0
0.9234600865838948 0.007339383304032249 0
0.007648148811220017 0.9250533934909964 0
0.33339775548469 0.9930531611500302 0
0.9929841218829858 0.3334825563770154 0
0.9926583695998028 0.06600005612463161 0
0.06644323358231358 0.9928458687235873 0
0.007472198044427455 0.05751257434986064 0
0.3922442590669928 0.9417872960610443 0
0.9417457523201243 0.3921576724190403 0
0.05732012862884282 0.007491693385131806 0
0.3922525397488011 0.7895387243248835 0
0.7895522388063113 0.3922445486228515 0
0.007732303903809379 0.8169640945150756 0
0.6731341578666307 0.3922447869014567 0
0.3922428224683256 0.6104532337828984 0
0.6103021694732236 0.3922581275732743 0
0.3922445486228192 0.7268656716410428 0
0.392243856212926 0.664183529816222 0
0.7268321559632138 0.3922607288385785 0
0.3922397478466201 0.5477732813728837 0
0.5477198513080692 0.3923280269109947 0
0.007696426609645018 0.1650464353558109 0
0.007295343379330098 0.2189317572841994 0
0.007305170255970784 0.5043091973300171 0
0.5133330739821365 0.007558643582271444 0
0.7541678916892931 0.006854732315128842 0
0.007293619414640115 0.3433015848348023 0
0.7007351843666423 0.007535642653243264 0
0.007299531359415339 0.2809908553943788 0
0.007505587768727509 0.3985277689059475 0
0.8166685367413578 0.007120359190353726 0
0.007280568103072853 0.4510813836903182 0
0.5757330242689628 0.007534978194035714 0
0.6293464414242128 0.007263343199065976 0
0.007732369676593095 0.6294642857154686 0
0.007732369676593095 0.5669642857159021 0
0.3253418173198286 0.00697672577986826 0
0.2722921920562791 0.006776864768510153 0
0.387855957337864 0.006707864888801437 0
0.2091149505140814 0.007185364889908698 0
0.4418373345600697 0.007263261382614268 0
0.007656397346485455 0.6918721276209496 0
0.007418070920066602 0.762460309378606 0
0.173131549971121 0.9931923950167938 0
0.9923279246044212 0.1732129232281528 0
0.2265937380702964 0.9932443995394094 0
0.9931898755293577 0.2268621859078908 0
0.9506007698260032 0.006878900726323922 0
0.007405923061574116 0.9511334720801465 0
0.3598166995847639 0.9928410600347256 0
0.9926886733160579 0.3593810409006115 0
0.03938276204320163 0.9929470173011211 0
0.9929528870023741 0.04014908293195875 0
0.007732369676678955 0.03125000000013017 0
0.9681647691592177 0.391917466754953 0
0.3929932708856217 0.968748724304073 0
0.03050236023226219 0.007214071187271499 0
0.392246549653053 0.9238836223318612 0
0.9237459423342562 0.3921273746148113 0
0.8876793430185128 0.3918498948765849 0
0.3924345675097373 0.8883869548740622 0
0.9687500354441552 0.007479199706819516 0
0.007699323970658974 0.9686950642666512 0
0.392244548622813 0.8432835820891453 0
0.8429610476935739 0.3918598556659733 0
0.007437112925401086 0.9061894086054917 0
0.007310984344018685 0.8701042016109775 0
0.9062512294476417 0.007731552835348092 0
0.8703399879455596 0.007080666115781615 0
0.3922439980480311 0.6820934373828534 0
0.6552242226960618 0.3922445870809707 0
0.5923710685822574 0.392241624990229 0
0.3923863594551045 0.449253697276056 0
0.4044773735256502 0.3922446715458032 0
0.3955226385513866 0.3922447226620284 0
0.4000000000054188 0.3844897540574366 0
0.3910458557510953 0.3844900029542931 0
0.395522885796868 0.3767357648110071 0
0.3865692811554585 0.3767357456909273 0
0.3910466988357419 0.3689817961390091 0
0.3820933253496466 0.3689821769420494 0
0.3865703302278052 0.3612287711443982 0
0.3776314216160392 0.3612211458611782 0
0.382095358588483 0.3534753241193956 0
0.3731495875736642 0.3534722907048324 0
0.3776186836801592 0.3457239716462779 0
0.3686817022889293 0.3457164215506364 0
0.3731448854719192 0.3379722095754126 0
0.3641951054708633 0.3379722055383495 0
0.3597332596130008 0.3456592640193155 0
0.3552409505948791 0.3379655328970226 0
0.3507700276606234 0.3456558067818319 0
0.3462888027575622 0.337963875411841 0
0.3418183166963839 0.345710436074856 0
0.3373370990480842 0.3379701326098577 0
0.3328693531860066 0.3457210075327768 0
0.3283850790584812 0.337974903346037 0
0.3239204230897073 0.3457222938694136 0
0.3194461961475269 0.3379747426728089 0
0.3149743926779626 0.3457220553030486 0
0.3104983863960529 0.3379755182889621 0
0.3417959581671802 0.3302266810306344 0
0.3060277522269308 0.3457217660070302 0
0.3015516704525988 0.3379756935251723 0
0.297081486707778 0.3457212451962234 0
0.2926087195830043 0.3379739707199066 0
0.2881364035940694 0.3457204934600959 0
0.2836639940495019 0.3379732921282189 0
0.2881366124260062 0.3302267767624839 0
0.2791918451667205 0.330226719294033 0
0.2836642098833507 0.3224804169445993 0
0.2791912952697237 0.3457197907879892 0
0.2747199160652614 0.3224804356085321 0
0.2791919947367442 0.3147345744442368 0
0.270271733155972 0.314720901871486 0
0.2747223312646594 0.3069878649618525 0
0.265790136151114 0.3069812722779265 0
0.2702471854099476 0.2992425007054766 0
0.2613314348958072 0.2992288935877526 0
0.2657789145977443 0.2914958117053484 0
0.2568632042835581 0.291482830284005 0
0.2613109474301784 0.2837523861867478 0
0.2524926957255317 0.299306547883434 0
0.2523935667751716 0.2837386991499756 0
0.2568408334948751 0.2760089712023701 0
0.2478997621575856 0.2760089545377911 0
0.2523663796769097 0.2682682755572662 0
0.243425117398838 0.268268600611847 0
0.2478949358376447 0.2605262473827888 0
0.2568349695518517 0.2605263906133404 0
0.2389551513029886 0.2605253779425127 0
0.2523647488987609 0.2527839742692747 0
0.2613043338029414 0.25278408535092 0
0.2568353754498112 0.2450402542657787 0
0.2657742139650245 0.2450415969309033 0
0.2613063211873538 0.2372974201966742 0
0.2702439239548595 0.2372993858776597 0
0.2657747793598139 0.2295574971888016 0
0.2747130819737165 0.2295579034179744 0
0.2702435312251786 0.2218166926242978 0
0.2791822967439421 0.221816590709366 0
0.261305053053868 0.2218157380065405 0
0.2836633803621555 0.3534668168549345 0
0.2747184961699458 0.3534662211885243 0
0.2791904648859858 0.361213028460868 0
0.2702680179816933 0.3611996728679546 0
0.2747213440355512 0.3689569942040751 0
0.2658168550018018 0.3689653257779238 0
0.2702528284110142 0.3766558719362579 0
0.2613262888747567 0.3767196155499404 0
0.2657346810512501 0.3843702813008085 0
0.2568260655359799 0.3844394685439395 0
0.2612499008009606 0.3921563719004381 0
0.2523470163510149 0.392187530457596 0
0.2568174241089621 0.3999339176047287 0
0.2478802417797424 0.3999403535539134 0
0.2523526182669503 0.407685800994773 0
0.2434109787505793 0.4076869151784582 0
0.2478820730100436 0.4154322448005758 0
0.2389389205618471 0.415433309696148 0
0.2434101735420597 0.4231776318117459 0
0.2344652942719025 0.407693114714041 0
0.2344669897012976 0.423178550168857 0
0.2389381401057324 0.4309225268755495 0
0.2299951605022207 0.4309220453337251 0
0.234466170669811 0.4386669243270702 0
0.2255233813029071 0.438667288640035 0
0.2299942912531766 0.4464114007975575 0
0.221051714491896 0.4464118825878582 0
0.2255225199998217 0.4541556505056553 0
0.2165800488243765 0.4541549976081133 0
0.2210508839641537 0.4618578834211305 0
0.2121087327219837 0.4618925297567755 0
0.2165433095604516 0.4695728303535551 0
0.2121073225725629 0.4464144301355516 0
0.2076331102897158 0.4696340315935565 0
0.2120651513328388 0.4773528599259583 0
0.2031584000891766 0.4773795423981689 0
0.2076281501932656 0.4851234420686927 0
0.2657740013044346 0.2140756876507854 0
0.2568356821149664 0.2140741655065944 0
0.1986924637385791 0.4851277872698592 0
0.2031635321124154 0.4928719646652898 0
0.1942234736684484 0.4928722576342396 0
0.1986938581927402 0.5006160868256172 0
0.2613046226965148 0.2063350197910045 0
0.2523666083602287 0.2063352983021677 0
0.2076355306875035 0.5006170911105364 0
0.2031294714691608 0.5083400284611435 0
0.1942230730926582 0.5083595351567289 0
0.1987055070568161 0.5160893526287822 0
0.2075605409683426 0.5160264957320149 0
0.2031183192850415 0.5238119786751845 0
0.1942528039000448 0.5238334014282628 0
0.1986891770357999 0.5315820770468335 0
0.2075572660600566 0.5315134702299116 0
0.2031145922750893 0.5393003981044273 0
0.1942117167745211 0.5393257835984933 0
0.198680228762269 0.5470700386417686 0
0.2075554549835557 0.5470025794209405 0
0.2031116407367897 0.5547881910460359 0
0.1942174284149446 0.5548196937018702 0
0.1986958262046034 0.5625487032267437 0
0.2075560135345411 0.5624896907781394 0
0.2031128689181552 0.5702741345994617 0
0.194242634074945 0.570288745869474 0
0.1986813938862208 0.5780422827587037 0
0.2075531482512747 0.5779783548958761 0
0.2031082353798757 0.5857628636812019 0
0.1942115805115432 0.5857935151099458 0
0.1986731320777629 0.5935327266851773 0
0.2075502381956471 0.5934671509664819 0
0.2031046775634673 0.6012513139882886 0
0.1941994479381043 0.6012745632252783 0
0.1986680134726616 0.6090189183132263 0
0.2075481333533221 0.6089560418246477 0
0.2031015639072664 0.6167390154557209 0
0.1942250566627639 0.6167841273273291 0
0.198683571847642 0.6245176261167634 0
0.2075476497890151 0.6244463576066834 0
0.2031017855972202 0.6322277049207232 0
0.1942387596707014 0.6322788635091456 0
0.1986721887664127 0.6399978312748803 0
0.2075438591621362 0.639932346946162 0
0.2030966069101069 0.6477105592355478 0
0.1942315615531333 0.6477587957105571 0
0.1986640973129933 0.6554770293154816 0
0.2075393803699797 0.6554153037132159 0
0.2030918379109753 0.6631909430167182 0
0.1942248032860031 0.6632364118860576 0
0.198659140939933 0.6709552911740259 0
0.2075354266480875 0.6708959641335897 0
0.2030873161425681 0.6786688686155868 0
0.1941893594556746 0.6786916995739399 0
0.1986477678463497 0.6864261745130438 0
0.2075302251881997 0.6863733734103803 0
0.2030814044700409 0.6941432781767398 0
0.1941774221849059 0.6941603497356414 0
0.1986409583014165 0.7018979768977283 0
0.2075254350451342 0.7018485284013518 0
0.2030759722223497 0.7096156123797497 0
0.1941723895122766 0.7096315424660979 0
0.1986348712908993 0.7173681965495726 0
0.2075202218912618 0.7173212733715528 0
0.2030704171153936 0.7250855829437752 0
0.1941756458649589 0.7251060912910463 0
0.1986359895365943 0.7328402725382681 0
0.2075158625001322 0.732791990701765 0
0.2030658819408258 0.7405537398394736 0
0.1941707426813052 0.7405728690280013 0
0.1986291301881187 0.7483052147342791 0
0.2075097608294636 0.7482595681907843 0
0.203059081968907 0.7560182232768347 0
0.1941610422165201 0.7560347365354496 0
0.1986205118525685 0.7637667981225411 0
0.2075031146580852 0.7637238825566663 0
0.2030524058834993 0.7714803014668099 0
0.1941541189435496 0.7714954469000159 0
0.1986083018033521 0.7792236615380335 0
0.2074966641910514 0.7791865477852974 0
0.2030446656035389 0.786939420879555 0
0.1941417086583157 0.7869494482500214 0
0.1985986906736388 0.7946800868654802 0
0.207488911995313 0.7946468655186604 0
0.1897540287201678 0.4851295956667958 0
0.1896829024838333 0.7946794471788078 0
0.3820921730583848 0.3379735947006876 0
0.2568354918502733 0.1985951351794941 0
0.2478980401302435 0.1985951351280163 0
0.194137047674743 0.8024080223211416 0
0.1852195848676824 0.8024071416312532 0
0.252366657557857 0.1908553156034673 0
0.2434296659754567 0.190855400274466 0
0.1896723161364731 0.8101329064241384 0
0.1807516848154615 0.8101295817734775 0
0.2478981304032029 0.1831157742154418 0
0.2568348073693664 0.1831157530319593 0
0.2389614808715978 0.1831158744761365 0
0.1852069074112358 0.8178555640642183 0
0.1762863403740843 0.81785069006168 0
0.1718301914447327 0.8101236861261218 0
0.2299739889398167 0.4618763375948858 0
0.1673654995712859 0.8178459004274607 0
0.2523664841629865 0.1753765105634897 0
0.2613021966436079 0.1753760524091748 0
0.1807436697625314 0.8255766621187373 0
0.1629090976636277 0.8101192503914838 0
0.3776176328469909 0.3302226908293136 0
0.3865665527128258 0.330222483495875 0
0.3820915998812135 0.3224724578771098 0
0.3910405426822632 0.3224722819463649 0
0.3865659831485391 0.3147227591702079 0
0.395514348113504 0.3147224516554522 0
0.3910270973399617 0.3069725708555923 0
0.3999857323519032 0.3069729295035514 0
0.3954850254396903 0.29922913247662 0
0.4044560069031804 0.2992248999872668 0
0.3999685076940762 0.2914825311207827 0
0.4089302082135756 0.2914769004028323 0
0.4044569306396888 0.2837292574712407 0
0.4134057282534458 0.2837280588059534 0
0.4089329383194551 0.2759806108179614 0
0.4178470204622693 0.2759615048935701 0
0.4134010161395747 0.2682300474113733 0
0.4223133192881994 0.2681733174249519 0
0.4178717877294993 0.2604758322611677 0
0.4268163635313883 0.2604370451073608 0
0.4223489746530443 0.2527299320976227 0
0.4312941862656091 0.2527296820851194 0
0.4268236010218553 0.2449935966393397 0
0.435767216754664 0.244991789125957 0
0.4312954521891683 0.2372479923816014 0
0.4402390290236605 0.2372477889444115 0
0.4357673181244672 0.229502839509062 0
0.4447101632583453 0.2295025984797455 0
0.4402387540358107 0.2217576394738116 0
0.4491815508171325 0.2217569287659504 0
0.4536528278398041 0.2295020022817418 0
0.4581238938434878 0.2217569572223066 0
0.4625954108411604 0.2295016159760646 0
0.4670662878182939 0.221756889592861 0
0.471538048402727 0.2294634995564503 0
0.4760090917792242 0.2217501790959886 0
0.4804916777841571 0.2294494515269085 0
0.4849535116207836 0.2217464460081639 0
0.4894365860221582 0.2294840569803292 0
0.4938970505019274 0.2217512670246284 0
0.4983690653917768 0.229496620148808 0
0.5028375740769477 0.2217549985276677 0
0.5073098737417077 0.2294990624104148 0
0.511780552309566 0.2217545190083706 0
0.516252512978276 0.2294991154021956 0
0.5207235708923992 0.2217540986108559 0
0.5251954724946629 0.22949874030798 0
0.529666701504143 0.221753672904544 0
0.5341385767733661 0.2294983656596818 0
0.5386096189625232 0.221753270940415 0
0.5430816750687503 0.2294979356777316 0
0.547552872129266 0.2217526770096373 0
0.5520248471245059 0.2294975042472154 0
0.5564961254315748 0.2217522932240132 0
0.56096805669799 0.2294970857447269 0
0.5654390944997411 0.2217519246814829 0
0.5699112436546037 0.2294592441039045 0
0.5743822890669784 0.2217452472326434 0
0.5788700390819455 0.2294425222660026 0
0.5833286618011391 0.2217403597321481 0
0.5878164309994057 0.2294761042299231 0
0.5922731531618007 0.2217445191362289 0
0.5967449023764035 0.229491084387176 0
0.601212775631761 0.221749429857646 0
0.6056851441993187 0.2294941120957629 0
0.6101559876189269 0.2217493414557035 0
0.6146279596991506 0.2294943141963684 0
0.6190991977578089 0.2217490459259298 0
0.6235711697178179 0.2294939859510255 0
0.6280423608714154 0.2217486879458404 0
0.6325145428088053 0.229493606206952 0
0.6369854399510513 0.2217482310451286 0
0.6414578929922183 0.2294931767832649 0
0.6459289272039792 0.2217477363612286 0
0.650401317467908 0.2294927326908094 0
0.6548730413482714 0.2217467775337504 0
0.659344867766513 0.2294922076720147 0
0.6638168111110225 0.2217459473113673 0
0.6682883874593906 0.2294527994794163 0
0.6727599367968683 0.2217394733513623 0
0.6772507782975317 0.2294338560079006 0
0.6817062109742502 0.2217352331117053 0
0.6861978480768935 0.2294686103514383 0
0.6906507123138057 0.221740039610624 0
0.6951230547521658 0.2294466576140114 0
0.6995911224395092 0.221736731374223 0
0.7040826337274725 0.2294306704434557 0
0.708536644136446 0.2217332535464419 0
0.7130289799932346 0.2294663121333396 0
0.7174808735430542 0.2217385235714319 0
0.7219267925777385 0.2294600270979539 0
0.7264169469234707 0.2217382885325923 0
0.7308812154833466 0.2294466607536935 0
0.7353604726988167 0.2217361716476716 0
0.7398517935311526 0.2294676249635934 0
0.7443070433535688 0.2217396580240527 0
0.7487782453008973 0.229482556761651 0
0.7532458825039254 0.2217430954223413 0
0.7577148507965229 0.2294859138652619 0
0.7621840013048612 0.2217441120205453 0
0.7666530748752948 0.2294847379876734 0
0.7711213167937059 0.221744658294428 0
0.7755900984867098 0.2294839022581446 0
0.7800575930184606 0.2217450316436839 0
0.7845256001004239 0.2294457205674507 0
0.7889924263461217 0.2217392207757927 0
0.7934600246033381 0.2294610392705426 0
0.7979257823542932 0.2217415385029637 0
0.775599523043824 0.2140150531609912 0
0.4625952827773664 0.2140123691658493 0
0.5609670333285487 0.2140074205035321 0
0.6504003318242645 0.2140018068976836 0
0.7130056365843445 0.2139967974227517 0
0.5073088376001933 0.2140100403350589 0
0.6056845185122303 0.2140043434942139 0
0.8023920533885955 0.2294398112136955 0
0.806856937513752 0.2217386135085733 0
0.8113224354275816 0.2294711294719341 0
0.8157863846350923 0.2217438100298919 0
0.8202510135024017 0.2294760811219611 0
0.8247146716538345 0.2217466438164295 0
0.8202506772832918 0.2140149286051883 0
0.8291796199506198 0.2294776316587335 0
0.8291781826634131 0.2140163240253678 0
0.8247146475009253 0.2062858154791014 0
0.4312960592105977 0.2217581826133648 0
0.8336407169924507 0.2062865059362268 0
0.829177692203273 0.1985568265737553 0
0.8381022533939535 0.1985567139663327 0
0.8336401151118192 0.1908283166350521 0
0.1896514659003177 0.8255884400309458 0
0.2344841249616563 0.2682685578277587 0
0.2300149693899931 0.2605254600416337 0
0.2255443621374237 0.2682680361627467 0
0.2210747390043696 0.260521820927505 0
0.2166051155954299 0.2682811945442949 0
0.2121357898139174 0.2605264625531439 0
0.2076663990147402 0.2682837934420624 0
0.2031974117736531 0.2605314409287829 0
0.1987281379222348 0.2683384662370804 0
0.1942594110463374 0.2605373222594261 0
0.18979029764239 0.2683481863367329 0
0.1853217848205084 0.2605399094881135 0
0.1808528397606705 0.2682818524797931 0
0.1763845613060564 0.2605243497780798 0
0.1719158196080492 0.2682678282620475 0
0.1674477547076857 0.2605194039305838 0
0.162979176887211 0.2682645151266506 0
0.1674471196906783 0.2760048505168336 0
0.158442896727192 0.8178409033381389 0
0.2568345423026877 0.1676374690640318 0
0.2657698778580423 0.1676366925813045 0
0.1585106395855005 0.2760041839691693 0
0.1630247635798742 0.2837702859209876 0
0.158511170658341 0.2605249841102013 0
0.8425635201202551 0.1908284830770576 0
0.8381020959209825 0.1831005884147057 0
0.1851971941094854 0.8333041228378779 0
0.1941035397844127 0.8333158290084458 0
0.1540498576926624 0.2837475806929367 0
0.1585652022239023 0.2915143089812738 0
0.1539874784121409 0.8101142546345731 0
0.4938698192681568 0.2371853332072275 0
0.52966738446666 0.2372437049958455 0
0.744302840090828 0.2371511289199205 0
0.8470269244308275 0.1985596524492922 0
0.8470247330957493 0.1831007635398644 0
0.8425637458602284 0.1753735090936565 0
0.8068345918340151 0.2371082197115209 0
0.6906501811507506 0.2371086641626109 0
0.6280432437246686 0.2372391996915198 0
0.5654078089442736 0.2371427719888562 0
0.2478814601066411 0.4309229111443832 0
0.1495829761946309 0.2914826685263981 0
0.154098058387152 0.2992668440895916 0
0.2613025149840688 0.1598986231017865 0
0.2702380841895814 0.1598982000478572 0
0.1896354815180621 0.8410384437375226 0
0.1985553826302849 0.8410419457710052 0
0.1495229991839269 0.8178365464505803 0
0.8514856976368297 0.1753739841161767 0
0.8470251398045605 0.1676470025687572 0
0.8381033271899514 0.1676459180010288 0
0.8425644898988384 0.1599209428215249 0
0.8336421119639894 0.1599184746045879 0
0.8514881699219853 0.1599264741891556 0
0.1450660717167712 0.810108623689571 0
0.1451051549720143 0.2992207312211365 0
0.1496229461567966 0.3070107231843051 0
0.8381035909441167 0.1521931149231631 0
0.8291803583421561 0.1521905809535621 0
0.2657709685616712 0.1521598018871896 0
0.2747069114230525 0.1521590731977094 0
0.2568348695461808 0.1521602418018238 0
0.1940865479448618 0.8487643000512033 0
0.2030073006089301 0.8487666544853086 0
0.1629767071510031 0.252777378414017 0
0.1540429610850276 0.2527853755545363 0
0.1585106497358227 0.2450474075970598 0
0.1495758092414419 0.2450478283216079 0
0.1540436514264698 0.2373106245096945 0
0.1451086139263549 0.2373100229462553 0
0.1495835659106151 0.229570273328832 0
0.4222601886341595 0.2836252495726478 0
0.4134653005350002 0.2527350535542942 0
0.1406007613910029 0.8178325021659696 0
0.1406427119883062 0.2295717508169496 0
0.1451176184467573 0.2218314420366329 0
0.1406368094062855 0.3069594108657842 0
0.1451044663186823 0.3146984152457308 0
0.1361438872206968 0.8101045500771806 0
0.8336424329165968 0.1444628373062412 0
0.8247190390627417 0.1444616119047368 0
0.2613033044588571 0.144421719555437 0
0.2523658507257662 0.1444220130272694 0
0.1361686274597567 0.3146979486014706 0
0.1406795950512042 0.3224619282209048 0
0.1361761667560074 0.2218338661295974 0
0.1406434187762066 0.2140966244361636 0
0.1985537592568621 0.8564794933307829 0
0.2074701999883221 0.8564836355663724 0
0.2656795806475068 0.3998447038169028 0
0.1317087014061178 0.229570942276337 0
0.1317076727339507 0.322440580036277 0
0.1362197658877874 0.3302051451110329 0
0.1317075929143625 0.2140970316531996 0
0.1361749638832802 0.2063601164243961 0
0.1316788915651732 0.8178278326982233 0
0.1317068652558913 0.306933584891473 0
0.3954824741055668 0.2837414029021044 0
0.136135553145682 0.8255567379318306 0
0.2568346592564588 0.1366843349892689 0
0.2478975108213055 0.1366841080373601 0
0.8291811316502282 0.136733628975988 0
0.8202570900731874 0.1367328030909307 0
0.1272142564313006 0.8255519213681404 0
0.1316710031793236 0.8332802294318239 0
0.2030073754241816 0.8641977400079683 0
0.2119212475521571 0.8642026104736408 0
0.2163859226051128 0.8564873097768779 0
0.220838442723864 0.8642125773247837 0
0.225301010903474 0.8564932415462497 0
0.2297538550634303 0.8642195994713988 0
0.2342166321214581 0.8564985105538009 0
0.2386702202013765 0.8642280394538344 0
0.2431337832892067 0.8565038042697554 0
0.2475881945372556 0.8642350865632566 0
0.2520527936458488 0.8565089424533359 0
0.2565080930775386 0.8642377577474567 0
0.2609737319911599 0.856513336605035 0
0.2654299702522509 0.8642437469874636 0
0.269896621938652 0.8565181784650573 0
0.1272409639680066 0.2063600310909217 0
0.1317079090566776 0.1986234948513741 0
0.1272215356663062 0.8100982488261688 0
0.1272421535608783 0.3301804246220409 0
0.1317099442783212 0.3379193502007345 0
0.2743532184857987 0.864249335978173 0
0.2836518485484734 0.2295578346364958 0
0.2881211271983446 0.2218163410939392 0
0.1497064783675087 0.3225511050321553 0
0.1227602563439426 0.8332814362914834 0
0.127208113083701 0.8410039682894794 0
0.2523668600063921 0.1289469076361475 0
0.2434319567135513 0.1289467298530329 0
0.122774573070002 0.1986233942858775 0
0.1272412385760762 0.1908871111466346 0
0.1227640861004212 0.3379130151611523 0
0.1272331972713974 0.3456524929152943 0
0.2698861708258234 0.8719748751098605 0
0.2788209420027438 0.8565231110406057 0
0.2743632002223118 0.8487906846995539 0
0.8247195665046472 0.1290045281311234 0
0.8336437574324462 0.1290053643665178 0
0.8157949676096722 0.1290038416798205 0
0.2163494763002426 0.8719430433362337 0
0.2788097522903659 0.8719809967948766 0
0.3283958954508984 0.3534717105559549 0
0.1182919469164302 0.841001867830644 0
0.1227432191052691 0.8487258809778604 0
0.1183082447618094 0.1908870447672186 0
0.1227747956517733 0.1831509823405976 0
0.1317126227340115 0.1831442553457883 0
0.1272409191220682 0.1754132310716504 0
0.1183085543531171 0.1754149088873424 0
0.1227747801116065 0.1676789342722117 0
0.1317113941653379 0.1676712923384747 0
0.1272405317521926 0.1599415469611805 0
0.1183087235852633 0.1599435518946307 0
0.1227746532807858 0.1522079940976498 0
0.1317055441279261 0.1522069633962151 0
0.1272402996687313 0.1444725468096855 0
0.1183080364001122 0.1444735396946004 0
0.1227736912318899 0.1367382122536174 0
0.1317059677388831 0.1367375174327094 0
0.127239952029626 0.1290027494968258 0
0.1361716770042626 0.1290023373271084 0
0.1183078269599755 0.1290034057143333 0
0.1182964496463541 0.34565129352874 0
0.1227636822988456 0.3533898452148182 0
0.131691584709901 0.8023750503829254 0
0.1227643513214219 0.802368647389351 0
0.1272352583884528 0.7946431343840691 0
0.1183066463442632 0.7946378196424426 0
0.1227730022969478 0.7869114146082465 0
0.2743425122742865 0.8797059493522374 0
0.2832895616428435 0.84879548490298 0
0.2788191394990967 0.841054260627356 0
0.2925908915309647 0.2295575180751534 0
0.2970604027492112 0.2218159527993664 0
0.283262791403 0.8797142138136699 0
0.1316992451584361 0.3533902595679203 0
0.1272307210181812 0.3611282464434242 0
0.1182952523011051 0.3611277310267754 0
0.1227623316370452 0.3688661860271166 0
0.2524399938094269 0.376754051104389 0
0.1227739570759128 0.1212681391205719 0
0.8291823806925441 0.121276102126036 0
0.8381067457301787 0.1212769321773661 0
0.2478999320593628 0.1212097285227709 0
0.2568340429130401 0.1212096621146724 0
0.238966103672426 0.1212097485671998 0
0.1138415902218549 0.1986230273009345 0
0.1138335076127145 0.8487265961660244 0
0.1182799449054531 0.8564477843990546 0
0.113847499972916 0.7869064722684396 0
0.1183138266714718 0.7791796130760184 0
0.113829102368576 0.3379127931811188 0
0.1138427626273501 0.1212683157936357 0
0.1138270332344132 0.3688655837707939 0
0.1182939885805951 0.3766041795562971 0
0.2877573030886955 0.841064924588123 0
0.2832854218825198 0.8333220246057957 0
0.12722951024214 0.3766048120199726 0
0.1227608124915246 0.3843426586297581 0
0.1138255992594974 0.3843420409321978 0
0.1182922804627167 0.3920804601208728 0
0.1183081289210779 0.113533629177064 0
0.1094011938560339 0.7791820030547665 0
0.1138574945723174 0.7714483961708553 0
0.1093705057994713 0.856447761444848 0
0.1138167090933904 0.8641683197907045 0
0.109357371289445 0.3920796333139206 0
0.1138240746836993 0.399818197027871 0
0.1093772579640736 0.1135338315092254 0
0.3015301054090359 0.229557403951153 0
0.3059997741926326 0.22181562928454 0
0.2787982006524437 0.8874371166898165 0
0.2877175887720546 0.8874456164213862 0
0.2523670732459286 0.1134727105571758 0
0.2613007259909478 0.1134725942287787 0
0.2922269564579411 0.8333336536176656 0
0.2877683534380024 0.8255981442955335 0
0.8336453146890129 0.113547502074434 0
0.8425699780754006 0.1135481537395402 0
0.1049347751339017 0.7714406462624541 0
0.1093965616720797 0.7637139740851663 0
0.4044624391238134 0.3147218810283714 0
0.1049521156273102 0.848715155107405 0
0.1049621366189301 0.7869050509552027 0
0.1049027834710803 0.8641651668198156 0
0.109352907695708 0.8718869994700388 0
0.1048891980978031 0.3998172441924696 0
0.1093557856382824 0.4075556373146142 0
0.2967003667577273 0.8256031116673569 0
0.2922193254041437 0.81784284848934 0
0.1316889062266181 0.3843470922511417 0
0.1138423814345163 0.10579944863518 0
0.1049117013982777 0.1057997283360393 0
0.1182692289844867 0.8718912697301697 0
0.113806397349849 0.8796094862159947 0
0.1048919552238384 0.8796048293576093 0
0.1093456121214774 0.8873266185875189 0
0.1182583673432155 0.8873309864247916 0
0.3104695595493364 0.2295575260386818 0
0.3149390497491272 0.2218154167262607 0
0.2344980576699727 0.1289464142860705 0
0.2300323008524209 0.1212097791322615 0
0.2966863944117552 0.8410706646487217 0
0.8113328498911168 0.1367331573877845 0
0.8068698334798049 0.1290030111766607 0
0.8024069948204715 0.1367335216654789 0
0.797943470716695 0.129002192758757 0
0.793479526794755 0.1367328843728284 0
0.7890161554112914 0.1290011079581045 0
0.7934805359071917 0.1212702248317533 0
0.784552750876356 0.1212689523227613 0
0.7800879032853376 0.129000343636669 0
0.7756239862231713 0.1212678313597424 0
0.7711587152674289 0.1290001593748902 0
0.7666947872314954 0.1212670318019657 0
0.7622288912434407 0.1290000805621602 0
0.7577643980562137 0.1212666198036606 0
0.7532979417095235 0.1289998261418059 0
0.7488326490139423 0.1212653905290424 0
0.7443660575154769 0.1289920428923749 0
0.7399005925222449 0.1212637949136419 0
0.7354336996919518 0.1289948120264304 0
0.730969893211824 0.1212634777520285 0
0.7265009752939561 0.1289904390134441 0
0.7220345965569755 0.1212620207789194 0
0.7175672178298975 0.1289893335935835 0
0.7131008253087209 0.1212596505133713 0
0.708633288798863 0.1289884807060822 0
0.7041667430717188 0.1212585185868179 0
0.6996990395152715 0.1289879946770117 0
0.6952323174572902 0.1212576733489183 0
0.6907644555968773 0.1289874733548792 0
0.6862975757058378 0.1212568787210886 0
0.6818295650044872 0.1289870135336463 0
0.6773625390344208 0.1212561398595954 0
0.672894461032074 0.1289913604261647 0
0.6684272899660303 0.1212562137429934 0
0.6639590686375934 0.1289868917640001 0
0.6594918323914023 0.1212549669764226 0
0.6550235236235294 0.1289862480825425 0
0.6505562068031845 0.1212541445659001 0
0.6460878202547901 0.12898562990541 0
0.6416205306867802 0.1212550270490201 0
0.6371519895997557 0.1289856025764138 0
0.6326866787721972 0.1212543367504659 0
0.6282163667341243 0.1289850868905102 0
0.6237488717083421 0.1212524083167724 0
0.6192800603643631 0.1289848323690227 0
0.6148149255713712 0.1212529100737698 0
0.6103439302953964 0.128988168054904 0
0.6058791040883839 0.1212530787513592 0
0.6014080775324018 0.1289847674038329 0
0.5969400370335601 0.1212515277230096 0
0.5924713857923047 0.128984090896616 0
0.5880063085932724 0.1212513415327363 0
0.583535412487138 0.1289835247045016 0
0.5790704425832973 0.12125075925175 0
0.5745991793318568 0.1289831923308909 0
0.5701342671587009 0.1212502140897078 0
0.5656623592384454 0.128985572895672 0
0.5611978188372453 0.1212500692950251 0
0.5567263349706937 0.128982666842996 0
0.5522615471083736 0.1212491697865375 0
0.5477899855624584 0.1289817832291738 0
0.5433251394854778 0.1212484255573772 0
0.5388535518047255 0.1289810727168072 0
0.534385205324133 0.1212468100443135 0
0.5299165148801481 0.1289801946769592 0
0.5254516984822972 0.1212469625788705 0
0.5209800726998267 0.1289823827163874 0
0.5165157386351457 0.121246912739073 0
0.5120440865475955 0.1289794861789057 0
0.5075795398613776 0.1212460333684843 0
0.5031077630216916 0.1289777934541777 0
0.4986431649273169 0.1212451671111362 0
0.4941713636557655 0.1289768810923186 0
0.489706842845144 0.1212444817628159 0
0.485234973722597 0.1289815033475247 0
0.4807704637262438 0.1212447041263351 0
0.4762985936742288 0.1289818536673171 0
0.4718341729621803 0.1212444108227523 0
0.4673622512659719 0.1289814016767813 0
0.4628978504930535 0.1212438581353592 0
0.4584259375555192 0.1289807667287545 0
0.453961626606815 0.1212432706178569 0
0.4494896822737195 0.1289800888937035 0
0.4450254040501455 0.1212426387402175 0
0.4405534819569774 0.1289719222583995 0
0.4360892931736764 0.1212407858285512 0
0.4316173648305404 0.1289665968331705 0
0.4271532276800832 0.1212391816506153 0
0.4226813410131158 0.1289724409641889 0
0.4182133433392817 0.1212381539168577 0
0.4137447766988114 0.1289758713148944 0
0.4092772525419485 0.1212377160305378 0
0.4048088271423039 0.1289758703061848 0
0.4003415871743037 0.1212371236926723 0
0.3958731067762287 0.1289752781339415 0
0.3914060565788074 0.1212364677644638 0
0.3869375381604307 0.1289745630248904 0
0.3824704832796627 0.1212358370983059 0
0.3780019925459417 0.1289738319292387 0
0.3735350014037491 0.1212351434656608 0
0.3824644349444282 0.1367100570068061 0
0.7711606724120552 0.113534887990872 0
0.6818357026700755 0.1135212507412604 0
0.6460958988307128 0.1135181677364938 0
0.5567475568579405 0.1135143309351094 0
0.4941977915150768 0.1135085137260387 0
0.4584552660310977 0.1135056808583933 0
0.3780032422670014 0.1134974740524402 0
0.3690683040880548 0.1134967695730609 0
0.7175727239920949 0.113527888204408 0
0.5924868915014821 0.1135132945816857 0
0.4226974904799237 0.1135027885342305 0
0.3735325582663827 0.1367115598202191 0
0.3779950717662421 0.1444480351384053 0
0.3690146813468834 0.1444218329896573 0
0.3735227492542958 0.1521847372974461 0
0.1004705043693488 0.7636957552447974 0
0.1049373305780734 0.7559781083034622 0
0.2568338545895329 0.1057360524895301 0
0.2657672189912357 0.1057358689387817 0
0.225565204765944 0.1289464399029997 0
0.2210987634901456 0.1212098261031929 0
0.2832540125766116 0.8951670304519375 0
0.292175847852054 0.895173902385682 0
0.373536117079226 0.1057594389169618 0
0.3646017474477065 0.1057587533273789 0
0.2032935972606477 0.2761863678938283 0
0.1004204869426928 0.4075559310120381 0
0.1048872032301432 0.415293681205665 0
0.1138224045997735 0.4152939944688244 0
0.1093540515045523 0.4230315032147066 0
0.100431730188141 0.887322711992746 0
0.1004189165685399 0.4230311692224216 0
0.1048855687785348 0.4307688203791587 0
0.1004465887854778 0.1135339411755663 0
0.1137986901767804 0.895046917240805 0
0.122708879416182 0.8950518454886237 0
0.8381082924313952 0.1058187732543156 0
0.8470331074795348 0.105819433382086 0
0.3011697564155685 0.8178660709881541 0
0.2966923231429774 0.8101133174570267 0
0.1182892807141319 0.4230324814268391 0
0.1495957241173002 0.2140827751621729 0
0.09598115286794336 0.1058000440835713 0
0.09595432477458582 0.3998166992597277 0
0.0960101151564727 0.7559728063737242 0
0.1004779113844817 0.7482460047777431 0
0.09595087941408895 0.4307678735789207 0
0.1004171127402087 0.4385060871802569 0
0.3194091819202744 0.2295572678574659 0
0.1093767804667509 0.09806552202281946 0
0.1183073488434222 0.09806514137541755 0
0.1182508055110814 0.9027658085893311 0
0.1271592262919068 0.9027712551534715 0
0.3645368820143937 0.1521555811183121 0
0.3690518348354196 0.1599226459274818 0
0.3056419592620606 0.8101307217329319 0
0.3011782951530981 0.802389520236646 0
0.261300493519783 0.09799955845312906 0
0.2702335644341895 0.09799939981679592 0
0.3690694757400708 0.09802184293338935 0
0.3601353502916292 0.09802117628195708 0
0.3556676027337892 0.1057578971636971 0
0.3511122075043003 0.09796893726322675 0
0.2877096443056276 0.9028958222870689 0
0.2787900725574716 0.9028889100343421 0
0.2966305426943253 0.9029030498226123 0
0.3010988321233021 0.8951798897380719 0
0.3055544244713062 0.9029110917679624 0
0.2166319325995245 0.1289463073172834 0
0.2121619705588005 0.1212118825827519 0
0.2166316111477612 0.1134738692630563 0
0.2076914061437071 0.1134781759748178 0
0.2121642081060646 0.1057384204255196 0
0.2032279152554566 0.1057406198741251 0
0.2344930036783812 0.1908551838850299 0
0.7800654112493248 0.2371330482167152 0
0.7443680454019171 0.1135296369670326 0
0.6192933183068563 0.1135158455700064 0
0.5299274698539987 0.1135071963585634 0
0.2836559833885699 0.306989119459968 0
0.6638208419091216 0.2371476173594919 0
0.7174524222261034 0.2371220844896036 0
0.5922572825459699 0.2371710399737592 0
0.435744423951438 0.2604545592291968 0
0.8425713740799793 0.09809000909419194 0
0.8514962119954622 0.0980909789052711 0
0.8559576753356996 0.105818314648814 0
0.8604208342988087 0.09809014718322157 0
0.8648813717613889 0.1058178299869005 0
0.8693439230737871 0.09809126523088259 0
0.8738033771742497 0.105826837951185 0
0.8782646362963165 0.09809587700500205 0
0.8827236298078152 0.1058287444637789 0
0.887183975117508 0.09809829403841075 0
0.891641947141074 0.1058340643103023 0
0.8961013371043245 0.09810104350906741 0
0.9005581854561173 0.1058350098905696 0
0.905016367027658 0.09810716761225297 0
0.9094722535922497 0.1058237118336243 0
0.9050207833797335 0.1135576099144557 0
0.1094055095605154 0.7482508367487368 0
0.1049461228997257 0.7405164793630494 0
0.09601785937756256 0.7405116542804746 0
0.1004863137690007 0.732781651194252 0
0.09155753916260845 0.7327768930691261 0
0.09602599806387779 0.7250466305161538 0
0.1049553017633093 0.725051499517598 0
0.1004951710015411 0.7173160486409998 0
0.1094246119803055 0.7173210898688596 0
0.1049643842633249 0.7095851232127407 0
0.09603421043330926 0.7095801328133018 0
0.1005038580438341 0.7018488255270263 0
0.09157346399014822 0.7018438946719805 0
0.09604288335355933 0.6941122824977899 0
0.1049737491787265 0.6941173437070335 0
0.1005125658581416 0.6863803734777184 0
0.2076981595077465 0.09800255559594839 0
0.1987660659102022 0.09800244496083643 0
0.1094429036384418 0.6863860117802263 0
0.1049826056731077 0.6786483246688969 0
0.09605120998935468 0.6786432363018164 0
0.1005212934991533 0.6709107987229228 0
0.0915897313243846 0.6709058242750479 0
0.09605978489627209 0.6631730860824652 0
0.1049918292540206 0.6631782916660733 0
0.1005300426477957 0.6554401047680602 0
0.2922009579815968 0.8023367242559598 0
0.2966927299296612 0.7946254264222006 0
0.3056541605942968 0.7946558996752355 0
0.3011791195866752 0.7869131637128818 0
0.109462663649243 0.65544537954362 0
0.1050006626999832 0.6477069044516732 0
0.09606806117946265 0.6477019473379713 0
0.1005386158080628 0.6399685351990259 0
0.09160602517682137 0.6399637597842336 0
0.09607650254945609 0.6322301828407456 0
0.105009280323076 0.6322348924319481 0
0.100547025594086 0.6244960827549801 0
0.292202378326419 0.7868530511457626 0
0.2966976954779353 0.779145865004508 0
0.3056306109909016 0.7791425125197615 0
0.3011851837742471 0.771424126653798 0
0.2922079798713119 0.771373154875418 0
0.2967034772492174 0.7636635677332758 0
0.3056300844958366 0.7636460536415002 0
0.3011959034830288 0.7559449326075439 0
0.1094803907245993 0.6245009825369539 0
0.1050179055708367 0.6167619617507544 0
0.09608444901556518 0.6167571504815041 0
0.1005552060403222 0.6090229817236532 0
0.09162183477690541 0.6090183644357302 0
0.09609247101669634 0.6012839979103894 0
0.105025933295094 0.6012887224832881 0
0.1005631133245605 0.5935494363448625 0
0.1094970409145044 0.5935541104700162 0
0.105033991235558 0.5858147931473724 0
0.09610010246069503 0.5858102269260291 0
0.1005708336815741 0.578075576202173 0
0.09163706754186958 0.578071210492128 0
0.09610768756667107 0.5703363858710661 0
0.1050415418072046 0.5703407806681178 0
0.1005782971785213 0.5626013798910513 0
0.2922137867623688 0.7558931412279168 0
0.2967093829205313 0.7481817158728153 0
0.3056328421692649 0.7481541711193866 0
0.30119976627769 0.7404597924955069 0
0.1095125335690993 0.5626057803878728 0
0.105049100375338 0.5548663403764125 0
0.09611490485244922 0.5548620232992998 0
0.1005855659046707 0.5471269927488989 0
0.09162295962309519 0.5471059418842645 0
0.09608870056998495 0.5393680156914904 0
0.1050507501175714 0.5393885856212344 0
0.100553755670919 0.5315967340097743 0
0.1095197310861007 0.5316466862178475 0
0.2922178213791828 0.7404109517513806 0
0.2967132133886448 0.732697322644082 0
0.3056316210119757 0.7326632545440762 0
0.3012028616676743 0.7249732288549939 0
0.2922207702710518 0.7249268741217485 0
0.2967161142497594 0.7172112305015623 0
0.3056328534092627 0.7171737703047849 0
0.3012054400058846 0.7094852641378965 0
0.2922228895476596 0.7094410746840439 0
0.2967182109439186 0.7017234808372577 0
0.3056342817001272 0.701683336609578 0
0.3012072042537981 0.6939956876410409 0
0.2922241713993206 0.6939535626334168 0
0.2967194551015752 0.6862341080870753 0
0.3056349323637599 0.6861914703761005 0
0.3012081288152718 0.6785045992324926 0
0.292224624582685 0.6784644048098576 0
0.2967199205160431 0.6707432210180678 0
0.3056348477773131 0.6706983285004744 0
0.3012083160383237 0.6630121788527659 0
0.2922243077186245 0.6629737664234838 0
0.2967196500202216 0.6552510576424108 0
0.3056340971764641 0.6552041002226348 0
0.3012078631871231 0.6475186671231362 0
0.2922232590901945 0.6474818370918793 0
0.2967187393140488 0.639757772537407 0
0.3056327609430071 0.639708945422284 0
0.3012068410529792 0.6320242127956984 0
0.2922215571033819 0.6319887837119608 0
0.2967172526370571 0.6242635452901961 0
0.3056309015073999 0.6242130065309676 0
0.3012053393246046 0.6165289744258441 0
0.2922192556045043 0.616494788751011 0
0.2967152530534493 0.6087685460613366 0
0.3056285715781675 0.6087164351551065 0
0.3012033818450344 0.6010331343114135 0
0.2922164108978099 0.6010000564418754 0
0.296712773572222 0.5932729722819796 0
0.3056257850039725 0.5932193878669225 0
0.3012010029506845 0.58553685413918 0
0.2922130786366056 0.5855047714762495 0
0.2967098662238052 0.5777769500695209 0
0.3056225814523139 0.5777219498582028 0
0.3011982371429883 0.5700401926979641 0
0.2922093162297451 0.5700090603738791 0
0.2967065578508051 0.5622805630072089 0
0.3056189762632661 0.5622241772486951 0
0.3011950762941977 0.5545432070673785 0
0.292238119163882 0.5545366847908464 0
0.2967228338958917 0.5467963145353119 0
0.3056182172741294 0.5467280305470347 0
0.3012011145008263 0.5390533816648723 0
0.2922510795255077 0.5390498048480971 0
0.2967251291008065 0.5313049449159936 0
0.3056163375909973 0.5312318112021255 0
0.30118888230508 0.5235495136470179 0
0.2922485631360727 0.5235571981826302 0
0.2967198884072357 0.5158073879694598 0
0.3056688343342885 0.5158061867412227 0
0.3011927600488125 0.5080583862214396 0
0.3101178802489106 0.5080428179206675 0
0.3056608178366765 0.5003059514647129 0
0.09148256108229921 0.438504746608635 0
0.09158326682634965 0.5315299105554201 0
0.09154229644145186 0.7636969643253501 0
0.3100233220707813 0.8951858799816876 0
0.09151613317387948 0.1135340345735795 0
0.3821078678823154 0.3844807186175798 0
0.3101077895854857 0.8178748244012486 0
0.1138418488921384 0.09033131067815002 0
0.1227722477605322 0.09033093761721273 0
0.4182139541637475 0.1367018390095275 0
0.1227023532722096 0.9104831691992029 0
0.1316098057892013 0.9104882380470132 0
0.1137895578521358 0.9104819902074037 0
0.9139287272106305 0.1135452731316035 0
0.9094724720170689 0.1212564336326408 0
0.3466295061937817 0.1056969306281996 0
0.1049769337431459 0.5238099151839853 0
0.9139352923670947 0.09811910800197593 0
0.7488445967872953 0.1367171450033696 0
0.6863393245441133 0.1367182902475892 0
0.5344010746518052 0.1367102682241282 0
0.1139825253851116 0.5239014352420626 0
0.08705080145365936 0.10580023361162 0
0.3145845992140621 0.5002893215486437 0
0.3101311771310368 0.492554366670386 0
0.8559605406138646 0.0903592719863914 0
0.2832437682641096 0.9106161485432057 0
0.2743278748018679 0.9106098552576208 0
0.9005625749722441 0.09038768375561616 0
0.2032329660695222 0.09026652622993922 0
0.2657669810349553 0.09026337453815021 0
0.2746997584804533 0.09026318802219591 0
0.355654231472349 0.09027539943720353 0
0.3144795452233918 0.9029195210202534 0
0.31001086719159 0.9106458798642465 0
0.360027148237663 0.1599162994005544 0
0.3645284699508798 0.1677038959482192 0
0.2791669541355731 0.376677152832344 0
0.3149394744244441 0.2372997502805449 0
0.323879717314844 0.2372995966228866 0
0.4807654200479155 0.1367213271954602 0
0.5790861548437054 0.1367125030798454 0
0.6237735107957728 0.1367126910578061 0
0.4450218271534547 0.1366967636316898 0
0.3466737490879876 0.09027275820145299 0
0.3735185532570682 0.1676740700570493 0
0.3690060177874302 0.175456708605786 0
0.2877743222045381 0.5158111608558607 0
0.1943011245233235 0.0902665595188354 0
0.08258586432860504 0.1135341136119108 0
0.2076967331619889 0.1289473309424325 0
0.1987364204479623 0.2527871389181344 0
0.3189989876605225 0.507960376301928 0
0.3104692598595935 0.2140738549269743 0
0.3194090036917414 0.2450430865068041 0
0.118306796704002 0.08259718747051549 0
0.127237105691853 0.08259681647838817 0
0.9183830506072925 0.1212601440989742 0
0.9139281354599657 0.128972735116939 0
0.3189503402216701 0.8951945452727018 0
0.1271529444709698 0.9181993480747807 0
0.1360590250631096 0.9182037356164978 0
0.1094709110798453 0.5161157608145978 0
0.2787791293064761 0.9183336558104511 0
0.2698659704756663 0.9183274607427357 0
0.3190709946005027 0.4925468401121886 0
0.3146052604342465 0.4848046282109813 0
0.3056595028042319 0.4848088115805325 0
0.3101313080345489 0.4770578833706976 0
0.3190797909733786 0.4770550542387127 0
0.3146035549376972 0.4693069718856995 0
0.1405167068356313 0.9104932875372591 0
0.1449654571744708 0.9182083526303291 0
0.3189350633625097 0.9106538969091312 0
0.4357670039965431 0.2140132674849536 0
0.6595304291334313 0.1367174867279365 0
0.7220831623951415 0.1367218423106902 0
0.278795615145043 0.8255328313952696 0
0.7398340735050513 0.2139991157824769 0
0.6772309584304107 0.214001060747149 0
0.1184561736490681 0.5161708942565811 0
0.3144676137501709 0.9183799960152175 0
0.328350491649519 0.245042403062173 0
0.3328206952640265 0.2372988681781372 0
0.3238795166786871 0.2527865418278123 0
0.5075902301458465 0.1367060116946351 0
0.534137663247588 0.2140087904824116 0
0.1987670464493134 0.08253146459383712 0
0.3511900871684236 0.08254398528604706 0
0.3421272359427754 0.08256568539242588 0
0.1896448716905797 0.856471599434804 0
0.1227814526438148 0.7714520544175861 0
0.1229272152101195 0.5239188934116229 0
0.0781206774168689 0.105800497513647 0
0.3820776295444633 0.3069770698122181 0
0.2747004581280167 0.1057355681072597 0
0.163123028637895 0.2993370852927246 0
0.8336462733269109 0.09808920052493882 0
0.2702340696505145 0.0825278491026339 0
0.9228377760353655 0.1289726022856274 0
0.9183833001347964 0.1366876039379679 0
0.3233907931258196 0.918387266131701 0
0.3235524200827987 0.4693042527699174 0
0.3190756183542958 0.4615555707382922 0
0.2743193183209973 0.9260524017160978 0
0.265404072575325 0.9260425506921517 0
0.1139347960483776 0.5083981567981373 0
0.1049656440930062 0.5083364586563226 0
0.149422959623423 0.9104979407210104 0
0.1538719143360593 0.9182129069027367 0
0.1229256026752971 0.5084380323863852 0
0.3011836687582906 0.4770609475355213 0
0.07365576176678466 0.1135342848136715 0
0.07812046909805297 0.1212676124608868 0
0.2791667735156306 0.08252772190218495 0
0.1227716661741148 0.07486319377832835 0
0.1138415154509156 0.0748635562697576 0
0.1317019100635971 0.07486281986995537 0
0.3467411412170947 0.07481105831884897 0
0.3557499320986421 0.07482855923266721 0
0.337804076107375 0.07480976620791888 0
0.3328216772413744 0.2527854889892431 0
0.328350983504048 0.2605297920518366 0
0.2613009277916146 0.08252755022141867 0
0.265786465461134 0.3534585716738059 0
0.4000006707791437 0.3689814388397383 0
0.1451066434768152 0.2837330881027064 0
0.2300249506794257 0.1831158684412822 0
0.2255566685289747 0.1908548471464624 0
0.221088798098013 0.1831159019189073 0
0.2166206732253128 0.190854575250599 0
0.2121528809917808 0.1831159665230748 0
0.08701652759411101 0.4307667117861487 0
0.08254864549334834 0.4385031787676904 0
0.0780827279451628 0.4307660387451967 0
0.0736152179617106 0.4385019935188404 0
0.07808075757030264 0.4462390542722099 0
0.2791739040268062 0.1598977107845734 0
0.2836418475544552 0.1521590599974075 0
0.2881094020292344 0.1598977424735828 0
0.292576842931014 0.1521594528502338 0
0.2970449631902057 0.159897820565531 0
0.8247206607211945 0.1599216550784146 0
0.2386789927623544 0.848777048045364 0
0.9272908994976499 0.1366874378952745 0
0.9228373320652553 0.1444014230528076 0
0.1316020213341672 0.925913946282197 0
0.3779887433148549 0.1754185181869745 0
0.3735233077507696 0.1831620935911797 0
0.9272922016508632 0.1212589091852389 0
0.3189226075930015 0.9261108283363961 0
0.3278459182623228 0.9261190608647074 0
0.3280248216571978 0.4615527269417779 0
0.3235476931697956 0.45380399102503 0
0.3145987541273315 0.4538069112804159 0
0.3190704664239667 0.4460543462445601 0
0.3280196154367515 0.4460521239624989 0
0.3235420349416786 0.4383017583875857 0
0.3325018821255178 0.4693017697282154 0
0.2657708022251682 0.07479242549518296 0
0.2568356105717364 0.07479199848907242 0
0.9317437347352581 0.1444013757032 0
0.9272907547515948 0.1521149928701052 0
0.9183839096401318 0.1521152047554757 0
0.9228380175882505 0.1598286978352798 0
0.118404475691191 0.500665333749027 0
0.3015126671212054 0.1521591614293618 0
0.06914766734436642 0.4462378845450383 0
0.07361302535331123 0.4539747178709171 0
0.3553596749041683 0.1676938387400052 0
0.1583289701270444 0.9105029386561905 0
0.1627771098964447 0.9182180448547184 0
0.1583207332554898 0.925927027909941 0
0.1672237971289937 0.925931388039795 0
0.171681479071108 0.918223441070246 0
0.1761276416971127 0.9259365904770182 0
0.2609536761103254 0.9183219524557574 0
0.256492359544674 0.9260355312217463 0
0.9139303084087229 0.1598294404326586 0
0.9183848892372657 0.1675430666375928 0
0.9272918222630782 0.1675395271437997 0
0.9228394369039663 0.1752533877232499 0
0.9139375070442691 0.1752540448204503 0
0.9183879757757444 0.1829696547655591 0
0.927294700830458 0.1829605150196502 0
0.9228423851144073 0.1906819006377717 0
0.9139400331452953 0.19072043421934 0
0.9183949028555894 0.1984025834377582 0
0.9273556360401579 0.1984511464261312 0
0.9228881171888474 0.2061459255718046 0
0.9139502155331944 0.2061201728024759 0
0.9184049405908858 0.2138335916939674 0
0.9095017677019493 0.2138375813909328 0
0.9139493130126626 0.2215461959122509 0
0.9050499246282501 0.2215544271499314 0
0.9094961837810722 0.2292629173357059 0
0.9006034504561549 0.229314051955704 0
0.9050441655440402 0.2369836452204715 0
0.9139516425563938 0.2369760501537494 0
0.9094993928954375 0.2446970022256461 0
0.9005851234097421 0.2446996719720851 0
0.9050451085845702 0.2524182285141658 0
0.8961425519116215 0.2524302498458528 0
0.9005929610192492 0.260145108133519 0
0.8916899830596199 0.2601577679601251 0
0.8961384042305716 0.2678729137304948 0
0.887223064624542 0.2678792310396177 0
0.8916802277697663 0.2756010457274554 0
0.882771979545304 0.2756135968816203 0
0.8872227554069059 0.2833326632145232 0
0.8783138423482291 0.2833462016438657 0
0.8961453995721912 0.2833230889209586 0
0.8827643335095297 0.2910659835326926 0
0.8738527386434265 0.2910792603240691 0
0.8783044222463554 0.2988009096855963 0
0.8693735026632312 0.2988042042771877 0
0.9095072996571093 0.260137781839809 0
0.8738395662239179 0.3065351223217683 0
0.8649074569335358 0.3065373878693836 0
0.882770812364855 0.3065311421580261 0
0.8604384587793152 0.2988046354914791 0
0.8559742619334714 0.3065407016628278 0
0.8515048575806536 0.2988066589907237 0
0.8470404388147452 0.3065422963605415 0
0.8425705503032224 0.2988087015003841 0
0.8381056270964838 0.3065453310080176 0
0.8336352087080693 0.2988110016997834 0
0.8291697299799733 0.3065472389391591 0
0.8246987633160154 0.2988131454743355 0
0.8202329363437869 0.3065528218984285 0
0.8157482339150632 0.2988052777077785 0
0.8112924982699955 0.3065522482751483 0
0.806806835353603 0.2987994249726663 0
0.8023524820419269 0.3065534792701273 0
0.7978732040802974 0.2988029074286701 0
0.7934149014660773 0.3065618336253404 0
0.7889403134511748 0.2988196892655057 0
0.7844736290809623 0.3065630349833699 0
0.7799997364713193 0.2988239637876776 0
0.7755315943042467 0.3065663203244742 0
0.7710575700570041 0.298827120316015 0
0.7665885897430118 0.3065696348950113 0
0.762114243085947 0.2988299160395375 0
0.7576447341754176 0.3065728054717348 0
0.7531700289950366 0.298832505898487 0
0.7487001600197278 0.3065759210260762 0
0.7442251428368833 0.2988350812851699 0
0.7397549635693546 0.306578864437014 0
0.7352796626571556 0.298837653604334 0
0.7308093121263977 0.3065847986707929 0
0.7442686785997488 0.3143274796815781 0
0.7263336941780583 0.298840746924909 0
0.7218630047702016 0.3065854059911806 0
0.7173872362676917 0.2988430699614126 0
0.7129163385444073 0.3065886502659857 0
0.708440431076645 0.2988457696300481 0
0.7039693944801123 0.3065942016338518 0
0.6994932439371588 0.2988488870266167 0
0.6950220515291241 0.3065951850496988 0
0.6905458123175912 0.2988513524537951 0
0.6860745062642188 0.3065979419028775 0
0.6815982145553936 0.2988540438119361 0
0.677126809678726 0.3066031510309313 0
0.6726502523754597 0.2988570605175887 0
0.6681788657217114 0.306604200297818 0
0.6637021148268774 0.2988594348669963 0
0.6592308071773181 0.3066071044762849 0
0.6547541585148842 0.2988622735555825 0
0.6502826933954734 0.3066099862364092 0
0.6458060832728496 0.2988652060784822 0
0.6413344960590648 0.3066130616144301 0
0.6368578499647324 0.298868064593096 0
0.6323862184238409 0.3066159599981034 0
0.6279095403070948 0.2988708891259134 0
0.6234378824563913 0.3066189600740697 0
0.6189611808688265 0.2988737275127058 0
0.6144895222602023 0.3066236581928277 0
0.6100127834786856 0.2988768590195773 0
0.6055410941522321 0.3066250893076328 0
0.6010643561452513 0.2988794951983381 0
0.596592655876991 0.3066283399263923 0
0.5921159079838889 0.2988823559663522 0
0.5876442019611227 0.3066312500168903 0
0.5831674472466197 0.2988851991267295 0
0.5786957369442602 0.3066344598876239 0
0.5742191283508862 0.2988880927611743 0
0.5697472916748463 0.3066373642716975 0
0.565270600074493 0.2988912701061029 0
0.5607988152034863 0.3066405693698419 0
0.5563222715710785 0.2988938484946378 0
0.5518503694310659 0.3066434176169184 0
0.5473737666598638 0.2988966899411676 0
0.5429019053796675 0.3066476555427594 0
0.5384253026539095 0.2988997622692563 0
0.5339534531657488 0.3066507559337067 0
0.5294769750512233 0.2989025746192471 0
0.5250049874323537 0.3066535106712298 0
0.5294816847796664 0.3144020965934241 0
0.5205327651043173 0.3144048434942238 0
0.5160565162235149 0.3066561687989748 0
0.5115839052998826 0.3144074702610114 0
0.5071075581910857 0.3066588433923113 0
0.5026350089483187 0.3144100628303846 0
0.8783068931033806 0.3142677852222352 0
0.8872410860779278 0.3142642000745952 0
0.8336502433576733 0.3142686961326053 0
0.8068282351577799 0.3143025384020076 0
0.7800059587792013 0.3143149810715969 0
0.7174270427724939 0.3143365622772895 0
0.6905731015708271 0.31434234790505 0
0.6279305329065327 0.3143641522591824 0
0.5652834125820689 0.3143865570583664 0
0.6637267845006938 0.3143517195125096 0
0.6010824888544042 0.3143734010393735 0
0.4981584101986814 0.3066614675500117 0
0.493685963845099 0.3144125328956012 0
0.4981627455148733 0.3221615736999951 0
0.4892131009833561 0.3221634826982143 0
0.5250096451091852 0.3221538426861172 0
0.4892096695529184 0.3066637103378284 0
0.8827760618628528 0.3220025942716039 0
0.8917121234073809 0.3219987719716533 0
0.9273980589358204 0.2139088805924655 0
0.4936902784884002 0.3299133861440771 0
0.4847405214489063 0.3299159566156465 0
0.8738632118805427 0.2756895946056724 0
0.1273966433306359 0.5007027474708945 0
0.06914959962322759 0.4307647995961618 0
0.3101217025412442 0.4460560809482418 0
0.06919076826128889 0.1212679748937002 0
0.07365546633677203 0.1290012931506074 0
0.1183062864853056 0.06712973970022956 0
0.109376449698966 0.06712998455013819 0
0.06919067019832786 0.1058007703730415 0
0.3780035232831914 0.09802244666645821 0
0.07365545054357031 0.09806710651841163 0
0.8202536840989765 0.1985567797658601 0
0.1538802681407439 0.9027869525370165 0
0.1584628369788995 0.8023910646594861 0
0.332314598393228 0.9183993537969277 0
0.332491643310781 0.4383001875798577 0
0.3280140901586008 0.4305506333379665 0
0.3423116476868671 0.06708361912728268 0
0.3333001652852098 0.06706254862189814 0
0.1942985886557658 0.1057385870562182 0
0.3372933770586899 0.2605292345612226 0
0.2076849332811052 0.190854346018634 0
0.2032173068950195 0.1831159882928569 0
0.3328222383564461 0.2682738894997715 0
0.8872359738488464 0.2525027838302651 0
0.2698539890893673 0.933767142950737 0
0.8381011555288377 0.2910723961516054 0
0.5026315384782574 0.2989105400464899 0
0.1228996567743059 0.4929433424554187 0
0.8872474284396559 0.3297385333827164 0
0.8961828641768957 0.3297341427564134 0
0.9006468753033137 0.3219947495292351 0
0.9051171396097026 0.3297285352769137 0
0.9095794984986411 0.3219909700474876 0
0.914049083489347 0.3297225941590879 0
0.9185099659018892 0.3219882315031317 0
0.9229779741316693 0.3297164299260962 0
0.9274369216201139 0.3219851248781744 0
0.9319031620546816 0.3297098551728795 0
0.8783106151963281 0.3297424879423631 0
0.3194083878206567 0.2140734987107767 0
0.1361673805880312 0.08259644991488352 0
0.1406322210760598 0.07486238175068866 0
0.1805855250893123 0.9182288346603019 0
0.1850707530669948 0.9259582442275822 0
0.2520432199625881 0.9183168604121046 0
0.2475834182037319 0.9260295983077191 0
0.1316552053602405 0.8487339580775883 0
0.4892176716378894 0.3376658437433395 0
0.4802673466730894 0.3376683790285664 0
0.47578993199449 0.3299178636326673 0
0.4713168889722639 0.3376706358301361 0
0.4668397587157084 0.3299205732064234 0
0.4623665405272972 0.3376729910447797 0
0.06468022936896538 0.4539735372612024 0
0.06914548044852874 0.4617100247658129 0
0.9050240750669689 0.1289896858264633 0
0.2210883910288875 0.1985931756415677 0
0.1318732890557992 0.4929692681139375 0
0.1363414078447756 0.5007113096819615 0
0.2702453653767841 0.2837539671531905 0
0.06472561373663502 0.09806737081871877 0
0.06919026400559238 0.09033390268245323 0
0.3824673577269956 0.1831525927537969 0
0.3779975352080059 0.1908940088712742 0
0.9363589993693051 0.3219800216516308 0
0.9318957212157072 0.3142571667133351 0
0.2613044526291041 0.06705684052418336 0
0.2523699121022015 0.06705676241982969 0
0.06472582103169708 0.1290016715226003 0
0.06919044231248242 0.1367349830808958 0
0.1627642335962367 0.9336422103551436 0
0.06026066415879942 0.0903341698848632 0
0.06472518187701334 0.08260086328459768 0
0.333236025684908 0.0825498912730612 0
0.3554775253077215 0.1520816302903912 0
0.3233780643477325 0.9338416162182674 0
0.3322998503375794 0.9338499727902662 0
0.1273759750846639 0.4852093090378899 0
0.2431340442764455 0.9183116849395078 0
0.2386753958802793 0.9260240893520147 0
0.243123616155209 0.9337408201369618 0
0.2342169521874408 0.9337355988466186 0
0.2342257180320217 0.9183065327335372 0
0.1363467387963156 0.4852332630119918 0
0.3369634981221852 0.4305485899007533 0
0.3324861446660131 0.4227995674466092 0
0.3235367919912815 0.4228016700800316 0
0.328008934354932 0.4150508729620217 0
0.113840974039182 0.05939635368706158 0
0.1049113573659489 0.0593966432996459 0
0.06026087242919272 0.1367353802976784 0
0.0647254795471211 0.1444687243842968 0
0.05579607392833041 0.1290017167469502 0
0.1318476894633401 0.4774431632460958 0
0.1408190750898541 0.4774913569922712 0
0.9005926512964867 0.2138960928981658 0
0.3417649405537573 0.2682736281324352 0
0.3462360528841424 0.2605286303216654 0
0.3238797417841736 0.2682740861426977 0
0.3283509932125262 0.2760187235749219 0
0.5518456076756112 0.2911461849247248 0
0.6144835652091891 0.2911267697067931 0
0.6502776502815102 0.2911152333467575 0
0.7665838274182191 0.2910841608953958 0
0.4578894504607907 0.32992299536029 0
0.4534162122990267 0.3376753315410755 0
0.793402455518184 0.2910637570135363 0
0.7308044060479318 0.2910931709113203 0
0.7039645442016398 0.291099671678968 0
0.6771217000169114 0.2911070693233828 0
0.578690349649047 0.2911379287298034 0
0.3190600047557668 0.4150536461275501 0
0.3414349493114424 0.4227978201872045 0
0.06021194454279758 0.4617080802990666 0
0.06467784460573828 0.4694449572720095 0
0.9408227244410444 0.3297011864917866 0
0.2568354974419681 0.05932193908112258 0
0.2479038228706432 0.0593219041900591 0
0.2658737012975235 0.05936352203604196 0
0.9363717815150939 0.3374308327003864 0
0.9006592224421462 0.3374704446989434 0
0.9408142430002916 0.3142489211752509 0
0.9363539211400386 0.3065317185625641 0
0.3690629097326665 0.1908957966505745 0
0.3735289521895228 0.1986339803154038 0
0.07807828321604657 0.4617114581707033 0
0.1987495468145756 0.1908541432038217 0
0.1942821117656318 0.1831158887622081 0
0.225550478498325 0.2527725402580753 0
0.3149538735374435 0.330232180290097 0
0.1629852973399691 0.2372995345597712 0
0.4670343324136054 0.2371458589145246 0
0.2029804198032667 0.8332842465714936 0
0.3235315876325292 0.4073026518781125 0
0.3869375459229 0.1908928819623146 0
0.3914076948793127 0.1831516197431263 0
0.05579574083628795 0.08260106215678181 0
0.06026023276009334 0.07486786439110957 0
0.3378317418221398 0.05935345214549079 0
0.3288717051800288 0.05932585015086268 0
0.341439594911274 0.4382993693155815 0
0.2386645996406693 0.941450479318744 0
0.2297604060185786 0.9414446604964969 0
0.3059807676702027 0.1598976764943986 0
0.1362729055206038 0.4696578100013168 0
0.1452834492209286 0.4697450259634355 0
0.05579598275998875 0.1444692137352831 0
0.06026103154605151 0.1522028397568097 0
0.9452890999391382 0.3374240076359444 0
0.1450977648637617 0.0825961258024609 0
0.1495606685437353 0.074860835826907 0
0.145096725479281 0.06712810104252154 0
0.1540250239638228 0.06712647766972792 0
0.1495613741594504 0.05939401659650506 0
0.1584914767910722 0.05939350936391317 0
0.4847447806215967 0.3454186443829943 0
0.493695671562648 0.3454159875921913 0
0.8693393890916077 0.1135538284962107 0
0.292576272950525 0.1676366528098537 0
0.0691895162562623 0.1522040157270919 0
0.06472533385276859 0.1599372524417514 0
0.3144883339671467 0.887455083952619 0
0.3234215254132071 0.8874624493041827 0
0.05574724753908889 0.4539713801377516 0
0.05579511845273803 0.1599380466701043 0
0.0602603808020821 0.1676714488969169 0
0.06918928533083102 0.1676730178607916 0
0.06472634055394065 0.1754045658912322 0
0.05579557421665429 0.1754050121291928 0
0.06026091889855954 0.183138872552045 0
0.3278313918704847 0.9415711299346039 0
0.3367531615101294 0.9415800322768815 0
0.318910569283949 0.9415608307083583 0
0.05574458587245241 0.4694430093806363 0
0.06021047468603186 0.4771797461622549 0
0.9452688003493592 0.3065241416482694 0
0.9408094772245715 0.2988103690653748 0
0.3104483586087667 0.1521588406796297 0
0.3059802457807601 0.1444204049550719 0
0.3149158214714642 0.1444201062917589 0
0.3104479794067386 0.1366819324539366 0
0.1407704125532255 0.4619594832673597 0
0.1497586795759401 0.4620123245726123 0
0.145234775917928 0.4542533781140166 0
0.1542302826328956 0.454280444661959 0
0.1496556932037468 0.4465244159724005 0
0.15869411891567 0.4465447420096801 0
0.1542515897663859 0.4388069382969208 0
0.1631859055068391 0.4388101740542326 0
0.1587009795839427 0.4310547569108615 0
0.1676580079748822 0.4310698701272306 0
0.1631696638342008 0.4233133269527543 0
0.1721085480100416 0.4233177971719103 0
0.1676606013995161 0.4155848569590462 0
0.1765808384085836 0.4155534715420809 0
0.1721363989013467 0.4078431191782969 0
0.1810759428462162 0.4078220579886829 0
0.1766135516757545 0.400104533305394 0
0.1855534639616654 0.4001087860231077 0
0.1810885324538599 0.39237168243718 0
0.1900278017182278 0.3923746201209103 0
0.1855617532122154 0.3846317067920911 0
0.1944780691797326 0.3846222007627947 0
0.1900311792561376 0.3768894178027613 0
0.1989470463152074 0.3768525636466366 0
0.1945031885278445 0.3691438694258186 0
0.2034429987875262 0.3691200699712991 0
0.1989802222882728 0.361403997443544 0
0.2079209150758589 0.3614082336185327 0
0.2034554165636177 0.3536702416676905 0
0.2123955755940114 0.3536736506146494 0
0.2079291925814278 0.3459300099658925 0
0.2168695751265281 0.3459341831475706 0
0.2124029232379299 0.338189746084886 0
0.1900409729961053 0.3614045296855864 0
0.2034626107740893 0.3381858207933496 0
0.2079361988562619 0.3304455713025738 0
0.2213435291012101 0.3381936707797039 0
0.1894965676300348 0.9182369926431254 0
0.1850433466510575 0.9105201908925294 0
0.1766224521601479 0.38462804767841 0
0.1939491205622647 0.91052569394073 0
0.3189571632543474 0.8797227509683734 0
0.3278936071235319 0.8797310399099597 0
0.3234322882127193 0.8719913898304767 0
0.3323667327659079 0.8719977652560443 0
0.3368291210196025 0.8797400053672251 0
0.3413032069349092 0.8720036960682174 0
0.3368402710580579 0.8642607434873636 0
0.3457783841364548 0.8642664522852714 0
0.3413140666105324 0.856521683590699 0
0.3457656149901985 0.8797467930783672 0
0.2523690600368436 0.05158724804862419 0
0.2434381276559552 0.0515873973735498 0
0.1540263606653594 0.05166030878633113 0
0.1629563461594213 0.05165983397231473 0
0.1093758055223551 0.05166323957289791 0
0.100445398692631 0.05166404562175515 0
0.3645900343001429 0.1986330718904839 0
0.3690585692153858 0.2063743771927639 0
0.4578932796805151 0.3454205667805421 0
0.4489427272086156 0.3454271884453191 0
0.1989964114208803 0.3304416549236001 0
0.1228292110928403 0.4773295137580895 0
0.3507080284056427 0.268273271248141 0
0.3551792654176912 0.2605281098322756 0
0.1987495972769602 0.1753779202579864 0
0.1898151883631234 0.1753778412951399 0
0.185347433399892 0.1831155936036744 0
0.1808803434271998 0.1753779574529602 0
0.1853480033080233 0.1676404283612203 0
0.1764134701469005 0.1676405966574826 0
0.1808804489196714 0.1599036348393798 0
0.3149384713030591 0.2063321853742938 0
0.06918996951201839 0.1831405118555941 0
0.06472504619221589 0.1908735947506724 0
0.0557953265897525 0.1908730593949607 0
0.06026042019077505 0.1986070982620019 0
0.06919016535286594 0.1986077764279721 0
0.06472555649248168 0.2063413603823117 0
0.05579499460216714 0.2063410224104139 0
0.06026011789763176 0.2140752685361767 0
0.06919091519674117 0.2140756787459758 0
0.06472501540389863 0.2218101474184069 0
0.07365579406515169 0.221810133183431 0
0.06919026588286685 0.2295448208742543 0
0.07812135616744084 0.229543778559304 0
0.07365557076360672 0.237279644199729 0
0.06472417716187866 0.2372794366954659 0
0.06918944730820835 0.2450144937356262 0
0.0781209954867267 0.2450150655556897 0
0.07365472617564621 0.2527499009504987 0
0.08258660520310675 0.2527504932127208 0
0.07812015578601125 0.2604855615392047 0
0.06918818367702273 0.2604848975731601 0
0.07365352037621961 0.2682206669118756 0
0.08258572437108068 0.2682213024128008 0
0.07811894817441407 0.275956426789754 0
0.06918682975708895 0.2759557222977155 0
0.07365215038616423 0.2836914581819516 0
0.06472016463661673 0.2836905260323742 0
0.06918535754125878 0.2914263514957705 0
0.07811755291661145 0.2914273056795894 0
0.07365050142444525 0.2991622835272628 0
0.06471854045920086 0.2991611442575784 0
0.06918352658509201 0.3068971690737844 0
0.06025171456066609 0.3068960787499734 0
0.0647166976471158 0.314631988033892 0
0.05578493744418314 0.3146309519936744 0
0.06024986763197827 0.3223666232789547 0
0.08258252675051186 0.2991644967681757 0
0.05132012549263699 0.3068946842525361 0
0.05131828393870069 0.3223655843183872 0
0.05578312008942043 0.330101226042761 0
0.06471487959207035 0.3301022806358227 0
0.0602479854487921 0.3378370036165761 0
0.0691737597837484 0.3378398912169454 0
0.06471036281948001 0.3455722977437952 0
0.05578068097643966 0.3455713638795029 0
0.06024541971102923 0.3533074506768631 0
0.06916812975258092 0.3533107326070803 0
0.06470752870467431 0.3610431562668622 0
0.05577815859045055 0.3610421776901271 0
0.06024140635106047 0.3687774362371868 0
0.0512785464606741 0.4771784657473563 0
0.0557435247856669 0.4849145716892795 0
0.3194080083997626 0.2760185935636464 0
0.3238795525794559 0.2837637004163848 0
0.4489393327968937 0.3299252704963507 0
0.4534123027546367 0.3221733723297845 0
0.0513111693014928 0.3687766861523053 0
0.05577440187509781 0.3765117840697667 0
0.314583102678259 0.4073059953366519 0
0.319054456749653 0.3995548722705745 0
0.3280029601980886 0.3995514837974167 0
0.05133093061402741 0.07486807765771969 0
0.05579531587740411 0.06713503223115687 0
0.9408378326569526 0.3451532512215526 0
0.05133117383023272 0.09033401613668464 0
0.06467493951231876 0.4849162893157544 0
0.06020829765020601 0.4926507319104563 0
0.4892224721394453 0.3531694550806266 0
0.4981742507216346 0.3531666885326377 0
0.9497208302592789 0.2988063426533438 0
0.9452635517262045 0.2910922537968378 0
0.9541816753128896 0.3065145946262615 0
0.2034696188635175 0.3227017436802573 0
0.05132933760161157 0.2140749865475978 0
0.238684366109075 0.9105939366960421 0
0.23897261140411 0.05932177968597298 0
0.2345072085126248 0.05158741308689438 0
0.216635346416916 0.09800017821504151 0
0.2210973809902409 0.136683645966039 0
0.9541720437674972 0.2910885037344814 0
0.9497158681225677 0.2833764203983071 0
0.05127629957282219 0.4926489706013891 0
0.05574094949665563 0.5003853044832793 0
0.1676553204411667 0.4465538008775565 0
0.190009015512851 0.4078443460730367 0
0.3958770170749576 0.1908931437386145 0
0.4003468895847975 0.1831516755075158 0
0.3101115607145514 0.4150568647849729 0
0.2658215709484502 0.3224881525358028 0
0.1451089172608133 0.252786029841587 0
0.2478976442223457 0.2140747557723932 0
0.2702441746219696 0.2527838648042383 0
0.7979435379687417 0.1444648182815819 0
0.949753953536125 0.3451472317584092 0
0.3233650151391106 0.9492893873484489 0
0.3144505770974975 0.949281092975849 0
0.3333443788276866 0.05160380075222921 0
0.3244090686151747 0.05160063356704116 0
0.3423027440750516 0.05162161664575894 0
0.3199419396812456 0.05932196389790946 0
0.3154772447379187 0.05159885906262428 0
0.35025440593722 0.8565276158250971 0
0.3457890896720411 0.8487816402312929 0
0.2342075951704682 0.9491584468341565 0
0.2253046719413685 0.9491525889536783 0
0.243110363359974 0.9491647003613974 0
0.04684422725955768 0.3765110761598308 0
0.05130716894315041 0.3842458911686555 0
0.1584911316194521 0.04392660175440622 0
0.1495613270213901 0.04392707491458094 0
0.1674209329997663 0.04392616027630813 0
0.9586215924134721 0.2833726206180733 0
0.9541661547051682 0.2756615075358954 0
0.3149166686724498 0.159897442856116 0
0.3238739185910451 0.2063313351286847 0
0.4534199727153292 0.3531727225560724 0
0.4444686709556444 0.3531799761533196 0
0.1586642565638152 0.4154958252709262 0
0.3193844012498548 0.1366809640275333 0
0.3149166125999052 0.1289430253368164 0
0.06467304071534093 0.5003867948666901 0
0.06026674262399748 0.5081566643508888 0
0.05128386443382735 0.5081256859433599 0
0.05581117631512351 0.5158978704726478 0
0.04682032757685624 0.5158621842634299 0
0.05128769698222783 0.5236121576258831 0
0.1894996930085636 0.9028096766363345 0
0.1540358103383042 0.08258422776844232 0
0.936331959211459 0.2910893635655953 0
0.06917545906105196 0.3687799377989988 0
0.1764128414532241 0.1831153957240622 0
0.1719465899262761 0.159904957510079 0
0.1764134591145588 0.1521672179368566 0
0.149564562651112 0.09032822380552065 0
0.1718862804682494 0.0516593206046707 0
0.1763507981067686 0.04392550081861172 0
0.3368481136563327 0.8487761763171578 0
0.3413233335134999 0.84103585994334 0
0.3502646550117468 0.8410406933218356 0
0.3457986043889799 0.8332937729087685 0
0.1497649179313245 0.4775055799935954 0
0.2123883635746293 0.3691440544997725 0
0.4444626131347506 0.3221757060688046 0
0.4489353844614511 0.3144242115204865 0
0.2258103627261316 0.3459386895129851 0
0.3056350673062679 0.4073094716022009 0
0.301163839049847 0.4150596161658314 0
0.04686613273279384 0.06713527758871052 0
0.05133049224024157 0.05940231205241975 0
0.06025962620426818 0.05940201628930089 0
0.05579480892044204 0.05166936193649604 0
0.0468657193478037 0.05166968527502255 0
0.3547414101213252 0.8332987275602518 0
0.3502743779170233 0.8255507465590186 0
0.9542100848941104 0.3374213598629069 0
0.3189013062431224 0.9570041651066755 0
0.3099914841034087 0.9569957163426175 0
0.3600846047208631 0.2063737208329618 0
0.3645823226646301 0.2141162945962277 0
0.3735272217081074 0.2141170020801185 0
0.369056281155578 0.2218593818704466 0
0.3779976209110482 0.221860194955761 0
0.9453051874403938 0.3528756795377564 0
0.9363986890468283 0.3528966544642115 0
0.9542204082196168 0.3528707046905867 0
0.3554984226678933 0.1986600527535179 0
0.3110107425165357 0.05933299502712491 0
0.30654608491299 0.05159968931109378 0
0.3735268118770583 0.2296028842649164 0
0.194530268200685 0.3226979582982287 0
0.1900571510264082 0.3304373407302499 0
0.1362624352813142 0.4541950577206374 0
0.4937005073807177 0.3608953137701039 0
0.5026496594972812 0.3609537883587486 0
0.3378126520644779 0.04387206571820777 0
0.3467657608819574 0.04388315073579589 0
0.4489463001686234 0.3609322057651962 0
0.440018287176548 0.3609206136450336 0
0.4355208348752144 0.3531806754182408 0
0.3110123545040683 0.0438660010343433 0
0.3020813626612364 0.04386536034170819 0
0.2297429105083074 0.910582183325929 0
0.2208574506164395 0.9414404380533028 0
0.2164026218118644 0.9491478592586831 0
0.1990033068751837 0.3149583076082284 0
0.2079425306525958 0.3149619162748536 0
0.1984061978781595 0.9028151948666263 0
0.3055412237157396 0.949276107995235 0
0.301082535127332 0.9569886648197996 0
0.3596517168072151 0.2682729426052144 0
0.3551803705946298 0.2760183657909709 0
0.1585053689845383 0.09031731365010826 0
0.2342291718128462 0.9028742746756896 0
0.3278120325014751 0.9570124989723767 0
0.2300416692423193 0.05932167123257118 0
0.2255580087642818 0.05158792950921165 0
0.7577207092600524 0.2140133241837688 0
0.8381068722931039 0.214019983099218 0
0.1405777133565932 0.8333030740006884 0
0.7934651210037963 0.2140113011470714 0
0.9361970933984424 0.1366887735189556 0
0.940648500363075 0.1444012883028377 0
0.9451010558103531 0.1366907869652057 0
0.9495514757663475 0.1444005995122866 0
0.9540026866350191 0.1366916380530463 0
0.8559463926890253 0.1830998871944183 0
0.1807214226376178 0.8410278216072415 0
0.8827257702960947 0.09037124651224189 0
0.122697481837421 0.9259097023621738 0
0.1271459501663698 0.9336229024612314 0
0.1182429504295961 0.9336192526312685 0
0.1226905550321232 0.9413309739148943 0
0.1137887592751196 0.9413275195339493 0
0.1182370730537692 0.9490375814734704 0
0.1093361876228172 0.949033982952147 0
0.1048877322233859 0.9413259705103867 0
0.1004356864631967 0.9490305489912063 0
0.0959861316437431 0.9413223242672493 0
0.09153343344400312 0.9490276354092133 0
0.08708313973892418 0.9413166215046219 0
0.08263104005129948 0.9490237377215636 0
0.07817857148182303 0.9413124945161144 0
0.07373235468914782 0.9490195491293234 0
0.06927682999511427 0.941305576941888 0
0.07372939669237402 0.9335955073252309 0
0.06482783436540447 0.9335952051097152 0
0.069278121282888 0.9258770806374946 0
0.06038203661052922 0.9258734962397238 0
0.06482746243007007 0.9181612141315756 0
0.06039056286706563 0.9413061057176786 0
0.1271369734046708 0.9490418625465963 0
0.05592160143049427 0.9181492175515145 0
0.06036759178306546 0.910442271959081 0
0.05146575317260606 0.910435569749926 0
0.055912943810251 0.9027150876847119 0
0.1226840899763919 0.9567476717712029 0
0.1315829475952093 0.9567514994312605 0
0.07373044480627949 0.9181684718227408 0
0.04701898324463429 0.9027073822332758 0
0.05146494399776819 0.8949857565644482 0
0.06036866281584977 0.8950023938952497 0
0.05592422217448337 0.8872652474511511 0
0.04700635940931775 0.8872603411810701 0
0.05146930927663147 0.8795370628292536 0
0.06038898544157129 0.8795410974831276 0
0.05593376653506216 0.8718138762006836 0
0.0470129800813716 0.8718093770020698 0
0.05147736833105775 0.8640860723762351 0
0.06039852190239667 0.8640909021217716 0
0.05594210980765658 0.8563628085717988 0
0.06486316474153425 0.8563679327431395 0
0.0604071068921687 0.8486389885671213 0
0.05148510762312984 0.8486338186930635 0
0.0559506078857164 0.8409093984045345 0
0.06487314168674055 0.8409148005233222 0
0.06041657174340463 0.8331847105633752 0
0.06933968999472423 0.8331900489784545 0
0.06488264073633745 0.8254597562470334 0
0.07380626213358585 0.8254650544126054 0
0.06934897710462463 0.8177342821178097 0
0.06042481511374867 0.8177291220100431 0
0.06489192982416106 0.8100027199911133 0
0.05596658891680651 0.8099976694801314 0
0.06043440101970554 0.8022703877701052 0
0.05150844405730773 0.8022650981932804 0
0.05597600865136058 0.7945375234301641 0
0.04702779162864584 0.8409043124167477 0
0.07827267200473666 0.8177399385972945 0
0.0649024396308588 0.7945430165026762 0
0.06044393960314171 0.7868096239460708 0
0.05151735995795742 0.7868041370262462 0
0.05598539393598568 0.7790759080749978 0
0.04705831505015087 0.7790703201868628 0
0.05152661307333196 0.771341775243225 0
0.04703775866263255 0.9181456674823464 0
0.04704084174691481 0.8099928003266939 0
0.087088698876365 0.9567341832213991 0
0.3731307648721532 0.3224723800099524 0
0.167472668454193 0.152175391258406 0
0.1719456474383495 0.1444320056723069 0
0.3059806283247185 0.1289438955353999 0
0.3104477565824401 0.1212061056968703 0
0.9274194769116401 0.3065274442472524 0
0.07361684909598633 0.4230292300503158 0
0.06468405494750337 0.4230280859208473 0
0.0691511796397152 0.4152927665266633 0
0.06021862097466638 0.4152920619902907 0
0.05575152770839244 0.4230272283044417 0
0.05128646446385825 0.4152938873128018 0
0.04681966209476977 0.4230262904865197 0
0.949553263237751 0.1289825421817034 0
0.9584535856234881 0.1289836402557399 0
0.9540046959840023 0.1212753360350541 0
0.06472391417287279 0.05166903572045298 0
0.4044611504579683 0.2682330876239074 0
0.4223822499735975 0.237247534296957 0
0.07365475062750457 0.08260048060902159 0
0.2967120170449192 0.4848114194711618 0
0.2922361564424637 0.4770640214712406 0
0.2877648857627338 0.4848139262579765 0
0.2832891365634864 0.4770667980226062 0
0.2788182149191963 0.4848162732546101 0
0.2743429014684236 0.477069484244965 0
0.2698713004298023 0.4848201054362603 0
0.2788135534673161 0.4693205623147478 0
0.2698675653131953 0.469322695877288 0
0.2743379836723624 0.461574194555309 0
0.8425678317637783 0.1444728321837318 0
0.1806509420272276 0.9336795065731225 0
0.6951181855334736 0.2139979473550755 0
0.820197304957796 0.2910502550578135 0
0.8604065795955369 0.1753747783541192 0
0.8648663461477888 0.1830985709218276 0
0.8693255873544676 0.1753754187580213 0
0.8737855727989264 0.1831054269275674 0
0.8693271853019573 0.19082702715608 0
0.122768036009799 0.322436611768985 0
0.5339485652924681 0.2911520444484247 0
0.4405842092235193 0.1135038544550525 0
0.5965868206453853 0.2911323045156827 0
0.6323802021829656 0.2911212074998479 0
0.6235702781957486 0.2140039769547844 0
0.5788537516391735 0.2140029194730697 0
0.4763264834466923 0.1135072184776403 0
0.0468122527543525 0.46944226338866 0
0.5120691130009277 0.1135102677271673 0
0.5746188125757403 0.1135158255540616 0
0.4804799984653622 0.214011694385855 0
0.7486953722974287 0.2910885401327624 0
0.3059917934194222 0.2063335457201181 0
0.2344932429171695 0.1753768884049162 0
0.2166208734248763 0.175377387722749 0
0.6639663881233969 0.1135193174318475 0
0.3731410940037998 0.3689816212499986 0
0.4048099289438623 0.1134990168793428 0
0.8381095437126169 0.09036006035726769 0
0.8291840066447016 0.09035931982387108 0
0.8336477410499118 0.08262949377475874 0
0.8247215432676815 0.08262893430528902 0
0.8291855097744271 0.07489879244740724 0
0.820258906672614 0.07489825512267516 0
0.8247227741860211 0.0671681166592487 0
0.8157961033049037 0.06716733004026697 0
0.8336493150867418 0.06716879589316824 0
0.8113320943640432 0.07489785642643335 0
0.8068690304857383 0.06716640250097523 0
0.8291866903277106 0.0594380525276921 0
0.8381131464945264 0.05943870029685097 0
0.8024048198760007 0.07489746477438858 0
0.7979415465453302 0.06716574791293159 0
0.8024059925399497 0.05943451306676636 0
0.7934782256727009 0.05943477754925903 0
0.7890136772062539 0.06716540899278002 0
0.7845502361347341 0.05943298212271124 0
0.7800874254062019 0.06716361186214856 0
0.775622011814284 0.05943308793046877 0
0.7711591228636966 0.06716144966470872 0
0.7666932317797319 0.05943243595278537 0
0.7622281039180627 0.06716197243694894 0
0.7577636132392271 0.0594312495206236 0
0.7533006891446307 0.06716174063678081 0
0.7488342973823416 0.05943111034313993 0
0.7443712588257704 0.06715921280015144 0
0.7399044435930255 0.05942854744462786 0
0.7354387663348594 0.06715956664593968 0
0.730973752021163 0.05942947749478384 0
0.7265078439819987 0.06716162084439373 0
0.7220429661377828 0.05942941031336172 0
0.7175769907580922 0.06716165120390383 0
0.7131120391317315 0.05942897173350329 0
0.7086459673620293 0.06716127755672102 0
0.7041809150797743 0.05942833951156376 0
0.6997147502501537 0.06716078532197359 0
0.6952478790777944 0.0594266983670235 0
0.6907830640662209 0.06715680490874144 0
0.6863160594679008 0.05942528438978083 0
0.6818518248739086 0.06715918672976832 0
0.677384428029707 0.05942496962035114 0
0.6729197392322315 0.0671554200150818 0
0.6684525873226083 0.05942383297093918 0
0.6639878278143503 0.06715769385754057 0
0.6595207139074637 0.05942354882023116 0
0.6550558713565892 0.06715766398610518 0
0.6505887190309037 0.0594230537553738 0
0.6461238276593335 0.06715721295534094 0
0.6416583630740701 0.05942154862869948 0
0.6371921004718287 0.06715642032302321 0
0.6327249921360238 0.05942159861333807 0
0.6282596613909287 0.06715159218877914 0
0.6237924552098697 0.05942036032338972 0
0.6193275813040779 0.06715272908099784 0
0.6148617704371153 0.05941906262816777 0
0.6103952855966983 0.06714966467609759 0
0.6059282647262976 0.05941870426682118 0
0.601462726996328 0.0671501259263487 0
0.5969955835802452 0.05941829416935868 0
0.5925303320800714 0.06714720549359857 0
0.5880632109294081 0.0594172652811493 0
0.5835978027580117 0.06714683940942057 0
0.5791324085144011 0.05941687313965482 0
0.5746655912759954 0.06715134630214567 0
0.570198692195954 0.05941683373646928 0
0.565733150991004 0.06715173087083549 0
0.5612659912700069 0.05941648368283126 0
0.5568003970215178 0.06715131134009464 0
0.5523346830709344 0.05941528847170337 0
0.5478680885096687 0.06715056981443199 0
0.5434013482382036 0.05941512664930226 0
0.5389353973848139 0.06714724270050222 0
0.534468579489404 0.05941413628731258 0
0.5300027896923781 0.06714006040553303 0
0.5255361059438527 0.05941230189142714 0
0.5210702421875968 0.06714105134821718 0
0.5166035683012573 0.05941176026316398 0
0.512137693399826 0.06714675497022143 0
0.5076711459032237 0.05941214894055154 0
0.50320516581091 0.06714736753119017 0
0.4987386239312933 0.05941191693697909 0
0.4942726290962827 0.06714702680946011 0
0.4898062156820973 0.05941135050600073 0
0.4853401151786199 0.06714646990466458 0
0.4808737093201131 0.05941076629478501 0
0.4764075962465522 0.06714587185367875 0
0.4719413263407051 0.05941009990921339 0
0.4674751088347434 0.06714524928985217 0
0.4630088526533437 0.05940949159259443 0
0.45854262752289 0.06714463028744219 0
0.454077047138615 0.05940845194273466 0
0.4496102930482604 0.06714389231236562 0
0.445144330101214 0.05940809467351431 0
0.4406778193173762 0.06714333525601709 0
0.4362117975305804 0.05940755130079753 0
0.431745393545713 0.06714272934142868 0
0.4272797950819792 0.0594067684803908 0
0.4228130923704993 0.06714204956051439 0
0.4183474588273183 0.05940608421212475 0
0.7711580297371878 0.05169901125998894 0
0.681846875337341 0.05168856602787182 0
0.6461203861611582 0.05168510896532293 0
0.5567984693606985 0.05167908650961983 0
0.4942717400548436 0.05167545160696295 0
0.4585426468601092 0.0516730359801492 0
0.4138807861082862 0.06714141616834012 0
0.4094150414088345 0.05940561916118389 0
0.8336506297758854 0.05170788172684468 0
0.8425771204932195 0.05170894168404276 0
0.4317465008006133 0.05167150328680556 0
0.5300011124802617 0.05167769119226644 0
0.592527256592829 0.05168188522215103 0
0.7443644603779593 0.05169408876902583 0
0.6193242777485642 0.051683154730111 0
0.7175781627634306 0.0516927077070258 0
0.797932273948162 0.05170045924355929 0
0.4049485118560069 0.06714076173101136 0
0.40048304222067 0.05940489160312065 0
0.4049495584762073 0.0516698488925784 0
0.3960178776753936 0.05166928346152934 0
0.7577665970400896 0.07489105099054229 0
0.7309739744013951 0.07488973073835187 0
0.6952464895315651 0.07488652119223337 0
0.6327219712527319 0.07488079475556914 0
0.6059275337818822 0.07487060394042179 0
0.5433995393498562 0.07487568832938298 0
0.4004839445780038 0.04393466514904552 0
0.3915527895679813 0.04393405516189264 0
0.391551325202203 0.05940393045072905 0
0.8470394299172186 0.05943947547003099 0
0.851503175852524 0.05171005653334915 0
0.8559653302370867 0.05944002983540532 0
0.8604289093303239 0.05171085669842075 0
0.8559669668633826 0.0439808486096679 0
0.8648922231324394 0.04398225206638161 0
0.869353925553695 0.05171164505037235 0
0.8738170161566485 0.04398354616134025 0
0.8782779023879592 0.05172781008725889 0
0.8827406671286094 0.04398766147948014 0
0.887201232747362 0.05173150496534755 0
0.8916635838205262 0.04399004035505517 0
0.8961214792918556 0.05173679650814585 0
0.9005852285293729 0.04399248400590543 0
0.9050381866876018 0.0517573623304471 0
0.9095052701159099 0.04399748123424244 0
0.9139644471958552 0.05172224343269662 0
0.918426076167169 0.04399277816898127 0
0.9228842762484417 0.05171468834055327 0
0.9273438722398319 0.04399413064999844 0
0.9318013411608217 0.0517132422266032 0
0.936259669300422 0.04399457329126036 0
0.9407168029358615 0.05171371970622911 0
0.9362354066579328 0.05944246750279766 0
0.9451676172705015 0.05943388180759602 0
0.9406871914784412 0.06716193208421392 0
0.9496179077675433 0.06715218273820409 0
0.9451695826572887 0.07486385634787937 0
0.9540742370061081 0.07486466870358389 0
0.9451745788466324 0.04399565232061614 0
0.9496081773971917 0.08262600584108701 0
0.9585234898673106 0.08258640030476241 0
0.9184010095437389 0.05950041505704907 0
0.954083281240182 0.05943184438079156 0
0.4764070903156349 0.05167431129560142 0
0.5121364204314762 0.05167652469120595 0
0.5746628050784792 0.05168069787938726 0
0.6639835691416309 0.05168713511828704 0
0.1227733362258119 0.2140901625680345 0
0.1676265738745682 0.4000630369749199 0
0.2523682814475413 0.09799842929532927 0
0.2833029812412148 0.523560590139234 0
0.2788278136145501 0.5158137712796026 0
0.2743567507052088 0.5235625120568541 0
0.2698817790714051 0.5158164005291557 0
0.2654109750696991 0.5235645992646646 0
0.2609362144039987 0.5158190125821165 0
0.2564655872736836 0.5235669169089153 0
0.2609401479030196 0.5313123938475793 0
0.2519952291500873 0.5313146977853668 0
0.2564694263591259 0.5390598629743441 0
0.2519912217119959 0.5158214398056125 0
0.2475248543322379 0.5390620057333962 0
0.2519989120892391 0.5468070576073714 0
0.3462443832797735 0.353321105799094 0
0.3910450615693725 0.3534749505734367 0
0.6997159011180744 0.05169094546360016 0
0.0871763888447516 0.5548550048457869 0
0.2435010602792156 0.2837801189666985 0
0.08716645729636052 0.5858057331897961 0
0.08270376987112983 0.5780669929901041 0
0.0782334211714223 0.5858010688983886 0
0.07377083565320047 0.5780628409170385 0
0.06930061339804333 0.585796367855679 0
0.06483832644364439 0.5780585810099487 0
0.06036837014721121 0.5857916805427404 0
0.05590625833736564 0.5780542704134883 0
0.05143666874477394 0.5857870700748072 0
0.05589846377337463 0.5935243699895447 0
0.06037598174015282 0.5703212283433894 0
0.0514442633982093 0.5703168681199436 0
0.04696713408248452 0.5935198081638733 0
0.05142872932159182 0.6012567662704073 0
0.05591374243865422 0.5625841130254774 0
0.04698223259184803 0.5625798540309102 0
0.04251293766237955 0.5703122872078189 0
0.1138844220246887 0.4928518740046798 0
0.04684689950052097 0.3610409306702636 0
0.1048906681672926 0.3843404204533638 0
0.08715122108630941 0.6167524275946186 0
0.1093600911694157 0.3611273423849993 0
0.2702410257680308 0.2063349102111065 0
0.8247156403277788 0.2372080230851862 0
0.833642961220483 0.2372075459223824 0
0.8291799998209747 0.244938594846493 0
0.8381067233886166 0.2449372631485326 0
0.8425696663589253 0.2372068533593157 0
0.8470326286971392 0.2449352110151705 0
0.8514945525149501 0.2372058570907187 0
0.1093754261064931 0.190886897929591 0
0.1674791064547751 0.1676423083449067 0
0.06025498858738954 0.2759551067889221 0
0.04686452481005725 0.2063408309197716 0
0.1852833489944455 0.4928699858715645 0
0.2211264814622188 0.2760904962294791 0
0.1406529934310085 0.1986118535816349 0
0.3922445486228173 0.7447761194022906 0
0.3922432503409927 0.5925435911443728 0
0.3922446437917218 0.4940300730109243 0
0.5297565363448411 0.3922491978832837 0
0.7446609275517824 0.3922525775844034 0
0.3922447073777913 0.5298508712859232 0
0.762184872573716 0.2372264787736668 0
0.3105013200159409 0.3534697599768898 0
0.08266938857684682 0.5471093732309629 0
0.08713559440422061 0.6476970491359655 0
0.08267367384974594 0.6399590919026064 0
0.07820351787673066 0.6476920825153563 0
0.0737416855970805 0.6399544524449576 0
0.06927159205919621 0.6476871721090247 0
0.06481001808657103 0.6399498242337469 0
0.06034007723485974 0.6476821574860741 0
0.05587789775365568 0.6399428080558588 0
0.05140894912353645 0.6476773577111754 0
0.05587019252171502 0.6554141481536221 0
0.04694550554677824 0.6399393982682647 0
0.04693952807132369 0.6554096831422485 0
0.05140056035769857 0.6631458898232209 0
0.1183258886218141 0.8255573488310388 0
0.1898159167977939 0.1599026452395692 0
0.04240175648439427 0.07486822856145411 0
0.3954605059979389 0.3302161919718345 0
0.1629541824813471 0.06711736997587345 0
0.3149365899113934 0.2682736955793656 0
0.3104650854195881 0.2760183129534888 0
0.08711975323136352 0.6786381467956231 0
0.3645103557593914 0.1212020204747318 0
0.1108644095184293 0.007211130210997563 0
0.07514780166539411 0.007513468269964541 0
0.007303904778618903 0.1111901382518242 0
0.265767935491391 0.1212092467488216 0
0.2479034306330827 0.07479162325125101 0
0.1808798512994301 0.1908530481059721 0
0.09598142402311298 0.1212679888734145 0
0.2836325450096621 0.09026232319951855 0
0.1139517761814899 0.6167667335110989 0
0.1184141544673505 0.6245059516832109 0
0.1228861113472329 0.616771529556849 0
0.1273490721890214 0.6245113403043077 0
0.1318210801255719 0.6167762486435135 0
0.1362845311843357 0.6245165491556803 0
0.1407567102081409 0.616780870727439 0
0.1452203144739067 0.6245219972269747 0
0.1407479724520896 0.6322576422121439 0
0.1496837015497651 0.632263283578798 0
0.1452113656597593 0.6399992185456985 0
0.1496929181899246 0.6167856231127615 0
0.1452289146904835 0.6090440603870038 0
0.1541469722960498 0.6400045750729035 0
0.1496705602596236 0.6477399103706848 0
0.1541656400462865 0.6090486961821513 0
0.149701305745565 0.6013064103727404 0
0.1271690353337803 0.8873373545350769 0
0.08710397179573072 0.7095752537646058 0
0.08705130117195858 0.2759572022033155 0
0.08264315116050816 0.7018391026720251 0
0.07817390254456938 0.7095704441069756 0
0.07371301767572525 0.7018344068043924 0
0.06924501012255624 0.7095650425738227 0
0.06478317799576912 0.7018296113241931 0
0.06031525830410758 0.7095601370861636 0
0.05585178084861525 0.7018234433813426 0
0.05138410116072734 0.7095566026768086 0
0.05585057534796573 0.7172912156282046 0
0.04691510713717461 0.7172871353496794 0
0.05138109880301762 0.7250225580286005 0
0.04691984135893149 0.7018221826068904 0
0.1139682995531757 0.5858191953218109 0
0.7721170815652498 0.007324126176261281 0
0.007324765620101159 0.3260633751593567 0
0.007732369676678859 0.2633928571439534 0
0.6473214285704999 0.007732369676667129 0
0.008432489568692438 0.585286721814232 0
0.683035714284879 0.007732369676667129 0
0.007569583091184067 0.6476035282944674 0
0.4955357142844158 0.00773236967662891 0
0.5580357142845502 0.007732369676667129 0
0.00758775016760071 0.7100720601789148 0
0.2544642857136846 0.007732369676624223 0
0.4598214285702289 0.007732369676624199 0
0.007322245123571183 0.7453454656931374 0
0.007465999047924367 0.5217770555632208 0
0.08708904010229591 0.7405071528240953 0
0.1362011553775648 0.3611739351703234 0
0.113884857875631 0.7250566894284562 0
0.1183541940591721 0.7173261343627011 0
0.122814632944332 0.7250619505289277 0
0.1272838587425507 0.7173312769910125 0
0.131744199448596 0.7250671116151468 0
0.136213556722874 0.7173363730391825 0
0.1406739249750461 0.7250722440358792 0
0.1451433202210006 0.7173415174112775 0
0.1406828517623187 0.7096051557591097 0
0.1496036123236555 0.7250775022781015 0
0.1451343502370361 0.732807895897361 0
0.1496132046839887 0.7096103120484041 0
0.1451524262530429 0.7018734948045321 0
0.1540635154248982 0.7328131812010654 0
0.1495948001648926 0.7405430789323365 0
0.1540834801397919 0.7018786270508791 0
0.1496223125571722 0.6941412457462071 0
0.2032170004448036 0.1985923014722149 0
0.3958778279477023 0.1753954022153186 0
0.4048167476580907 0.1754079207262527 0
0.4092859702459946 0.1831515042190212 0
0.4137557322439434 0.1754008658884858 0
0.09151820276449556 0.268221806595121 0
0.09598404686286149 0.2759580167650943 0
0.1004511917316154 0.2682222006286993 0
0.1049172417776298 0.2759590341117358 0
0.08705303717450473 0.2450153524832355 0
0.7845547075146175 0.07489319589588367 0
0.06025806377167128 0.2450138710824583 0
0.2164985659331907 0.4850498669862116 0
0.04685168312364799 0.3300999917628227 0
0.06024066487558359 0.3842485973530425 0
0.2568261748617077 0.4154331664929499 0
0.07364800639958899 0.3146342212794948 0
0.806868125791191 0.08262904056045736 0
0.1854158980519733 0.2761990963430956 0
0.1139122934966443 0.6786543282120228 0
0.07811855586688769 0.1367369967947824 0
0.04255619115481771 0.8640814124937582 0
0.1227592509697674 0.3998183912336787 0
0.1406685384636451 0.33794136626015 0
0.46289270009629 0.1367198945842548 0
0.4003403006795483 0.1367143204834123 0
0.3104488629996128 0.167636521265328 0
0.3193852449205406 0.1676364249436522 0
0.5522752696782661 0.1367117654639706 0
0.8827836350789929 0.3374804073321747 0
0.8738453193613634 0.3374840511822798 0
0.8783189153826787 0.3452241251920757 0
0.8693771136315684 0.3452276370439155 0
0.873851460234091 0.3529687303621968 0
0.8649096206016349 0.3529724693781285 0
0.860435986974604 0.3452304520071405 0
0.8559672688354151 0.3529761335535068 0
0.3104664878596784 0.2450434320209145 0
0.5969611689858689 0.136712724327601 0
0.6101564990851592 0.2372400422353816 0
0.6459300564846274 0.2372383505165436 0
0.5831822654068072 0.3143799428275382 0
0.547382738218687 0.3143940673548442 0
0.5475536334965129 0.2372429126998696 0
0.5117812997419411 0.2372444781350699 0
0.1139836603234994 0.5548705903075196 0
0.6458282774993742 0.3143580559637601 0
0.824720939926055 0.1135469283371793 0
0.6416547632110536 0.1367167509231162 0
0.7042101452256082 0.1367191216881949 0
0.1852339266919078 0.7869542465195085 0
0.7890152033121495 0.144464301771382 0
0.7934795872438093 0.1521968498205098 0
0.7845504965399326 0.1521964189597939 0
0.7890153156199583 0.1599296949118504 0
0.780085293438159 0.1599292645229791 0
0.7845502051798521 0.1676627357651474 0
0.7756197198476686 0.1676627253819316 0
0.7934801441562487 0.1676624134682182 0
0.2711637439569408 0.9930408383257681 0
0.1540310404037969 0.0980620891838786 0
0.1317099840379084 0.7869172817577987 0
0.1184473266252133 0.5626101119321376 0
0.1229188977815281 0.5548747107337866 0
0.1273827729983339 0.5626152201777701 0
0.1318545855146698 0.5548788633224465 0
0.1363189661261086 0.5626195763784496 0
0.1407910894170765 0.5548829069640121 0
0.1452540837408828 0.5626236127679676 0
0.1497278562688514 0.5548869371272908 0
0.1541888108880001 0.5626253251551614 0
0.3145815471678604 0.8101381675602419 0
0.7621598896218963 0.3143216502124629 0
0.8827930180648501 0.3529645461077633 0
0.9927314531504023 0.3159856076396063 0
0.9452604641956383 0.2756646104410624 0
0.9497118127041074 0.2679512843738067 0
0.5071258714239661 0.3531697547304088 0
0.5115959683605783 0.3609891374818839 0
0.5160768452351427 0.3531742587661329 0
0.5205550432821416 0.3609230560108526 0
0.5250294957758033 0.3531611809495223 0
0.5295086318084016 0.3609789168545321 0
0.533981633076465 0.3531676713277961 0
0.5384610697500511 0.3609873797604412 0
0.5429347954997583 0.3531678231615994 0
0.5474134980171315 0.3610067165393674 0
0.5518872180256138 0.3531691354025985 0
0.5563657986771586 0.3610082263909356 0
0.5608394651526993 0.3531676520018562 0
0.5653769827645019 0.3609745536578384 0
0.569801531272021 0.353159858912457 0
0.5743693160181207 0.3609491284840123 0
0.5787621567137708 0.3531524268830492 0
0.58322248111908 0.3608919349957493 0
0.5876992812559305 0.3531397246156925 0
0.5921752556781887 0.3609074258001908 0
0.5966488689142264 0.3531382208772989 0
0.6011271355583092 0.360907821504261 0
0.6056005974764611 0.3531361076679452 0
0.6100792367175291 0.3609658229507291 0
0.6145531408128529 0.353143481574491 0
0.6190314824840246 0.3609747809901215 0
0.6235055562864737 0.3531443270685593 0
0.6279822638068456 0.361065778772705 0
0.6324571902843564 0.3531577261079811 0
0.6369312361078197 0.361174238290257 0
0.6414084951533034 0.3531760716603406 0
0.6458852142467965 0.3609804165175716 0
0.6503607906979646 0.3531449132349321 0
0.6548394604514967 0.3609168736000705 0
0.6593133512926657 0.3531235866535405 0
0.6637919649293502 0.3609007843672498 0
0.6682654659719245 0.3531190792969517 0
0.6727440732433796 0.3608959804051231 0
0.6772173298888311 0.3531153529467069 0
0.6816960335769473 0.3608926075565382 0
0.6861686837250721 0.3531119087696992 0
0.690647996621917 0.360857049484603 0
0.6951206993703486 0.353103815699771 0
0.6995998006502275 0.3608541327910022 0
0.7040730454973325 0.3531004986463911 0
0.7085514556917296 0.3608281270572716 0
0.713024662858795 0.3530937445703549 0
0.7174993426730361 0.3608941812005572 0
0.7219755253123245 0.3531018028331612 0
0.726443453779806 0.3609384494726423 0
0.7309263263481701 0.3531087430073656 0
0.7354034101965234 0.3608560336403264 0
0.7398789243507019 0.3530918400716282 0
0.7443562841577448 0.3609253295063611 0
0.7488298452431051 0.3531014381057802 0
0.7533073512447279 0.3609364770838615 0
0.7577800770452787 0.3531029924424883 0
0.7622577908043855 0.3609606572377633 0
0.7667302963874885 0.3531055792237945 0
0.7712078618077221 0.3609630646059097 0
0.7756801400710095 0.3531047232455085 0
0.780230627888075 0.3609221096342513 0
0.784641725409116 0.3530961098475818 0
0.7892292336908422 0.3608913081071959 0
0.7936008334408116 0.3530879463788485 0
0.7980554370127195 0.3608215903214747 0
0.8025305009145316 0.353073370959743 0
0.8069838912344234 0.36080749058183 0
0.8114717098819245 0.3530667791480121 0
0.8158908860856091 0.3608006595712589 0
0.8782610791224622 0.1753870198438374 0
0.8737879605569067 0.1676554348185703 0
0.1452631623605957 0.5471451727270589 0
0.1542005460958815 0.5471492326251626 0
0.1497353765801455 0.5394066982363319 0
0.4579193440892222 0.3609249825477585 0
0.2565028297747295 0.9106037601817134 0
0.2564919798340731 0.8487374610962484 0
0.3547190639579044 0.8642738954810671 0
0.2520472012987665 0.8719753626852326 0
0.3059936075465889 0.2682739522536957 0
0.07812121834107674 0.2140762403087785 0
0.9184107622966091 0.2446920438120202 0
0.7890176334447523 0.1135376443837701 0
0.3412220831602218 0.9338564469653861 0
0.3456758533828553 0.9415905829081739 0
0.3501474930270925 0.9338631453688986 0
0.3546036254534388 0.9416000645459299 0
0.3501249784460108 0.949323616212372 0
0.1093845751440878 0.2682225347512157 0
0.2877245666395718 0.8719831058724845 0
0.4094141212895125 0.07487691450720829 0
0.4272787344775719 0.07487816012545506 0
0.8514932688792953 0.3452332685567385 0
0.4451435389476641 0.07487947974320011 0
0.4630084715867611 0.07488076850087934 0
0.4808735015454308 0.07488203097617639 0
0.4987385782281092 0.07488326102358393 0
0.5166034168905954 0.07487039918151905 0
0.5612663798437294 0.07488743414038551 0
0.7131110737100268 0.07489578008207319 0
0.5791319037380009 0.07487981713694318 0
0.6684555678979804 0.07488453734307021 0
0.6505897974476104 0.07489284992283722 0
0.1808161646098576 0.05165880425117101 0
0.1852807160415893 0.04392490690086718 0
0.6997040648767168 0.1135234783785419 0
0.789015381201538 0.1753960574286955 0
0.04235485135463235 0.4152936237749193 0
0.1585231979568542 0.7405484115888987 0
0.1540548020762445 0.7482777964393508 0
0.1585330377781962 0.7250829422698537 0
0.09598447721632726 0.8796048321528792 0
0.1585538524683196 0.6941464646736722 0
0.1540924684067481 0.6864087315748275 0
0.1897461264253586 0.05165745975971318 0
0.1942096421155682 0.04392374550180067 0
0.1138397160490418 0.8023639912993102 0
0.1586095759074324 0.6477456888917736 0
0.2302845004166154 0.3381975639506303 0
0.1586294488709176 0.6167906608993574 0
0.3641231908661973 0.2605526387198899 0
0.4182250778716576 0.1831256470253331 0
0.4226948654515215 0.1753954664336406 0
0.4271642820191714 0.1831206367378268 0
0.4316358515872574 0.1753942152847291 0
0.4361038914453959 0.1831196689670708 0
0.4405764510697193 0.1753856785556167 0
0.4450435714191414 0.1831182711677934 0
0.4495144371551619 0.1753929438504861 0
0.4539828872277989 0.1831197577570343 0
0.4584528388813377 0.1753976271626008 0
0.4629222652920644 0.1831209632326934 0
0.4673922514504006 0.1753987224691303 0
0.4718618682589322 0.1831215589921852 0
0.4763319110997369 0.1754007042871276 0
0.480801572062346 0.1831391824805275 0
0.4852716627684389 0.1754063140466666 0
0.4897413804213751 0.183126198571518 0
0.4942113156265904 0.1754044538260779 0
0.4986812053811176 0.1831240907735227 0
0.5031508030321635 0.1754026980883199 0
0.5076210985809375 0.1831401605370298 0
0.512090829349292 0.1754073149314816 0
0.5165609860306593 0.1831272830158749 0
0.521031400310498 0.1754065924576068 0
0.5255010499018977 0.1831252818150565 0
0.52997166868107 0.175406130092564 0
0.5344410486600085 0.1831410772932904 0
0.5389114752495383 0.1754095232840524 0
0.5433810994951537 0.1831283933094659 0
0.5478513875716163 0.1754082613044338 0
0.5523211263434458 0.1831264341223806 0
0.5567914163293071 0.1754078664942931 0
0.5612611785540912 0.1831261961953965 0
0.5657312677188646 0.1754079424808546 0
0.5702012118893658 0.1831262675169252 0
0.5746709834361436 0.1754081004846378 0
0.579141281837795 0.183142364323602 0
0.5836111383266482 0.1754109215376897 0
0.5880813123840556 0.1831298736649843 0
0.5925514590148762 0.1754094811695429 0
0.5970214184964093 0.1831281372765335 0
0.6014915758360806 0.1754091086986122 0
0.6059614966977921 0.1831279339071468 0
0.6104314901152829 0.1754089145585112 0
0.6149015261928132 0.183128119985477 0
0.6193709790146201 0.1754087457177149 0
0.6238415717331495 0.1831438118290545 0
0.6283111467233754 0.1754117582006539 0
0.6327814968425005 0.183131559329261 0
0.6372518523565953 0.1754107797080777 0
0.6417215760065405 0.1831296063746183 0
0.6461919416500019 0.1754104745032369 0
0.6506615316232007 0.1831446545536108 0
0.6551315990914602 0.1754130595531104 0
0.6596013607235447 0.1831325904590384 0
0.6640713727422398 0.175411679276327 0
0.6685411221324773 0.1831309271018605 0
0.6730116889390507 0.1754113870600704 0
0.6774808948857958 0.1831307223001262 0
0.6819516437547677 0.1754115983463529 0
0.6864205290628314 0.1831310444271551 0
0.69089070982242 0.1754119223243044 0
0.695359901412454 0.1831312555214805 0
0.6998296639770922 0.1754121614329482 0
0.7042990820113483 0.1831319018350849 0
0.7087687103568401 0.1754126197873965 0
0.7132381166597126 0.1831466884363315 0
0.7177079354725777 0.1754155696947297 0
0.7221766426043381 0.1831351339152157 0
0.7266462892285827 0.1754145527244906 0
0.7311146416147142 0.1831341342198155 0
0.7355834607830239 0.1754145594626906 0
0.740030579266473 0.183109061770078 0
0.2386541508714762 0.9568709211878605 0
0.2475547920203919 0.9568777762825937 0
0.1586386901476926 0.6013112386807046 0
0.8425901642301583 0.2526205832276041 0
0.1587098800093574 0.4620301592888146 0
0.1586732804291779 0.5394109762160726 0
0.1542078699921316 0.5316681348257208 0
0.1986948328620632 0.4696424113813904 0
0.1765516848064083 0.4310305871274879 0
0.2255206460633763 0.4231826877368777 0
0.1989156332940744 0.3923300699922916 0
0.3235256688079636 0.3918036781039435 0
0.3324742956906071 0.3918000761365391 0
0.4268248841227483 0.2140141662322673 0
0.3824682529875172 0.2296036280753197 0
0.3869383247718543 0.2218606988880694 0
0.2434086217977857 0.3921994858813427 0
0.4133625529163667 0.2991748826550854 0
0.2430508002898374 0.5313165191900437 0
0.2389371589685041 0.4464119089691523 0
0.2430545129911766 0.5468088195775394 0
0.247528396275468 0.5545538383256811 0
0.2564728313604551 0.5545520585376711 0
0.2519946866977817 0.5622945988061573 0
0.243056431071736 0.5622992003367473 0
0.2475300572123815 0.570044506410891 0
0.2564594468938485 0.5700273468565394 0
0.2519949834053541 0.577783684246323 0
0.2430585726136097 0.577789547535388 0
0.2475322337763829 0.585535327897568 0
0.2564566791751016 0.5855184108899236 0
0.2519977434603391 0.5932809119050472 0
0.2430615255003461 0.5932819562839069 0
0.2475363874363549 0.601028692777789 0
0.2564611066210679 0.6010243917149101 0
0.2520010534301337 0.6087744009635253 0
0.2430657071315956 0.6087755560472848 0
0.2475384062025813 0.6165197965062993 0
0.256464216152141 0.6165151054606499 0
0.2520036892315421 0.6242642671986932 0
0.2430684105124356 0.624265271595394 0
0.2475424652343123 0.6320089803120194 0
0.2564673643382566 0.6320042057211276 0
0.252006548141626 0.6397526607310482 0
0.2430719659474216 0.6397541976885519 0
0.2475435804554234 0.6474969630609626 0
0.2564698348827176 0.6474920299248497 0
0.2520086120118474 0.6552396109709634 0
0.2430743178577093 0.6552407845304657 0
0.2475468668914034 0.6629830164596603 0
0.2564722515210015 0.6629783275137666 0
0.2520107653102755 0.6707248497628725 0
0.2430773747974848 0.6707263587982473 0
0.2475476034518684 0.6784674727334684 0
0.2564739203629647 0.6784630077318387 0
0.2520120479206731 0.6862083325492097 0
0.2430790600021737 0.6862092226543083 0
0.2475497840916595 0.6939498134603581 0
0.2564753040366824 0.6939458725405917 0
0.2520131551774012 0.7016898684006447 0
0.2430814282280773 0.7016904938843288 0
0.2475504647857966 0.7094302391118895 0
0.2564759913246401 0.7094268670680128 0
0.252013491322142 0.7171694481491879 0
0.2430819983901317 0.7171697248086404 0
0.2475505519758078 0.7249085954565134 0
0.2564760035554376 0.7249059318597582 0
0.2520131810122588 0.7326470046814704 0
0.2430827849573939 0.7326468559135872 0
0.2475499968344986 0.7403848431622977 0
0.2564753285047185 0.7403830197709991 0
0.2520121881489489 0.7481224982914282 0
0.2430823159172296 0.7481218764715649 0
0.2475487625469766 0.7558589441409751 0
0.2564739299209348 0.7558580776448371 0
0.2520104708183821 0.7635958545876488 0
0.2430803506952395 0.7635942579865678 0
0.2475453002467725 0.7713305885990029 0
0.2564714976424237 0.7713309534208546 0
0.2520076444349022 0.7790669239783794 0
0.2430798565195912 0.7790651018294436 0
0.247543787802715 0.7868004740178911 0
0.2564686234182872 0.7868016670883575 0
0.2520044757478731 0.7945357252055564 0
0.243077399806213 0.7945331767799906 0
0.2475397227658606 0.8022670648173875 0
0.2386117187787682 0.8022648174339619 0
0.2430733843521939 0.809997093310586 0
0.234147359610898 0.8099947946451432 0
0.3145774177401659 0.3918072615634765 0
0.3590568401755524 0.9493360929640351 0
0.04234448625601267 0.5235933269692532 0
0.04238699479636927 0.3223648527708751 0
0.04234689206746578 0.4771771168803858 0
0.04249775199457206 0.6012522333452092 0
0.9929327235552777 0.2713295090186884 0
0.04237733621928828 0.3842487582190631 0
0.04258224274298367 0.8022597853857076 0
0.04247016955695376 0.6631410518304748 0
0.05133003100555571 0.04393675892144762 0
0.04240106418484782 0.04393709612154093 0
0.1049112792827262 0.04392997986853622 0
0.09598040968474772 0.04393109113648386 0
0.1138417017129502 0.04392917057444447 0
0.04244728051577923 0.7250178782531358 0
0.04693659137573634 0.7327706162215473 0
0.2299827705034562 0.04386560904405853 0
0.2479036066317393 0.04385314034697248 0
0.2568341493580225 0.04385298170243174 0
0.9586158619284003 0.2679483756512162 0
0.9541625796806964 0.2602389725594816 0
0.8381146774773651 0.04397790903450777 0
0.8291879500678958 0.04397686300326047 0
0.042599007881371 0.7713363213688004 0
0.0423460649515974 0.5081205894395449 0
0.04239907310072275 0.2140744188887378 0
0.9584522745795789 0.1444002344996499 0
0.9540024517484708 0.1521082023690574 0
0.2208488299294484 0.9568585879658232 0
0.2119312495151733 0.9568630145352334 0
0.3437499999991384 0.007732369676624223 0
0.1555086345581906 0.007210367383141949 0
0.3545860322662638 0.9570626056312773 0
0.9917559808219882 0.1202776632970589 0
0.1199935524098938 0.9932905547385993 0
0.08444444444467997 0.9923019964107898 0
0.1048905859406774 0.9567397028158974 0
0.3591964257613052 0.8565334785855839 0
0.3155555555557892 0.9923019964108263 0
0.03788199838722871 0.4694420636848811 0
0.03805122422610505 0.5625757311511267 0
0.3590774930903953 0.9338718366118683 0
0.3546185810298058 0.9261321335331606 0
0.9629020050216621 0.1521075074914261 0
0.9584531684400022 0.1598139850328522 0
0.3592189027438927 0.8255558514342702 0
0.354751008078687 0.8178067202335826 0
0.008406356011191166 0.07538756601754948 0
0.9926104337385193 0.08469694201997385 0
0.8783257856263271 0.3607114255646834 0
0.8872703281268997 0.3607068093903933 0
0.2976149988432817 0.05159942003483174 0
0.2931504213094748 0.04386450824556558 0
0.3238514694464526 0.1444196088968817 0
0.328320029681459 0.1367044575389869 0
0.03793433638709932 0.206340631393988 0
0.0380913530215281 0.8718055348233562 0
0.3645858679044227 0.2296018633950571 0
0.06923940500678633 0.5081469002453324 0
0.07362240426413767 0.5003920992306924 0
0.1855911780955352 0.3226937870338276 0
0.1811183432386378 0.3304328899442538 0
0.288098649968957 0.08255425199789537 0
0.2925650626890633 0.09026644769924255 0
0.9497714006261444 0.3605997916888731 0
0.9586919442624523 0.3605974331441757 0
0.9631439925137052 0.3528678918132778 0
0.03792061481193197 0.3300987950522543 0
0.1496943300121549 0.4310085124108626 0
0.3555263266448034 0.2141083521003453 0
0.06032610513756656 0.5237385712334623 0
0.1984699350165686 0.9182654755003381 0
0.4850608828286518 0.3920032370719377 0
0.2564636734370941 0.8022683190234262 0
0.9407686260852366 0.2679122437599138 0
0.9362057379855118 0.0749465920983298 0
0.1939575347846445 0.8950986181040164 0
0.1850498757057247 0.895093362944601 0
0.7891046043287128 0.3453281754778684 0
0.364124369787495 0.2760182088159832 0
0.3596525781281753 0.2837644006588985 0
0.1629757505766083 0.09805387666622509 0
0.1584977245791345 0.105796921438277 0
0.2832408091146859 0.9260697072599875 0
0.7311153527042842 0.1676790258640491 0
0.7400377854484803 0.167671198800219 0
0.7264495567590158 0.3453416298020002 0
0.8827226804569976 0.1676663584359124 0
0.8782476967195423 0.1599348862337824 0
0.1719453048415229 0.1908527467991326 0
0.1764122979651573 0.1985903532253443 0
0.6995941527565793 0.3453493110882777 0
0.4004814890248406 0.07487623652356303 0
0.8827306682666751 0.1831365008421786 0
0.6685416028318054 0.1676748095895357 0
0.8916557703947823 0.05949482682540613 0
0.6727384877546028 0.3453599889347881 0
0.8738137088753009 0.05945848317615524 0
0.03798281644283431 0.7327513472900191 0
0.9051108257626574 0.314261030510399 0
0.6059617608852573 0.1676721392714722 0
0.2211081577040848 0.05932189664243676 0
0.6100741575634111 0.3453777711864608 0
0.06034675716383545 0.6322087584496681 0
0.2255757737284008 0.06705608914461342 0
0.5612615350257417 0.1676715186115882 0
0.06031752046723426 0.6940898051464087 0
0.855957358109967 0.2449334274329553 0
0.8604171351163448 0.2372043549084415 0
0.4578846858866246 0.3144216874886039 0
0.4534076366108795 0.3066732039578711 0
0.1406661446007639 0.7405380934888801 0
0.05587177821991399 0.7327566155876999 0
0.5165622247196976 0.1676669738717648 0
0.09598097645652473 0.0593976196494302 0
0.1049116033920219 0.07486398820409292 0
0.4897431806603207 0.1676600475473682 0
0.1407314650173351 0.6477310744311267 0
0.427170018603207 0.1676388451001048 0
0.1138508631650317 0.275959699394105 0
0.1093833245328274 0.2836963028476228 0
0.1451605026129449 0.6864035332585094 0
0.409292865478269 0.167634846673568 0
0.7711543286422595 0.1599283428596384 0
0.5563611920777893 0.3454021464507583 0
0.1407798360864321 0.5703574002289834 0
0.5742690436399392 0.3453928147465567 0
0.08272976178279363 0.8254705387526241 0
0.3412910614340996 0.8874836689561874 0
0.3502280629992023 0.8874910382436678 0
0.5921704816440891 0.3453846821206024 0
0.3015224277030708 0.2760180347584967 0
0.3059935275911069 0.2837627109510744 0
0.4539866983062579 0.1676464362082653 0
0.4718654022816733 0.1676472397398159 0
0.6369307829722639 0.3453844436935872 0
0.6548344670948356 0.3453696789140047 0
0.797944955609714 0.1753956523341035 0
0.77120248871496 0.3453379641151698 0
0.7533028746569795 0.3453401907518011 0
0.543381806347874 0.1676700620547961 0
0.5880809288824491 0.1676712401913574 0
0.1629826331834075 0.7482830143398994 0
0.1585141343582766 0.756012041305717 0
0.6327818340556979 0.1676729934029091 0
0.6506620948175792 0.1676732607726812 0
0.6953603302763007 0.1676760755953808 0
0.7132392597571424 0.1676767326995345 0
0.09151840663425392 0.8873198095183377 0
0.3458131874465613 0.8178159915358234 0
0.3502893188252428 0.8100631969624242 0
0.3592293297557987 0.8100632610219385 0
0.3547603964246602 0.8023140055619812 0
0.3458206709231231 0.802312874050773 0
0.3502912572614459 0.7945647062633424 0
0.3413462064533727 0.7945609062862099 0
0.3458209593220327 0.7868152355262492 0
0.3547662180106382 0.786818784537809 0
0.350628527729246 0.7793234616461527 0
0.3414060649781456 0.7791091504760981 0
0.3458907897371709 0.7713697967470727 0
0.3547728710661785 0.7713232007958828 0
0.350643607717109 0.7634350472934793 0
0.3414233576795859 0.763556528297946 0
0.3458995677067943 0.7557984157120432 0
0.3547783045200023 0.7558264682420891 0
0.3503183126517182 0.7480722982242036 0
0.3413736117025801 0.7480697914565575 0
0.3458392310216553 0.7403252286840252 0
0.3544774109458877 0.740505361225088 0
0.3502602217783246 0.7326078510256246 0
0.3413504975099928 0.7325720490950862 0
0.3458377214306138 0.7248288991173037 0
0.3547857670313551 0.7248301464795988 0
0.3506404314456303 0.7172228160242066 0
0.3414119717886579 0.7170899452883363 0
0.3458990650666972 0.7093516559786892 0
0.3547879774610923 0.7093305902026564 0
0.3503242526388546 0.7015838574354818 0
0.3413708069493043 0.7015726520001235 0
0.3458402432601065 0.6938260559121053 0
0.3545184732341891 0.6936728006646757 0
0.3502697878695122 0.6860529142783474 0
0.3413526655109915 0.6860646852400136 0
0.3458283225140845 0.67831954087775 0
0.3544816550930007 0.6784955193211741 0
0.3502614026331433 0.6706048336117172 0
0.3413494985924609 0.670573166972984 0
0.3458260880778925 0.6628291371269105 0
0.3547892068744924 0.6628278211323357 0
0.3506375402925551 0.6551100058648671 0
0.3413638137587059 0.6550779630516061 0
0.3458903639863936 0.6473299526446121 0
0.3547880475751764 0.647325710007476 0
0.350320849163013 0.6395756083720381 0
0.3413687501799628 0.639570491991621 0
0.3458371717851202 0.6318218125272395 0
0.3544975597160387 0.6316551768114196 0
0.3502619376164778 0.6240440823338054 0
0.3413489209799357 0.6240635657113702 0
0.3458224170514442 0.6163139767767223 0
0.3544902246176445 0.6164781242650272 0
0.350256241138023 0.6085946258069173 0
0.3413439691910712 0.6085700877593405 0
0.3458186176309286 0.60082184062098 0
0.3547806254756901 0.6008171171100161 0
0.350628004521383 0.5929900616859878 0
0.341403366731492 0.5930531541966599 0
0.3458880702423994 0.5852997749212978 0
0.3547769329980686 0.5853136571679454 0
0.3503097716682045 0.577560387796424 0
0.3413596055822661 0.577560200471434 0
0.345824970588716 0.569810711914403 0
0.3544718328176509 0.5696342667222445 0
0.350245267437898 0.5620298934118612 0
0.3413357615890156 0.5620558350869742 0
0.3458072079170549 0.5543028653799726 0
0.3544937603630244 0.5544529199798737 0
0.3502424775054942 0.5465791745691562 0
0.3413293094613394 0.5465614355507614 0
0.3458021077948734 0.5388098972618625 0
0.3547533274129962 0.5388068938022507 0
0.3502834027036732 0.5310522882715467 0
0.3592082340759831 0.5310642532171856 0
0.3547523286775358 0.5233007415285135 0
0.163014809057328 0.7018842155193373 0
0.3323829111366901 0.8410308954587518 0
0.1630244273858427 0.6864174400357885 0
0.0737951471262832 0.8409204891402041 0
0.06937041300963954 0.7868154053899362 0
0.3368576783836034 0.5388100963742363 0
0.1630826601746459 0.6400098652012156 0
0.06045405665221524 0.7713473529111885 0
0.1631459934505853 0.5316724437222751 0
0.1586805169503576 0.5239296153734465 0
0.1631386354339968 0.5471537535739551 0
0.8470237144430129 0.3529798869445009 0
0.8425685075878057 0.345225420930214 0
0.8514975925879975 0.3607231118226591 0
0.1808135456648124 0.4851292426055442 0
0.1763432128300413 0.4928703712950884 0
0.4311437187941364 0.3609546700885942 0
0.4266063100408537 0.3531738985461307 0
0.2347515838517549 0.345943021205395 0
0.03813108760794755 0.7790649536680665 0
0.3914099088728893 0.2296041503021586 0
0.3869385651949895 0.2373478305875457 0
0.3958812023109074 0.2218607367162714 0
0.4444592438442858 0.3066755732024167 0
0.4489313898332009 0.2989248379914677 0
0.4578792930405126 0.2989225567554412 0
0.4534034397872902 0.2911747962289785 0
0.4623517442382644 0.2911723567826692 0
0.4578752422406863 0.2834252191207918 0
0.4668230395518554 0.2834224132502848 0
0.4623466772317826 0.2756759535631593 0
0.4712928750051544 0.2756730978885044 0
0.2966875957121378 0.4073127468758261 0
0.2922167412333732 0.4150626317391505 0
0.3190484614124524 0.3840562241083167 0
0.3101006757658801 0.3840597481317415 0
0.03788841933827573 0.4230252986503886 0
0.3636606554352985 0.8642808778254076 0
0.03803604796707713 0.5935148327492175 0
0.03793704148558072 0.0671355497558357 0
0.03811477924714907 0.8099877134966571 0
0.03800934829912467 0.6554076310843018 0
0.03798600758661447 0.7172876764896038 0
0.04686636497603642 0.03620367362991622 0
0.05579754021708336 0.03620146526722438 0
0.1718857344047837 0.03619221973942013 0
0.03793663604088265 0.03620448559453635 0
0.03363360919054987 0.8640767443455349 0
0.03791323241870082 0.3765105886778158 0
0.962904101434615 0.121276532745774 0
0.03342379481564355 0.415290286314348 0
0.3194262412706206 0.1212290825959227 0
0.3149219009213342 0.1134725071637196 0
0.9407184794453538 0.03627519358404183 0
0.9496351094113248 0.03627600761073242 0
0.860430702178178 0.03625185432487828 0
0.8336520667117312 0.03624645407503053 0
0.8247149121784411 0.03624040780934772 0
0.3637060019796464 0.8023173197150013 0
0.1093520007661926 0.4385070450515356 0
0.104883410639238 0.4462445391888243 0
0.05145165496873284 0.5548470826566296 0
0.4446079794259847 0.3687835920602279 0
0.203476268007086 0.3072184861246667 0
0.2124155227850022 0.3072221999065833 0
0.1945364090483015 0.3072159517745301 0
0.2074991412591692 0.9491450413770841 0
0.2029325705500445 0.9568598811074112 0
0.3635112110117482 0.9570714425153046 0
0.9629788745871383 0.07486714454829393 0
0.9584616308637741 0.1135578732385957 0
0.2386078045127512 0.8177255607478952 0
0.2475322328814079 0.8177283325085698 0
0.2342061644776175 0.8719407078981206 0
0.1898355711457771 0.08253146732603373 0
0.8069985995738149 0.3453216471596151 0
0.1360366810074707 0.9490471606196538 0
0.140480892085467 0.9567565723035449 0
0.1360281015655615 0.9644597874176793 0
0.1449257666703641 0.96446511811185 0
0.1808797511594726 0.1444308282064561 0
0.1764041786403724 0.1366959464427268 0
0.1674658696844924 0.136701536654929 0
0.1495868561778821 0.7560068940737003 0
0.1540463080560605 0.7637404259002413 0
0.1629727915661915 0.7637455858892835 0
0.3015130612281999 0.1212063122687927 0
0.06036003733746542 0.6012615992842973 0
0.06033234981967597 0.6631519288689837 0
0.2832840825171079 0.461571532532681 0
0.278808365399579 0.4538255676687109 0
0.2698625513877789 0.4538283239317276 0
0.2743327397114326 0.446079794119413 0
0.1585053483055393 0.7714733488998935 0
0.127239242397871 0.1135332245929364 0
0.3149170271472509 0.1753759669664449 0
0.3238540207919361 0.1753757152311868 0
0.1362215700171731 0.7018685208395802 0
0.1407645659871778 0.6013040741231661 0
0.8515044689699819 0.3142718744658899 0
0.2970516082953341 0.2682735674792178 0
0.1496307667195678 0.6786704316922799 0
0.1049089948909279 0.1986225398756072 0
0.100443000590039 0.1908868851456968 0
0.2296834605568605 0.8177236090920719 0
0.1183183195406295 0.2682231100306333 0
0.1138518549438133 0.2604858703708557 0
0.9630652128095085 0.2602373920935694 0
0.958612446565928 0.2525287729346607 0
0.9496948213721642 0.2525052349773486 0
0.9541626588514488 0.2448135502834514 0
0.9630623312592954 0.2448180508130237 0
0.9586113435153918 0.2371091105063489 0
0.9497144061958377 0.2371075975759493 0
0.9541615251046562 0.2294020950836048 0
0.9630608506049896 0.229401678372473 0
0.9586112582124764 0.2216953522167069 0
0.0693192307392666 0.8640958829882797 0
0.7934805421291354 0.1831294645469033 0
0.7845502015865221 0.1831299286659095 0
0.4049472730941229 0.08261260105436447 0
0.9630773261909225 0.2910828695757088 0
0.05599520427702376 0.7636129732322978 0
0.3633469417715202 0.5235246658694246 0
0.3591690252716156 0.5155823121755286 0
0.3502673634427778 0.5155549386555294 0
0.3547392280690181 0.5078003919943727 0
0.3634123902341657 0.5077438417443543 0
0.3591735704325709 0.5000319544970129 0
0.3502618904760475 0.5000420732894026 0
0.3547347226639992 0.4922863698912492 0
0.3636868019273785 0.4922824590132452 0
0.3592141300634283 0.4845323222906833 0
0.239225852418892 0.3382015020493976 0
0.2347585404720096 0.330456391736024 0
0.2163740311054091 0.9645740564781737 0
0.0871961941906112 0.8177456155410295 0
0.9677001185160103 0.1291292050252429 0
0.2430995743384259 0.9645821250456874 0
0.2519986180403297 0.9645891474081567 0
0.4668175235946608 0.2679271264076795 0
0.4757634802967847 0.2679245374824895 0
0.4802387396270172 0.2756704086850782 0
0.4847092083253334 0.2679215066126823 0
0.3636865178534191 0.8333047317785616 0
0.3632266714847606 0.9263277248210806 0
0.3590372102533257 0.9184360205329126 0
0.3776199207586944 0.9927308173143944 0
0.9924357789409908 0.3778512388874928 0
0.02205264344543248 0.9928824049527696 0
0.9939635943388856 0.0223657522124788 0
0.3634961296469646 0.5382166627772562 0
0.913966911076048 0.0365265339609951 0
0.8965268201363454 0.03654139617067271 0
0.8783890469741973 0.03644973663721109 0
0.3960189032996163 0.03619979582851966 0
0.3870879735133741 0.03619924795462257 0
0.3826218176929023 0.0439332221778725 0
0.3781570566584263 0.03619843180372572 0
0.404949760222657 0.03620033441788006 0
0.3065477277272596 0.03613171330047056 0
0.3681649919215568 0.4845271672000649 0
0.3636889089294246 0.4767773985726314 0
0.1004471635352844 0.03619676501097779 0
0.09151637557206518 0.03619769345587394 0
0.1897450592955477 0.03619103686065214 0
0.1986738003734101 0.03618996398963149 0
0.328322136941074 0.1676360045129348 0
0.3327910772519158 0.1753753552684096 0
0.3055311665158311 0.9647058261885446 0
0.2966248590798569 0.9646983255591464 0
0.2921772945153623 0.9569834837990358 0
0.2877205704583266 0.9646920505677051 0
0.3233506097738458 0.9647242215588563 0
0.03347212831689354 0.04393752429280732 0
0.03358208195707036 0.5703077610621052 0
0.9675099480891978 0.221695993415821 0
0.9630610423359737 0.2139894265753004 0
0.03345607677733022 0.3223641426501942 0
0.1766526463917182 0.3226900864915883 0
0.1721800590262973 0.3304286170856198 0
0.225266578568678 0.902860132297319 0
0.3736909428578141 0.04393239110927933 0
0.2970311485943435 0.0825591638109149 0
0.189508328541581 0.8873811552600422 0
0.1806009507811247 0.8873767739948815 0
0.07807037805764551 0.5081248215302323 0
0.08254032982737114 0.5003906161575086 0
0.9541619093448133 0.2139885584814744 0
0.9586121042792498 0.2062305249293196 0
0.3692263432922487 0.03619762450652256 0
0.1674427420515906 0.1057888271015883 0
0.2832732299273287 0.9569798955678761 0
0.278798088603371 0.9646750871539003 0
0.04247247266587129 0.740489634968224 0
0.2028650184069354 0.8951040759319632 0
0.140637810192738 0.1367371792050283 0
0.274313008270628 0.9569386835478213 0
0.3100011021261556 0.9261037132662523 0
0.1493785500884862 0.95676224589779 0
0.1538229984327101 0.964470513696126 0
0.04695915905771375 0.6089888959205255 0
0.03802845646401588 0.6089843581386097 0
0.3322584560586105 0.9647331593945421 0
0.04693101369994868 0.6708772661346196 0
0.03800091558372394 0.6708723878354066 0
0.8559556003341813 0.2294780071001026 0
0.8648764814804426 0.2294766757846549 0
0.8604154022620435 0.2217518530298627 0
0.8693356451787927 0.2217511306921235 0
0.8470315807190387 0.1212776277956464 0
0.2564615139330313 0.5080738654253638 0
0.2475168747858414 0.5080761659845883 0
0.2698818136163162 0.8874396191439164 0
0.3279089609361169 0.8487703217868032 0
0.4891846719403813 0.2756672531804657 0
0.4936647698663025 0.2679184801890451 0
0.538453629589878 0.3454065372342937 0
0.92288860383402 0.2369947549172467 0
0.2966927013647951 0.4228094280912225 0
0.2877438735740047 0.4228186072022685 0
0.04235296259656489 0.4307600960308079 0
0.03342204394530138 0.4307588355449662 0
0.2252821148662282 0.918301461728786 0
0.2519868725556541 0.5003289762877016 0
0.2430425794001136 0.5003315131967749 0
0.2475124377752605 0.4925843449750726 0
0.2385727364021474 0.5080783749330019 0
0.1766455294578781 0.33817138817442 0
0.1677074319928106 0.3381670680022538 0
0.09597126910830474 0.8950411714883509 0
0.1582758334653474 0.9567683207915392 0
0.162719867677387 0.964475706154878 0
0.167172951343518 0.9567738219095598 0
0.1716169936930801 0.9644811824986169 0
0.2922196955833709 0.4305628269079341 0
0.03788640790229601 0.4384938067750694 0
0.8871808491219941 0.1599050874653362 0
0.8827177699186174 0.1521939339243237 0
0.2478957047986891 0.1521600734149153 0
0.2478993849480072 0.2450341815838962 0
0.1629011794811245 0.8255692019660622 0
0.1721727071874033 0.345909754941463 0
0.1632348526136519 0.3459054307591248 0
0.1676999696804598 0.3536479867904648 0
0.5250007440296418 0.2911547172644283 0
0.5294719721283647 0.2834045856678837 0
0.5205246290734321 0.2834072823878434 0
0.5249960386190973 0.275657593722729 0
0.5339426920976809 0.2756547858906004 0
0.5294668186645268 0.2679081121666663 0
0.5384132379841209 0.267905314460299 0
0.5205206889802441 0.2679110056559948 0
0.2881102695642583 0.1444202002688279 0
0.2926072645951863 0.3224804733842576 0
0.3154784126051295 0.03613262674374725 0
0.05578849297268004 0.2836894904691269 0
0.05132352403512082 0.275954456015757 0
0.04685722834445577 0.2836884809137768 0
0.04239236433131954 0.2759536485485555 0
0.03792635284675101 0.2836875021981285 0
0.0468585354028332 0.2682196982250369 0
0.03792778130566937 0.2682188966205271 0
0.04239394316950184 0.2604845265335581 0
0.03346296877513603 0.260484644433899 0
0.03792890169624347 0.2527480581029757 0
0.3735369817223591 0.09028500517966823 0
0.1985934745350472 0.8101377875429101 0
0.2838736198670925 0.07480322103495277 0
0.2345016363415021 0.1134712328692472 0
0.2654142459882362 0.5390579279944749 0
0.3014976858088048 0.09026753184894103 0
0.3512818083759259 0.05164055519650509 0
0.431047420957295 0.3454297523429178 0
0.4221188192060782 0.3454184464725034 0
0.4265695945140917 0.3376783787399693 0
0.1406316800628495 0.05939450177930621 0
0.07370606518621932 0.7172863807540046 0
0.06026086937539558 0.1058006240955304 0
0.05579313158511143 0.2372789163883753 0
0.1808552781666769 0.2527825125868189 0
0.2657702232304745 0.1831148156472335 0
0.8871784199085797 0.1135746249949292 0
0.0915157326318064 0.09806634407842559 0
0.3507071652105887 0.2527835116096523 0
0.06918877087856225 0.05940173916879171 0
0.2880903483203736 0.3611355980549155 0
0.3824769693276867 0.1521590608533476 0
0.3283468563415362 0.2140730491581941 0
0.1760700733619094 0.9567788471812739 0
0.1805136248985185 0.9644868686503895 0
0.3154544097855819 0.06701257345029317 0
0.8559695157509173 0.2910695813600953 0
0.07382877858650383 0.7945486459011081 0
0.4446784335971418 0.2449364470606833 0
0.2881198021737873 0.2372991784731296 0
0.3369518133004169 0.3995483804376645 0
0.3414235368661689 0.3917962745893779 0
0.3459012693748933 0.3995452557788469 0
0.3503734024149446 0.3917924986708903 0
0.3548514169841973 0.3995421864638092 0
0.3369456962800896 0.384047982973914 0
0.1139335141101913 0.6477118481942612 0
0.1183956670200199 0.6554507814765835 0
0.3369745584172109 0.4615497466394182 0
0.2302772484533109 0.3536843867683126 0
0.5026403412564917 0.3299102723033662 0
0.332823016003867 0.2837637955051233 0
0.328351313409233 0.2915094703810716 0
0.1451030326517664 0.1290021730777712 0
0.7979453047537131 0.1135390411030284 0
0.3372950755240718 0.2915092769614331 0
0.3328232667977108 0.2992556173395161 0
0.3417664940962903 0.2992552412646964 0
0.3238787875940678 0.2992556903556863 0
0.829179439376122 0.1831004269433707 0
0.4847428122802672 0.3608765402285105 0
0.8737892552706997 0.152208311402813 0
0.8782481141104697 0.1444864158292251 0
0.8693288311196352 0.1444877982611843 0
0.09153394751324941 0.9336130457402796 0
0.9094757269525907 0.1521148610773275 0
0.949557442639105 0.1135644690273047 0
0.2208402894742576 0.8487568425418086 0
0.1406982353737915 0.6786653742487342 0
0.4981787433450778 0.3686723035074035 0
0.5610297060146379 0.3689350545613135 0
0.6235497647359111 0.3689239820011525 0
0.6862749583661394 0.3687360570233807 0
0.3685969318743348 0.2837641739537632 0
0.3641247232250617 0.291510953851382 0
0.3730687705871657 0.276017486214047 0
0.7129925010925557 0.3685538490243781 0
0.7759150328301605 0.3689283368591676 0
0.1541740598493956 0.5935685974654545 0
0.1631119749705053 0.5935733991847204 0
0.7934825555702268 0.1058081422098841 0
0.8024411287282078 0.3685375978060749 0
0.8024103175805359 0.10580853380327 0
0.1497424013708115 0.5239253968445989 0
0.1542149380216905 0.5161868678723686 0
0.1631532535278657 0.5161908592670286 0
0.3144905029340828 0.8719787627187927 0
0.9185195214558589 0.3374525146928506 0
0.2970507773685577 0.283762412233446 0
0.03344663696864185 0.3842480246647443 0
0.1183172883789688 0.2836970306405824 0
0.1138495432463745 0.2914337377828385 0
0.3015217059572037 0.2915072939725069 0
0.3283508554539129 0.3070021403127454 0
0.3194057885631518 0.3070022608884005 0
0.08705742295866448 0.8950375014369933 0
0.1674514069838874 0.7405538628459454 0
0.3457465026129655 0.8952235234096686 0
0.3546836209918422 0.8952285262697142 0
0.3591659692322577 0.8874981888922664 0
0.3636295163662013 0.8952405153555338 0
0.09151127323307506 0.9027581698399035 0
0.3234439535102491 0.8410354152997198 0
0.3190376720637658 0.8178770159810457 0
0.2341497776319949 0.7945318732014546 0
0.3189706346872208 0.8487653365493345 0
0.7355816356267235 0.1599393967141433 0
0.07829673245773404 0.7868212653929844 0
0.09165266927433481 0.8254761827763712 0
0.06490938196722312 0.7636107415959554 0
0.167545853616482 0.6477512267034168 0
0.1630737199513226 0.6554867494741489 0
0.9542471554809941 0.3683204734334989 0
0.9453614527417804 0.3683644664302537 0
0.9631626221085368 0.3683223042148513 0
0.7666880447777867 0.1676628377745152 0
0.7622357286017281 0.1599194991599385 0
0.1675603749622266 0.6013250880038135 0
0.3323862023278576 0.5465620419166426 0
0.03365577026664709 0.8022545403133464 0
0.0827540405994435 0.7945549668802265 0
0.8737961819789983 0.2294745662718164 0
0.8159442728896877 0.3453185625971298 0
0.7265702416763868 0.1908281623922174 0
0.8425535868110849 0.3607273413058578 0
0.1586873563806953 0.5084480032393982 0
0.154025874000893 0.03619360138123764 0
0.1450963752691233 0.03619398036016082 0
0.6639864251304404 0.1908252780452143 0
0.6371621231824484 0.1908253363837284 0
0.2392189191561133 0.3536887768056714 0
0.5924574154418245 0.1908241441200059 0
0.3457899075419472 0.4923197137072831 0
0.5477507859777448 0.1908245349945464 0
0.5209282408776327 0.1908241902269119 0
0.4941047110133991 0.1908240518082311 0
0.4494024438823865 0.1908214424659862 0
0.4136700719337091 0.1908549536776491 0
0.2523688664835635 0.03611906760332008 0
0.2613475658462622 0.03611885557915658 0
0.9673514145951958 0.1598135224185475 0
0.9629027891034397 0.1675196708541116 0
0.9540043923831565 0.1675204323186458 0
0.9584812525012483 0.1752656866019811 0
0.4489279330426916 0.2834274354116553 0
0.3422786855545293 0.03613780722061685 0
0.4802333750773256 0.2601754461938728 0
0.2347442476184113 0.3614306142875608 0
0.9675251612288864 0.2833694009298134 0
0.9674369486153205 0.1753510094886239 0
0.3590346939809914 0.9647889259771839 0
0.9673859637172219 0.1135015508657121 0
0.03366727236611967 0.7713307550787821 0
0.03341595297859476 0.4771758489137835 0
0.02895166932485694 0.4694409732523948 0
0.3681399696530063 0.8565398473869156 0
0.03347270864400759 0.07486843650787234 0
0.3687050012234573 0.9187865616032647 0
0.03351562618427581 0.7404803194044672 0
0.03346910531105306 0.2140739868148675 0
0.03793365734136499 0.2218077683823074 0
0.9674312717274589 0.08257633591547647 0
0.3906991032273244 0.3997996058299111 0
0.9675105960462589 0.2062748487377911 0
0.3681083911704125 0.8875050814633428 0
0.8291876599430964 0.02877284212006709 0
0.368165123023271 0.8255611996637837 0
0.4004848636085971 0.02846597142583999 0
0.3736923545038382 0.02846402352961849 0
0.3672259765562496 0.9337011323336962 0
0.02900448340937918 0.2063403043680032 0
0.03346956386193055 0.1986071053924802 0
0.8201380642380779 0.02885201838178619 0
0.3647568856759447 0.02846321101851691 0
0.3109816428446192 0.02834242300251479 0
0.3020110759217046 0.02818754965812847 0
0.3678568846947666 0.9648644400033148 0
0.2832605377858746 0.9723960787318242 0
0.3719309820858708 0.9575974681577917 0
0.838116049274124 0.02855934875240707 0
0.1942094127500918 0.02845751280176623 0
0.04240189282523363 0.028471140324745 0
0.03347209923387633 0.02847203145860628 0
0.1582676974042814 0.9721776697880533 0
0.4094155416946455 0.02846640877776346 0
0.02899703794438651 0.2682189074598536 0
0.2031390195980361 0.02845688323149727 0
0.02912056209235352 0.5625716123766726 0
0.03358958058518334 0.5548049019804505 0
0.3199395066507186 0.02838977324259474 0
0.8828012375863455 0.3684553441512322 0
0.8917457537690521 0.3684505949715127 0
0.8962152054300401 0.3607023701909799 0
0.9006898361148551 0.3684453479428226 0
0.9051579116580579 0.3606983242345605 0
0.9096329228314362 0.3684398725907487 0
0.8738563450515864 0.3684594045341489 0
0.028955673393008 0.4384924523984538 0
0.02898888603731899 0.330098384252982 0
0.03345412803546836 0.3378323534011296 0
0.2743400458869092 0.9723785481527113 0
0.2886342743659714 0.05162708974050877 0
0.2841616393974804 0.04389692732139015 0
0.3238999897207617 0.1134967722190712 0
0.319388277413981 0.1057362934341603 0
0.3327870349682154 0.1444229847414644 0
0.3372544366810593 0.1367092242532737 0
0.7578387791507289 0.3688124317721731 0
0.7398995204108992 0.368730579261631 0
0.3328615864731752 0.2063048708621018 0
0.6683171475996516 0.3686844434540356 0
0.6504892785466653 0.3688872676189972 0
0.60560876183404 0.3687186025975527 0
0.5878220821551562 0.3686966503424137 0
0.5429829922074718 0.3688410323028625 0
0.5250444192360156 0.3687429580671766 0
0.4492483949032398 0.3922299406894995 0
0.04687119388947741 0.5314341283535833 0
0.03788454049958491 0.5313754787363416 0
0.03341125153516832 0.523596587077556 0
0.02919945322102077 0.7790625276236949 0
0.8470395872365082 0.368474082706221 0
0.838104800198747 0.3684884815227575 0
0.2079492328460618 0.2994786982598823 0
0.2168885453572489 0.2994824279101808 0
0.2213551354189312 0.3072262304887797 0
0.359308982123353 0.3917977084669484 0
0.3548430343321326 0.3840407713327869 0
0.3637850217311109 0.3995491380006218 0
0.3593265905634128 0.4072942722151487 0
0.3682617398078719 0.4073007846214065 0
0.3638040436945085 0.4150459415538151 0
0.1138185804885891 0.4462455774276878 0
0.1093499116800188 0.4539830006039978 0
0.9452595432062205 0.229402552348611 0
0.1985345541631147 0.9491497470728805 0
0.9497123535004375 0.2062204753161894 0
0.1587622971731245 0.3536436789696771 0
0.1632273529334701 0.3613861370727983 0
0.9630507745362897 0.1985469217930784 0
0.2341429948697316 0.8254527649520941 0
0.9273725340489134 0.2447190490803885 0
0.9629785821373174 0.09028484000725465 0
0.2030439998341616 0.941435073842011 0
0.03790094259259428 0.4075460320434031 0
0.1674645939062742 0.09029873794256423 0
0.05575634731286217 0.4075377168254574 0
0.1986881772743747 0.05164876339911789 0
0.3690556347686904 0.2373204131456583 0
0.8782540252956187 0.2217498204650647 0
0.2877165302613685 0.9492633734389224 0
0.8114683059520871 0.337572606756782 0
0.8203953465513264 0.3375596540801018 0
0.8871737755522573 0.1444756740390817 0
0.1850587792187791 0.8796648576803686 0
0.1761514788263631 0.879658103301393 0
0.8827066681989237 0.1367659776986851 0
0.3960142744822314 0.08261200379472135 0
0.2297788259560707 0.8951556839869501 0
0.2386935823374447 0.8951611669812731 0
0.02900383836960919 0.2218073149754827 0
0.1674777265129559 0.1985900037118922 0
0.1719446799925458 0.2063277535871531 0
0.1630108669883883 0.190852454547208 0
0.1808794249147448 0.206328186102801 0
0.1764117179310113 0.2140659164286804 0
0.1853469965746189 0.2140662057590559 0
0.1808791246131573 0.2218043371667472 0
0.1898145344930683 0.2218048637579397 0
0.8737940928334608 0.2140276760848255 0
0.185346458075256 0.2295434289886508 0
0.1942826296957359 0.2295436544515234 0
0.1987508055041893 0.221804873401423 0
0.2032190147736946 0.2295438512566754 0
0.2076875218903941 0.2218049687655471 0
0.2121558339419991 0.229544255325199 0
0.2166244123181342 0.2218046505574438 0
0.2210929354864808 0.2295445165827568 0
0.2076034501366604 0.03617789601570752 0
0.2120686695299437 0.02845428833956228 0
0.4981454898150307 0.2756645135205433 0
0.1853447378342144 0.1366945952754741 0
0.1808649254324219 0.1289644727255975 0
0.1451194463487421 0.7637355002775515 0
0.1538608893983742 0.9336357807876798 0
0.2166370815879214 0.06705856710708868 0
0.04248971782047591 0.6167208537291935 0
0.0335591550426657 0.6167160893972559 0
0.2520123028891567 0.9491699519453154 0
0.9495608456564414 0.1752346713950071 0
0.4177454257667586 0.3532640643385109 0
0.03341746503061846 0.4617057962946953 0
0.04246166531136839 0.6786106984621014 0
0.0335317510794878 0.6786060987099007 0
0.4668268265139774 0.2989196025579306 0
0.2211095887806605 0.07479089023668486 0
0.8916720704130032 0.1676178087016071 0
0.2743467924587262 0.4925672049476577 0
0.03346830247887445 0.229541045345087 0
0.4847175722729355 0.283416246414513 0
0.08704935230061542 0.04393272706119161 0
0.082586888146733 0.03619821510013137 0
0.8515016845762126 0.06716925543702137 0
0.08265832867046677 0.6709010123171872 0
0.4138803660023171 0.03620067406787947 0
0.4183461258982238 0.02846678296904151 0
0.2877546362760303 0.4538197257376194 0
0.08268892998274474 0.6090138954754825 0
0.07808395197211497 0.4152935746237169 0
0.07361824719871048 0.4075570397520887 0
0.06038324978274179 0.5548512752022431 0
0.2970342876023672 0.09799812294233876 0
0.07821855925094934 0.6167475250595597 0
0.0781884804627708 0.67863317807792 0
0.1004148054213683 0.4539820097621892 0
0.104881148447456 0.4617204467066681 0
0.3914069869263865 0.1986344617860328 0
0.145098964325831 0.09806367860416337 0
0.1049157843951366 0.2914327584498127 0
0.109381773222097 0.2991703408001359 0
0.8202499183656924 0.04397043490992168 0
0.1184313758432221 0.5935587214396739 0
0.1229031716814903 0.5858236655342098 0
0.04257344863219276 0.8177205927985268 0
0.03364745432238707 0.8177156087076485 0
0.1273900341002291 0.5471383714790676 0
0.8024093721991798 0.1676629378583462 0
0.5205518329442437 0.345406784873784 0
0.1139032611543176 0.694123349844348 0
0.8470219323065726 0.3374885490988213 0
0.225561684686447 0.221804659374127 0
0.2300293820943182 0.2295454002468085 0
0.3193857553241915 0.1831156436546077 0
0.3104484005758172 0.1831157939613035 0
0.1627864741309614 0.9027926334846298 0
0.1583371001569975 0.8950757229347507 0
0.1494298204488393 0.8950703134426355 0
0.1538873445617863 0.887358165794459 0
0.766693571476865 0.1367326609012746 0
0.4672834131343808 0.1908227790003833 0
0.2258283919057731 0.2994860312033155 0
0.2302951122181106 0.3072297248893793 0
0.09597677988318931 0.1986221602576949 0
0.100442509182875 0.206357872364635 0
0.09151103983985065 0.1908866652945114 0
0.09597704936898904 0.183151532256041 0
0.8068735362545435 0.1753948866398596 0
0.8693709102995906 0.3297435540743859 0
0.06047422614016025 0.7558899116235921 0
0.1451688810609166 0.670931857257888 0
0.1362359358805312 0.6709268073058015 0
0.1227832519098485 0.2604878399539519 0
0.1183157914670658 0.2527511417623492 0
0.1272468796755982 0.2682259349042092 0
0.1093849185591754 0.2527490314974957 0
0.1138483983794439 0.2450146335717845 0
0.1586471335300838 0.58583036778703 0
0.1675854682252875 0.5858351555577804 0
0.08709226976225161 0.8795976448094996 0
0.1629640627307208 0.1135313283875224 0
0.8648802109683345 0.2449312226257772 0
0.8604203384575095 0.2526603434919489 0
0.565633330797741 0.190823888272955 0
0.1674311510074696 0.7714787959274026 0
0.1629635364117332 0.7792058126502598 0
0.1540385254219644 0.7792006685375578 0
0.1852817310098657 0.05938707772888736 0
0.3235137665066674 0.8101460504710134 0
0.6103396263253267 0.1908245690590569 0
0.9140984754120743 0.3606932359348419 0
0.9185740087198284 0.3684338979550714 0
0.681868082016992 0.1908256823503632 0
0.6997490864215976 0.1908262705918515 0
0.171899081321378 0.7637508895576908 0
0.7890159523535794 0.19085839101854 0
0.7800846196623952 0.1908636736230867 0
0.7979467181104957 0.1908596559872492 0
0.3413186908264459 0.5000499547750621 0
0.2252199918010059 0.8254507048486293 0
0.9718815439507865 0.09028286842632904 0
0.4004802090641 0.09034885715405502 0
0.409406905581188 0.09033417298904457 0
0.03813912411005529 0.7636167798061761 0
0.09611931416484973 0.8177514166133912 0
0.1720090035685216 0.6554926137130344 0
0.1675369783962697 0.6632277846649516 0
0.1720188491038577 0.640014974529809 0
0.2207604537689267 0.8177222731024594 0
0.06938470767938576 0.7558854711968548 0
0.3279097767170605 0.5388122991291944 0
0.3323825493574871 0.5310595663783928 0
0.4315206469158118 0.1908225211281381 0
0.2436714570655349 0.3304432947616327 0
0.02896353000446203 0.407544140877715 0
0.5249912334751441 0.2601622835083316 0
0.5160455972065086 0.2601650092561892 0
0.1718738203777815 0.4851289914256794 0
0.1763437768524034 0.4773874089184038 0
0.3414518669762601 0.4692993681026099 0
0.3459247954929283 0.4615467828144001 0
0.02453852809168268 0.2295406176534615 0
0.3958808197176146 0.2373484565638949 0
0.3914091151450701 0.2450670797005083 0
0.4578716337863817 0.2679296006174948 0
0.4623423931725694 0.260181328625918 0
0.4176402056267506 0.3376669367912895 0
0.4220913672927236 0.3299279808904255 0
0.2481067642383377 0.3381424140459409 0
0.4399835562384853 0.2989272369619954 0
0.4355110916314908 0.3066777992239932 0
0.2385685057285949 0.492586949491088 0
0.2430382374626497 0.4848399692274926 0
0.2877408122447545 0.4073159763387857 0
0.2922113307384663 0.3995664344739615 0
0.3145715341743458 0.3763090500460702 0
0.2653872275708676 0.4460829816965078 0
0.269857248586151 0.438334421155167 0
0.2609171764886798 0.4538310806464643 0
0.3056241680307004 0.3763127196306789 0
0.02916849555787663 0.8718019546342173 0
0.02900807932412232 0.06713581335159136 0
0.02894418282817663 0.5313649464664054 0
0.02914697948615545 0.7636397310241578 0
0.9719590180413956 0.2294009156760203 0
0.02899896451568987 0.2527469108028034 0
0.02465910381340388 0.5548297805333788 0
0.02909801624019018 0.608979974394102 0
0.02907104583404648 0.6708680716408377 0
0.02898253475312669 0.3765097204581205 0
0.3721792814441177 0.8954794604660374 0
0.02905059953818537 0.7327444416817224 0
0.08705147098210582 0.0284651046776557 0
0.07812247132206555 0.02846537861859131 0
0.1495610665872268 0.0284604106506367 0
0.1406314559993237 0.02846107700820578 0
0.1361670608107056 0.03619428387966853 0
0.1317021504336329 0.02846147712426616 0
0.9718899357269813 0.07485823978137099 0
0.9719578321064544 0.1985713903168112 0
0.3726338920288311 0.833311186129978 0
0.9451773855419801 0.02855403290388587 0
0.9540940011902865 0.02855620399738824 0
0.9585505503839802 0.03627714604090768 0
0.9362599521108337 0.02855198495558784 0
0.9629265512040527 0.02860644860533854 0
0.9674476121157785 0.03628730253462259 0
0.3726039903047185 0.8642867094087002 0
0.3726393076953481 0.4767720906397315 0
0.3681624078202829 0.4690530023963256 0
0.9719815685289466 0.2910757003312131 0
0.9720376599806169 0.02875187081599357 0
0.02460067292552241 0.6786045527576429 0
0.02906095433201833 0.6863542541986287 0
0.9717993914302954 0.1521082081891472 0
0.1404729363761915 0.972167098080187 0
0.1315768778106639 0.9721619932453419 0
0.02471006558062218 0.8640719169844104 0
0.02917607031985303 0.856348393696474 0
0.02451615683775094 0.3842431342438458 0
0.2475593978361212 0.9723073485389696 0
0.2386486288091572 0.9722880999869911 0
0.02462774993416449 0.6167160980474975 0
0.0290877231671361 0.6244627200561926 0
0.9762474354129932 0.1598125046599936 0
0.3277959798010556 0.9724416432099829 0
0.336702963186613 0.9724516706861717 0
0.3722906116791262 0.4147960424902493 0
0.3681582264537311 0.4227262870042038 0
0.2568419616711523 0.02838516915798971 0
0.247885915763983 0.02839676598574391 0
0.2659213880135955 0.0283865952917715 0
0.1760595181787117 0.9721886351173816 0
0.1849559023196732 0.9721944065521924 0
0.3721922821311155 0.493063289546202 0
0.3010707224950543 0.9724130853072099 0
0.3634760655379959 0.9725338072579293 0
0.3722882162507837 0.9726078507071247 0
0.976427690165633 0.283363849235085 0
0.9587158511433796 0.3760474890961095 0
0.9764078558325235 0.2062831848978064 0
0.02448740992089252 0.4617061913120633 0
0.8783323813691049 0.3762050937704554 0
0.008427564839101414 0.01379176251319859 0
0.9676278653142163 0.3760497390344245 0
0.9720847649105779 0.3683185385999084 0
0.3284167127788276 0.105740760361288 0
0.3372593737614762 0.1676354193447422 0
0.3329923897405084 0.1134783979946613 0
0.3417674137183783 0.1753750681348503 0
0.3372570914524453 0.1831081572899624 0
0.3373399492405837 0.2140418782857952 0
0.2931402111064989 0.05931111097514014 0
0.05592099758938637 0.5471140619279218 0
0.3238602525499091 0.09799701452393836 0
0.1138163431315933 0.461721699827753 0
0.1093732553257909 0.4694739950160634 0
0.1004167528151396 0.4694601100555276 0
0.1049093769415915 0.477213975289033 0
0.09594966044379684 0.4771977796497882 0
0.1004157411373283 0.4849350866866706 0
0.154289819467404 0.3613818061002346 0
0.1587547409615222 0.3691240776360887 0
0.1497693952936094 0.3690822628037015 0
0.1542425973306353 0.3768402623660926 0
0.8693855152416915 0.3762087220006868 0
0.9540189176600331 0.1829669374167206 0
0.167714755228695 0.3226859905174715 0
0.1721870141324402 0.314947774584122 0
0.1587697343144265 0.3381629797557251 0
0.346218878146813 0.1831454746198139 0
0.2073138280797211 0.9028211930158025 0
0.211794658650089 0.8951154123029508 0
0.3060603255613827 0.08250796476417305 0
0.9540073476157359 0.1058593755816602 0
0.9451066496849547 0.105856567437773 0
0.02467288162654422 0.5703156750029301 0
0.08700396428751786 0.5081268022314421 0
0.08258151380362955 0.5158357827368082 0
0.8159353393673198 0.3298237914416038 0
0.02454852186204368 0.3223501607815903 0
0.02899540237229472 0.3146277916446507 0
0.0244931162183885 0.4152887460784783 0
0.04244462583531847 0.5392429409705479 0
0.2073275994916384 0.8873952362176765 0
0.3601141857259902 0.2373154441413405 0
0.2565025480908844 0.9723444692613983 0
0.1806277934624992 0.8719390382979915 0
0.1717003576123701 0.871937237354329 0
0.1761802810520997 0.864214959750939 0
0.1672486687354287 0.8642160815136419 0
0.1717099454131418 0.8564992215873973 0
0.1627919365727736 0.8564955907084748 0
0.1583331823768082 0.8642116886498825 0
0.1538829681955647 0.8564936719160376 0
0.1494362925342204 0.8642124887648968 0
0.1583395491283801 0.8487728312241664 0
0.3775416477908977 0.2837635971915386 0
0.882714392245032 0.2294722053875316 0
0.1853697403465697 0.09026626484117159 0
0.1809042196113411 0.08253137765999666 0
0.8693441491701953 0.2526584230174246 0
0.04684382434081921 0.3919992709621077 0
0.06494587266554186 0.7481623041286124 0
0.3545565739673652 0.9725013852327297 0
0.1495685896111831 0.1367364239242803 0
0.2296794138026383 0.8331787261746949 0
0.2386016184200897 0.8331813918646669 0
0.382013468988026 0.2760167042993656 0
0.1227838251820606 0.2914346389240746 0
0.1719445508644647 0.2218033772157483 0
0.2076871763927165 0.2372882770213022 0
0.1585433259041155 0.1985894374596766 0
0.1540767481553514 0.1908520475051189 0
0.1676258650566233 0.5084518748920538 0
0.1720920322250013 0.5161950797512282 0
0.9630032662944213 0.04399599347637368 0
0.9719098319352661 0.04399703781539317 0
0.9674560736068751 0.05171005646825166 0
0.9763610579432456 0.05170883695772364 0
0.1674036478500055 0.4928695829047293 0
0.1898098654693088 0.1289592529384453 0
0.1942826370123444 0.1366920901699382 0
0.1853401466556912 0.1212262408034834 0
0.318889022972869 0.9724321139734264 0
0.05142016397569852 0.6167257522819234 0
0.1676922471638925 0.3691312000828941 0
0.8917008594901192 0.3065249777320181 0
0.9451051713425447 0.1675266950740456 0
0.05139158270870253 0.6786138453703157 0
0.9675181849658394 0.2679467421199228 0
0.9719652885790905 0.260236366216887 0
0.1942872852906352 0.07479787345776383 0
0.9675339848763157 0.2987892966876849 0
0.301168383202538 0.4305569407293796 0
0.2832982930782605 0.5080628947870195 0
0.04681739761719449 0.4384950957682797 0
0.9763832650717574 0.2216810056804324 0
0.1811108776389627 0.3459149551969996 0
0.1228665599350516 0.6477170202236466 0
0.1360496167415985 0.9336271677851509 0
0.8025222305551432 0.3375744743551815 0
0.07365821067744865 0.03619814336407069 0
0.06919358149553709 0.02846557468604954 0
0.8604261444417642 0.06717029077202154 0
0.3011532223695014 0.3840636900854856 0
0.1898142892125843 0.237282513824959 0
0.1808779466562828 0.2372822097881878 0
0.0871859306487433 0.8332007338915912 0
0.09610773010568414 0.8332055682395079 0
0.3597024154614157 0.3302293486745454 0
0.02911650145189857 0.5780414332107545 0
0.2922405139905146 0.4925613678368496 0
0.3015224027017743 0.2605299382354666 0
0.2925810503995238 0.260529616428697 0
0.2881098936994959 0.2682729546572536 0
0.04235077609155687 0.4462289934805806 0
0.2966968870773461 0.4383084195308609 0
0.4713120486962674 0.3221676202430096 0
0.7266477348639589 0.1599398410420054 0
0.7311163843852229 0.1522018300910732 0
0.4228108815335719 0.03620095804754205 0
0.4272765367819452 0.02846715324126833 0
0.1272749433267828 0.7327977430193905 0
0.8024082330791035 0.1521973771209827 0
0.542889804802447 0.2756517207892185 0
0.5473594701887013 0.2679020951513094 0
0.5428836146600771 0.2601561601798151 0
0.5518292251195044 0.2601529030958203 0
0.5563052723030707 0.2678986141681793 0
0.5607753901976595 0.2601496777801359 0
0.5652511437917022 0.2678952932800215 0
0.5697213540400752 0.2601463382617168 0
0.5741970095021856 0.2678917262430269 0
0.5786670893890407 0.2601429771158771 0
0.5831428449915741 0.2678883289642879 0
0.5876129221658929 0.2601395991318778 0
0.5920886981605953 0.2678848160112356 0
0.5965587807017279 0.2601361986038445 0
0.6010345644346425 0.2678814185062127 0
0.6055046505338584 0.2601328153735958 0
0.6099804386117413 0.2678778892841753 0
0.6144505256551179 0.2601294132709649 0
0.6189263151942559 0.2678744823800135 0
0.6233963134915276 0.260126060240466 0
0.6278721725168792 0.2678709661281435 0
0.6323421809145711 0.2601226891779685 0
0.6368180312788103 0.2678675594518357 0
0.6412880348115454 0.2601193191028784 0
0.6457638739987921 0.2678640516653737 0
0.6502338658827992 0.2601159528959527 0
0.654709694920217 0.267861100085502 0
0.6591796568243966 0.2601125917819286 0
0.6636554578579034 0.267857272185189 0
0.6681254003918119 0.2601092281698212 0
0.6726011786156532 0.2678536683016091 0
0.6770710972049701 0.2601058637971324 0
0.6815468526590983 0.2678508035028659 0
0.6860167164811879 0.2601025097788912 0
0.6904923638948796 0.2678468686812815 0
0.6949621745124086 0.2600991931281477 0
0.6994376817868045 0.2678433383341484 0
0.7039073747052097 0.2600959316665776 0
0.7083834249283663 0.2678393731615846 0
0.7128523261452951 0.2600925669062842 0
0.7173282829797629 0.2678366465140857 0
0.7217968461065821 0.2600894009483188 0
0.7262725320589998 0.267833313292238 0
0.7307409858262497 0.2600862627166003 0
0.7352164451796639 0.2678297430548348 0
0.7396847596674898 0.2600830506243429 0
0.7441594650044085 0.2678262128145256 0
0.74862758301276 0.2600800986483212 0
0.7531019405047378 0.2678225195723323 0
0.757569946305485 0.2600770238795786 0
0.7620433652933472 0.2678189464739916 0
0.7665107868850527 0.2600742940410915 0
0.7709838682789403 0.2678151123117157 0
0.7754508701752696 0.2600716750057068 0
0.7799234115594511 0.2678113933504431 0
0.7843897585677718 0.2600686814187083 0
0.7888621405526619 0.2678086439647893 0
0.7933273634086218 0.2600661685358953 0
0.7977993825004039 0.2678048129853278 0
0.8022639255981285 0.2600637048435788 0
0.8067346694294837 0.2678000565473517 0
0.8111992211905379 0.2600603210131364 0
0.8156894242142034 0.2678197788737841 0
0.8112084787791588 0.2755396371705061 0
0.7843960777024404 0.2755504046647225 0
0.8201434120642628 0.2755359752766571 0
0.8246466264755142 0.2678445971880838 0
0.8290808663400525 0.275536297779159 0
0.7218075224570044 0.2755834053749444 0
0.6949729769159729 0.275594183853993 0
0.6681370341670343 0.2756046172170235 0
0.5697297475565373 0.2756416725090777 0
0.4089544866475213 0.3844896748542961 0
0.04239093090453281 0.2914222621471998 0
0.03346025608961358 0.2914213096087436 0
0.2970458492197598 0.1289440551144237 0
0.2925785548406795 0.1212065055178443 0
0.1585439977893308 0.183115287382023 0
0.1496102262219357 0.1831149724857989 0
0.1540774676291295 0.1753781654156296 0
0.2925895706554564 0.2140753827446571 0
0.07824083583481957 0.5703288646991274 0
0.1719101971722316 0.7482883451470869 0
0.03344879471699956 0.3687754968953847 0
0.8827110769208854 0.2140262951030272 0
0.8782521820164313 0.2063054054625075 0
0.8693357161839587 0.2063056388782976 0
0.02899590569197725 0.2836867487631814 0
0.02453006658956761 0.2914201836016628 0
0.4223540510276232 0.2217580903925466 0
0.4178832652784703 0.2140142271111583 0
0.1048920727941501 0.3688647521626428 0
0.1004254170985051 0.3611269277440915 0
0.09595767313009246 0.3688637509744934 0
0.09149126704180213 0.3611262893851982 0
0.0959587013809899 0.3533895698182122 0
0.2124221331950583 0.2917388601516123 0
0.2034830717788645 0.2917351932817208 0
0.2886763713747408 0.03603889476329798 0
0.1137936455260721 0.92590695563924 0
0.2881113614981934 0.1289440933413533 0
0.185280052131628 0.02845803734698938 0
0.03788032153365194 0.4849109783830682 0
0.02894962889213422 0.4849095173996477 0
0.03341365828076918 0.4926442927390715 0
0.02448329039881356 0.4926427584562754 0
0.02894705271196157 0.5003797116880071 0
0.2478978186842176 0.1676375538597349 0
0.05132522021604128 0.2604840622894931 0
0.1227715492936 0.05939569968523867 0
0.1049184202671058 0.2450121390562386 0
0.1093830713553515 0.2372773334810036 0
0.100452443518648 0.2372753818507986 0
0.104919312818274 0.2295394620172442 0
0.09598689248472997 0.2295389232081479 0
0.07373323077966222 0.6554246699139711 0
0.03792443462493552 0.2991577823242408 0
0.1406596874961016 0.7560019264180023 0
0.158491388308344 0.02845945859501765 0
0.2657723826338826 0.1366830681830709 0
0.1049113182371302 0.0903317714397853 0
0.08262861635484485 0.7327721636459021 0
0.8425731808849368 0.08263064672157781 0
0.2836441331463603 0.1212068158519273 0
0.07378375019897218 0.8563734918335191 0
0.07823922411933594 0.8641003158969831 0
0.08270366910338914 0.8563789770696313 0
0.3775406812101068 0.2682708571676864 0
0.3864850857773298 0.2682699054154133 0
0.382087782420564 0.2605086139202221 0
0.3368154581506199 0.8952192394661889 0
0.07376328158069148 0.5935352628083563 0
0.1406368415251003 0.1212672241122786 0
0.1093751125971358 0.129005135221287 0
0.2659682985945396 0.04385439106486466 0
0.2788231848169065 0.5313026863775212 0
0.03793735055528242 0.08260108176764226 0
0.02900836687377046 0.08260126987303903 0
0.03347298390167468 0.09033388002510226 0
0.1407978911274224 0.5394029183566181 0
0.3643612115754518 0.1366679025760599 0
0.9451098293638811 0.1829426722801156 0
0.269875061936501 0.902887605085686 0
0.3915495430975288 0.07487488805262515 0
0.3556445494654895 0.2295960997376651 0
0.1362280908880428 0.6863985931680081 0
0.3235191756164875 0.3763053298934886 0
0.06935196077385948 0.7713520421531355 0
0.3511997690504662 0.1134945202208748 0
0.4317414210080722 0.03620117100744234 0
0.4362070537236526 0.0284674724295025 0
0.4406719600577419 0.03620158100471877 0
0.4451375995058556 0.0284678173549835 0
0.4496025155569448 0.03620177700191716 0
0.4540681654390553 0.02846813315272307 0
0.1720638309159128 0.2838573084676181 0
0.3056500755006768 0.4538094981246505 0
0.378155619222369 0.0516673519125231 0
0.3692244707073367 0.05166653979194788 0
0.3736893576494017 0.05940178981520564 0
0.1004482831584993 0.2991688781521565 0
0.1049127262956071 0.3069059998717374 0
0.09598029146008893 0.3069053165445938 0
0.1004447456593269 0.3146422268304786 0
0.0915125434379398 0.314642351521409 0
0.09597702830211824 0.3223785539880744 0
0.08704511410033083 0.3223859918657229 0
0.09150385317743615 0.3301460020971912 0
0.1451038993179805 0.1444723063932133 0
0.7845546346315675 0.1058053395313435 0
0.7890198239673814 0.09807781216907609 0
0.7800914974296085 0.09807305032922944 0
0.06485244395648758 0.5471180315477562 0
0.9228784967181026 0.2524115326982134 0
0.9318106183379072 0.2524141617309761 0
0.9273353596812333 0.260123003808398 0
0.09151881071358864 0.2527510956272613 0
0.4003466541257553 0.1986350208450415 0
0.296707389207408 0.469313735108909 0
0.1272378789493437 0.09806468456249909 0
0.08704993158505669 0.2914287505866753 0
0.3824717205002008 0.1676600539407862 0
0.07807432335902437 0.4926547003009821 0
0.8202588733833716 0.09035858854407033 0
0.03362653503931214 0.8795309794156432 0
0.02470347794492074 0.8795277676752964 0
0.02919183575057575 0.8872500284574254 0
0.1182801690776275 0.4385042234967713 0
0.2258221967241853 0.3149694028649732 0
0.2300417297916241 0.07479063871672104 0
0.2255759823749043 0.08252553465778935 0
0.06931484728237419 0.5548542119355955 0
0.1407183207765473 0.353484376348256 0
0.09166316401226794 0.8100208301638628 0
0.08702532715039679 0.3688638436787966 0
0.09149020991984581 0.3766003755963497 0
0.08255818457313077 0.3766005216892082 0
0.08702273804744209 0.3843367114625915 0
0.07809082952771895 0.3843368031794774 0
0.08255479051637402 0.3920752473032471 0
0.07362225464030128 0.392079097281219 0
0.122757840795404 0.4152946919457947 0
0.1272250604447636 0.423033604242037 0
0.1316939123655617 0.4152954761894391 0
0.2519813724258485 0.4848367749982037 0
0.2475069285602443 0.4770891938237196 0
0.0381062415567484 0.8254476833049275 0
0.02939144878859563 0.8255653226328407 0
0.03367474113721218 0.8331946112792179 0
0.02496542334434987 0.8333164974134657 0
0.8113333551153966 0.1212735605289604 0
0.5339591169071951 0.3221508422885579 0
0.1228235666618969 0.7095954113636521 0
0.4585330727936008 0.03620220379141026 0
0.4629987417121816 0.0284684832868081 0
0.4674636684235014 0.03620240886652437 0
0.4719293333729369 0.02846880385326036 0
0.2392274385015296 0.3227125635692765 0
0.3593127603639035 0.4227865334794879 0
0.3637877321809251 0.4305361228955618 0
0.3722114441818809 0.4306968157824048 0
0.3681496344875536 0.4383593983338776 0
0.234507370804754 0.08252567944492137 0
0.2300418440509559 0.09026065122350613 0
0.3593116980873347 0.4383108644783726 0
0.3637623356992903 0.4460507853266365 0
0.3727695448332417 0.446052963834713 0
0.2698670319270425 0.8410044923767908 0
0.1273576903490005 0.6090360534771606 0
0.1675554569947031 0.6322732611479849 0
0.4763942643474194 0.03620258337275246 0
0.4808599322032084 0.02846911477192461 0
0.4853248665791005 0.03620289928838423 0
0.4897905387783508 0.0284694489912577 0
0.3647578371516474 0.05940097835031011 0
0.3692228933339777 0.06713665561870771 0
0.1540324800131367 0.1290003269279115 0
0.7756187321734809 0.1831300036084613 0
0.7711522148393511 0.1908652223200875 0
0.4942554753187001 0.0362030954992984 0
0.4987211501699057 0.02846976748948393 0
0.5031860886158669 0.03620341464654717 0
0.5076518257483685 0.02847006132049767 0
0.1939875109083107 0.8796664892996651 0
0.3190308868747553 0.8023892564380484 0
0.3681751437559597 0.8100675679319864 0
0.3726535493393605 0.8026779964607056 0
0.3686646939038845 0.7941093590557019 0
0.287741774929594 0.8565259833492639 0
0.297052325442316 0.2527864341358308 0
0.9452614804072633 0.2139778756701971 0
0.5876219008794973 0.2756349578370791 0
0.512116714897037 0.03620360511914392 0
0.5165825226135599 0.02847037761071699 0
0.5210473478315121 0.03620392189275859 0
0.5255130287603201 0.02847075428037448 0
0.1272465821070156 0.2836993141000848 0
0.1272430461652584 0.252760603839176 0
0.9096245278968601 0.3529538295815944 0
0.7666861323646916 0.1831301603514796 0
0.7622230035829605 0.1908636760551661 0
0.5299779501611217 0.0362041270519043 0
0.5344434896941509 0.02847108336570359 0
0.5389085385121302 0.03620444646136539 0
0.5433741507983854 0.02847154784903182 0
0.5478391555788793 0.03620465136126429 0
0.552304694961937 0.02847176868614577 0
0.2121547460012507 0.2140664996808517 0
0.5294872323118999 0.329902804273472 0
0.5205385830504812 0.3299051103021505 0
0.6055147209464663 0.2756282684264397 0
0.5567697643665602 0.03620558011646927 0
0.5612353710708974 0.02847224584653622 0
0.5657003710034718 0.0362053619671236 0
0.5701659707846316 0.02847246722893951 0
0.5384368460253464 0.3299001661414875 0
0.2163105236987986 0.8874131736332213 0
0.9363136998440283 0.2756321763393537 0
0.5746309683623533 0.03620545722841612 0
0.5790964974706252 0.02847275734178037 0
0.5835615466755388 0.0362057477035156 0
0.5880270691631254 0.02847308839971473 0
0.2881104672803454 0.1134698485508005 0
0.6234075976413621 0.2756216061838921 0
0.08704615352066114 0.1831509327489429 0
0.09151141658191222 0.1754163622725444 0
0.1004431394637577 0.1754162080462599 0
0.09597706539082587 0.1676814461718526 0
0.08704637575845456 0.1676810446638833 0
0.09151143452451084 0.1599466086588198 0
0.1004429901674087 0.1599460647659122 0
0.09597682600784879 0.1522118438160007 0
0.08704633558830488 0.1522116582944054 0
0.09151177448043019 0.1444770234126202 0
0.1004422243119314 0.1444771189833121 0
0.05152058320943306 0.7558845202538499 0
0.5924921228115869 0.03620594976874258 0
0.5969577053207749 0.02847340915897609 0
0.6014226987228088 0.03620625881296856 0
0.605888211344947 0.02847375191490048 0
0.610353242210495 0.03620645771408205 0
0.6148187422398257 0.02847407776037615 0
0.6192837874237331 0.03620770242729034 0
0.6237493450845402 0.02847469716322538 0
0.6282142952052432 0.03620724608482082 0
0.6326797680388623 0.02847483878223246 0
0.6371447605850939 0.03620729721454403 0
0.6416102155001673 0.02847510894127069 0
0.1273289797021951 0.6554561540307953 0
0.6460752169008093 0.03620859592877543 0
0.6505406381339759 0.02847560841362021 0
0.6550056061175793 0.03620802812003162 0
0.6594710199663486 0.02847583426262168 0
0.757575961495624 0.2755646697868526 0
0.6412985572594476 0.2756147392788851 0
0.6639359642409046 0.03620810037924731 0
0.6684013548219163 0.0284761215329909 0
0.6728662775672494 0.03620835454979011 0
0.6773316453208911 0.02847644824476915 0
0.6817965407621629 0.03620859533598132 0
0.6862618778211134 0.02847678202309567 0
0.6907267449368965 0.03620887232365072 0
0.6951920956103135 0.02847712681040471 0
0.6996568869519786 0.03620914366017018 0
0.7041221634498706 0.02847746301571016 0
0.7085869505967519 0.03620941868264299 0
0.7130521859042265 0.02847780320382063 0
0.7175169423299006 0.03620971177694145 0
0.721982163537864 0.02847815613834417 0
0.7264468377978324 0.03620996811697379 0
0.7309119773398793 0.02847849095528499 0
0.7353766164861415 0.03621029910110071 0
0.7398416899036393 0.0284788423410378 0
0.744307708165612 0.03620970766024434 0
0.7487715180729164 0.02847903737991241 0
0.7532375014876967 0.03621145375368726 0
0.7577010233208187 0.02847960745903969 0
0.7621654715894965 0.03621279216256863 0
0.7666300549389483 0.0284801774626074 0
0.7710955477061058 0.03621252888195209 0
0.7755592439036755 0.02848046740157305 0
0.7800247107878602 0.0362125770470343 0
0.784488212374805 0.02848080594053146 0
0.7889523453365297 0.03621341209354195 0
0.7934166619912797 0.02848125229856476 0
0.7978911226036889 0.03621875840804261 0
0.8023467731567783 0.02848245791144679 0
0.09145942372283046 0.5003870819529905 0
0.1449793640607657 0.8873529801671385 0
0.3412705511564554 0.9029567862158239 0
0.1986739133971034 0.0210209421131754 0
0.1716289059077679 0.9490720639425284 0
0.1805246836481074 0.9490756032523707 0
0.8248253168776408 0.329769826268493 0
0.2881139368293571 0.2527845471609239 0
0.7396956772378781 0.2755757925844849 0
0.2925801382290312 0.2915057461891645 0
0.1452770377028058 0.5161845923669691 0
0.1408042525768738 0.5239234322911922 0
0.0870451704677024 0.1986184021197723 0
0.3548515067844473 0.4460535148544907 0
0.797940652624722 0.08262867429178201 0
0.1631204547297396 0.5780939371419083 0
0.1720429781747508 0.578087546317092 0
0.1675938468079452 0.570352828284919 0
0.1497096233139262 0.585827955906046 0
0.3283465108955007 0.1985901878934818 0
0.3372853856109592 0.1985896292320981 0
0.113842410397521 0.3069149186439744 0
0.2881105297851871 0.2837600735448186 0
0.1049104150951132 0.3223846494393461 0
0.1228565275542281 0.6631895848287108 0
0.2166026651897905 0.05158768341066658 0
0.1138464506936307 0.2295471911394541 0
0.1093785648647766 0.2218094176686188 0
0.08702168954497924 0.3533796623760382 0
0.3145102501239261 0.8410470943087482 0
0.323878287946361 0.3147456153776606 0
0.332822909680177 0.3147481393113076 0
0.3149330010190358 0.3147447326890863 0
0.310460949514681 0.3070013519069628 0
0.3279699152464524 0.8178806620922838 0
0.2970512653479343 0.2992506750532314 0
0.08260194669250767 0.9027524028486883 0
0.1763478168048563 0.77148941978129 0
0.7400248891270756 0.152186690176881 0
0.9141080616499383 0.37618144350332 0
0.923190075516538 0.3762719798441816 0
0.8962334933735081 0.3761540430189949 0
0.7845518153060247 0.1985889534934711 0
0.3501558984422207 0.9183927698940987 0
0.9185577679356973 0.3529464284953986 0
0.1763737921563296 0.7405625074320703 0
0.1719193237009455 0.7328249885923757 0
0.7666862354733638 0.1986029708427592 0
0.07814637222380666 0.8950355964432769 0
0.1494418178194581 0.8487739900029412 0
0.7221794014929982 0.1522082923566103 0
0.3234440455324581 0.5310563841880401 0
0.3368405127640576 0.4923862496448623 0
0.08705374493100751 0.9104746071580557 0
0.0959634495452982 0.9104793008373328 0
0.9275302031981468 0.3684389279515653 0
0.9321054302967371 0.3762505137033217 0
0.08714249869007702 0.8641295384627385 0
0.1538890292569966 0.841050346449475 0
0.1628123470067762 0.8410420557456588 0
0.07376778414195015 0.8718334352946121 0
0.3100391826386343 0.8487752183210375 0
0.7577431261517982 0.1985702505373504 0
0.5831372378561511 0.2524318705888305 0
0.08720997993773499 0.7868344705011282 0
0.2207673291561962 0.8331816972840944 0
0.1764594346797755 0.663240704704892 0
0.1719921399434449 0.6709692569202158 0
0.8782576959579196 0.2371819980102242 0
0.09162895986931513 0.8409356235848173 0
0.08272324465891276 0.779100844140988 0
0.7577856904062654 0.1831168086594224 0
0.7577985131080007 0.1676400032173199 0
0.6815409463005936 0.2523963690604357 0
0.8648839697231777 0.2603689612136679 0
0.8559787703926218 0.2603759443332926 0
0.8604267948852371 0.2680946482239009 0
0.8515033424962023 0.2680476985634583 0
0.1764785472224253 0.6322860118533428 0
0.17202634455029 0.6245373201450839 0
0.3234490147667567 0.5465579477686058 0
0.3279171895146749 0.5543124405115509 0
0.08711008158304792 0.7559455885717274 0
0.8871675915238064 0.2062899680641059 0
0.7083769761954276 0.2523872999026306 0
0.1764880829428647 0.5858129376072848 0
0.7977730913629117 0.2523377995677308 0
0.7352099152426363 0.2523787370820026 0
0.1765237438729065 0.5703522991608859 0
0.1720675323339374 0.5626135340719242 0
0.8248588641385416 0.3452913546071341 0
0.1674042799594337 0.4773872353635866 0
0.8336185194358989 0.3607309880262832 0
0.09167299713631512 0.7945648611850201 0
0.1764980841624918 0.5084088605433009 0
0.327906772541588 0.5233362143706444 0
0.2842108959488681 0.05936417367086608 0
0.3511727055964274 0.2373292082059852 0
0.3465902958790256 0.2296088973216222 0
0.3064439946633439 0.06700310055858794 0
0.3638297105898003 0.3841303312682716 0
0.3593084991803215 0.3763103953957087 0
0.3503653257470652 0.3762940648323424 0
0.8202527094564502 0.244939581601079 0
0.3823911752579368 0.2450268173188661 0
0.8335822074596988 0.2678469627117914 0
0.8380128099536031 0.2756049750648232 0
0.3911224218959086 0.2605410710998238 0
0.3727539346508981 0.3995355446243942 0
0.2436864816412577 0.3614037770058677 0
0.4223540382106811 0.2062958682271498 0
0.2341247537064476 0.4848250960884608 0
0.3592575148429367 0.4537550844275154 0
0.2481096549519271 0.3536197091009824 0
0.283297101696011 0.3995510853191658 0
0.2481578216360329 0.3227084584191873 0
0.2437067700182299 0.3149721353610399 0
0.8291606653571605 0.3685015518511618 0
0.8336399674342276 0.3762448807187367 0
0.8246716306432618 0.3762551003826092 0
0.2347450447791297 0.2995027434665642 0
0.2302251459376323 0.2917199545140925 0
0.4131432418232243 0.3299472724809223 0
0.4310602599402756 0.2989897098874548 0
0.4134713223990188 0.2218260339108243 0
0.4090111277170471 0.2140713214617239 0
0.4534191554521914 0.2602459506884978 0
0.5205862810039612 0.2524499816574692 0
0.5116534579678489 0.2524576764400636 0
0.5563661994452838 0.2524402544231643 0
0.7710275666441443 0.2523796147485982 0
0.6010914520289495 0.2524272949510089 0
0.6189813644995588 0.2524219509937842 0
0.6368712930824967 0.252416659722145 0
0.6547614109185692 0.2524113923247922 0
0.7531470568101036 0.2523832917413403 0
0.1718741787051286 0.4696456798152729 0
0.1808136765778495 0.4696457338677285 0
0.1763439137052401 0.4619038392413626 0
0.185283473552273 0.4619037882333824 0
0.1808137553985465 0.454161782211994 0
0.189753529802106 0.4541617152245708 0
0.1852837187536494 0.4464195154483302 0
0.1942234701449074 0.4464192967291736 0
0.1897962702441756 0.4386763407983865 0
0.1987002845033273 0.4386763712543865 0
0.1942534422595637 0.4309217719088462 0
0.2031700815114329 0.430931905481636 0
0.1987220144997527 0.423202018922848 0
0.207639974203105 0.4231924507905476 0
0.256454832813218 0.4461024387443505 0
0.2031775847941599 0.4154558283267017 0
0.2121071694243929 0.415448943108002 0
0.2076473799793428 0.4077126523328446 0
0.2165780113782986 0.4077060932273629 0
0.2121528509235069 0.3999639682399628 0
0.2210544719863185 0.3999617369445621 0
0.2166083231358045 0.3922054429703157 0
0.2255238065278866 0.3922154988685252 0
0.2211457854491493 0.3844758486333388 0
0.2301002059926462 0.3844735048495685 0
0.2391847382860273 0.3690947416010515 0
0.2302681674611901 0.3691537056388443 0
0.457968692360806 0.2525034344620054 0
0.4355459870140049 0.2912071117846412 0
0.4176384375165672 0.3222419781257634 0
0.4265568582312443 0.3221791536938298 0
0.4221373053996025 0.3144877192688533 0
0.2967224062448677 0.3763940683673594 0
0.2877638375259467 0.3918539691041354 0
0.4668825561119954 0.2524897064234382 0
0.5295428689720761 0.2524531113827184 0
0.02453992547099289 0.1986069466456531 0
0.0290048304104385 0.1908738115330478 0
0.03793460735122936 0.1908736105729857 0
0.03346964878995462 0.183140533462613 0
0.02454014917738805 0.183140511213708 0
0.02874046230570992 0.1754571127489082 0
0.03789032550395605 0.1754156643520799 0
0.03341858957231152 0.1676818135898377 0
0.3191783979672003 0.3685881220374655 0
0.4489513838459149 0.2680042984804649 0
0.3548563530772021 0.3685863490303472 0
0.3459784806284942 0.3686111850497786 0
0.4087422501351034 0.3377723879412154 0
0.02449148775421194 0.4307578412408267 0
0.02458831853242089 0.3687341177497774 0
0.02899619094542511 0.3610343982867675 0
0.02013795817988147 0.3609917533876279 0
0.02453666201457627 0.3532963657582675 0
0.03345455148923813 0.3533032812007679 0
0.2296856008683689 0.4925955849566022 0
0.3154798181033198 0.02066494808800137 0
0.02025156189671595 0.8563421157983069 0
0.3013142856428291 0.3686461275796593 0
0.2519855600583383 0.4538508833873932 0
0.2564493145123838 0.4615816278669805 0
0.2475159846517893 0.4615993461413232 0
0.1360207268800306 0.9795457720277432 0
0.3281489939748917 0.3685885901730211 0
0.02452384629775199 0.3378311472775937 0
0.9406348537176369 0.02087791088605043 0
0.278856023176162 0.4073386181247461 0
0.4049508329184323 0.02099380164105419 0
0.4317422060607815 0.02099467186664138 0
0.5299785273935994 0.02099714159112723 0
0.5924926112530509 0.02099880160127382 0
0.619284172560018 0.02099957846241782 0
0.7175174387273887 0.02100254468488282 0
0.7442150818377158 0.02079899536492183 0
0.8338213521277373 0.0215107263359133 0
0.02458005121438733 0.7404741121302133 0
0.3764970090660538 0.8568446117023936 0
0.02007500876683017 0.2063398963287628 0
0.02379963208717252 0.8174836425693288 0
0.02002545229981654 0.4384911673608181 0
0.3771126057153775 0.8255657594015432 0
0.02457030153568121 0.0903188720412969 0
0.02901296668573732 0.09806418969575698 0
0.03793830314638912 0.09806616756985061 0
0.03347402051745695 0.1057989878246089 0
0.04240243354931754 0.1057992737169321 0
0.03793795357122409 0.1135321546757663 0
0.0290088290495509 0.1135323011879605 0
0.03347332027191607 0.1212652214653088 0
0.02454420472284953 0.1212652203335645 0
0.02900877494376052 0.1289981018338144 0
0.03793797458947411 0.1289980960348808 0
0.03347313780954794 0.1367311943760255 0
0.04686689999822663 0.1135327788200917 0
0.2431068123388014 0.979694888188978 0
0.02461369389882431 0.1366908372624579 0
0.02902003965724344 0.1444571078269317 0
0.03793869360066553 0.1444653644035963 0
0.02428481840535359 0.1677030720969033 0
0.02456019455090769 0.5236413658036967 0
0.9762864258724833 0.2988683473099091 0
0.9719651276070894 0.3065079567892276 0
0.9763229124873627 0.2678888345697463 0
0.3769469046163905 0.8102329071892856 0
0.3825775000578716 0.8027287783792982 0
0.9764376679034439 0.3759768590515454 0
0.02008526419549921 0.4075847799234261 0
0.8739228361779856 0.3839214902282622 0
0.8292023643833742 0.3839542175950644 0
0.2797327808167778 0.03612465567910165 0
0.2842215925967911 0.02839529375087901 0
0.3417538122829382 0.1443848911509784 0
0.3461949849236162 0.1366305125279274 0
0.3418546040171112 0.1289164078395065 0
0.3328575406223687 0.09797892585932841 0
0.006913411774527022 0.9865062897305299 0
0.9865556631295576 0.0074845860153764 0
0.3508025724006293 0.1289009785220742 0
0.9864753347919555 0.3911171568277591 0
0.3914503600680244 0.9861406526325645 0
0.3776682669153369 0.888174435035052 0
0.9588800591824425 0.02116467685549147 0
0.1631989850988151 0.3149066913590746 0
0.1361829003567597 0.4230646058924378 0
0.1406714448541476 0.4153226479320437 0
0.1316956146017107 0.430818086502643 0
0.1361697211976335 0.407561070970173 0
0.1451449776680435 0.4075838367271694 0
0.140640549052207 0.3998229458573468 0
0.1495686208510315 0.399817736295984 0
0.1450947007840156 0.3921175743844835 0
0.1541145010032071 0.3922105263760682 0
0.931785992372242 0.02109184361624252 0
0.1227353547897386 0.44624803095435 0
0.09146317022444413 0.515867477254301 0
0.06039039582806616 0.5393807839082652 0
0.06930795206362322 0.5393928398736547 0
0.02906418486009531 0.5469913899872049 0
0.7978814377752133 0.02101378212760241 0
0.8068095449948752 0.02074960860825215 0
0.7800238024351243 0.02074811633250582 0
0.7625746314933424 0.02103461464768944 0
0.6911394764420498 0.02103114022352129 0
0.6732800593807877 0.02103022966890492 0
0.6554205581602099 0.02102936441397318 0
0.6375609461840658 0.02102842636098272 0
0.5661219085649509 0.02102479207895139 0
0.5482619726309053 0.02102385450085864 0
0.5036126780216009 0.02102153020584679 0
0.485752744203819 0.02102068743857177 0
0.4678928967627889 0.02101979747314736 0
0.9674647016350908 0.1908138728489437 0
0.9764002600181436 0.1908625235781961 0
0.02050764498989943 0.144160414362616 0
0.4500330761265011 0.02101890611990978 0
0.1941417380066711 0.9414362180210697 0
0.9408165210922751 0.2062648359024049 0
0.1894099791192087 0.9645104644439112 0
0.1938521556018421 0.9722033492462636 0
0.1893985460204313 0.9795784373335845 0
0.9495923432594005 0.1906574753863868 0
0.3694447125497158 0.02087195520614521 0
0.3781065588001353 0.02080502439034663 0
0.3962369709713205 0.02091756343247405 0
0.9674287487580987 0.09799164329944139 0
0.976276739630985 0.09796187416000715 0
0.9495816665542776 0.09810836976538179 0
0.9406667256710587 0.0981345159539237 0
0.9362017893955783 0.1058572798853688 0
0.9317538547303392 0.0981413358514954 0
0.9362145400429953 0.09042513275455701 0
0.9272974133227717 0.09043076106017552 0
0.02457125708041582 0.3998054536938599 0
0.3512582271667013 0.03615914414644843 0
0.3467709548213352 0.02841579015975346 0
0.337814946184151 0.0284034905452178 0
0.3870589546447083 0.08258820021182887 0
0.1361900934776042 0.3766559250844664 0
0.3769168835740407 0.4691381486337718 0
0.3815693013187308 0.4764709965783327 0
0.9050212883853517 0.1598304829512063 0
0.8068149812735932 0.03621682071680653 0
0.2609206509799339 0.9646131549449479 0
0.09149169597391707 0.3456507608074926 0
0.8916315080011969 0.1367558519100076 0
0.887165444565396 0.1290454437109863 0
0.8782473397134948 0.1290467198510409 0
0.2165342930804764 0.03618280560281763 0
0.2209984935308421 0.02845396280061001 0
0.3605115475694775 0.02115876789488653 0
0.1985675961237421 0.9337183672166991 0
0.2075110276096834 0.9337264635910038 0
0.2342342029249164 0.8874332850988107 0
0.2431524994427749 0.8874463074298815 0
0.2476059308545032 0.8951673484946491 0
0.2520590948989419 0.8874477127811736 0
0.8827092573011885 0.1985818494285006 0
0.8916234540214367 0.1985660184927238 0
0.9408167775656899 0.2370894822779444 0
0.9363447300502462 0.2293704611407932 0
0.8203666777169512 0.3220549002641075 0
0.9719029729290076 0.05942524099211672 0
0.5071141059075955 0.2601739536641786 0
0.5027133911745247 0.252461633474188 0
0.1718938239640692 0.1135302631227489 0
0.1763998403764563 0.1057674395639504 0
0.1942773703100063 0.1212230264015172 0
0.9406850673603616 0.190686072391456 0
0.7844934719505502 0.04394828350551055 0
0.3411659630669312 0.9647426453731414 0
0.08255611644647018 0.3456270399897277 0
0.2255612303054452 0.2372850348283892 0
0.7577063578556353 0.04394807740048257 0
0.1540424507134043 0.1444646361324879 0
0.1495702040931341 0.1522079765154182 0
0.2032302124494391 0.07479688882516908 0
0.2166372126369834 0.08252849264449207 0
0.7309115455368941 0.04394576844094182 0
0.1541044611214128 0.6709386523222904 0
0.04695053724950821 0.624460104408685 0
0.3145002249054651 0.8565044035695093 0
0.3055687123000259 0.8565077237995435 0
0.1451366697448035 0.1753836749360296 0
0.3104464843717152 0.0902579868366267 0
0.314946123335494 0.08251525122062359 0
0.02448943042039853 0.4462299861414786 0
0.1361910731105778 0.7637305392894815 0
0.1317296929527962 0.7559976011393639 0
0.1406522410850451 0.7714636205923245 0
0.851494526025568 0.2217519177225296 0
0.8559545562865429 0.2140224096792921 0
0.2252939185599336 0.9645711559459611 0
0.2208380092267724 0.9722717182250948 0
0.2119409901194277 0.9722660967333245 0
0.2163848434374665 0.9796556077527665 0
0.2788018572639109 0.4383271805118523 0
0.2743264797330346 0.4305849454161266 0
0.265394586858221 0.4306057753459707 0
0.2698650342429961 0.4228581294926753 0
0.02461683576346278 0.1521447065253774 0
0.0153764396963909 0.1519979577405067 0
0.3104440999448328 0.1057322851611355 0
0.1317135076061798 0.2914374863335288 0
0.02900259281159403 0.2372739722787029 0
0.03793144864745008 0.2372759808453831 0
0.04692229767602988 0.6863445226619087 0
0.2564508970477409 0.4770798906844236 0
0.1538380513311798 0.9490571270206007 0
0.6326937912788432 0.04394289392098073 0
0.07365319766047318 0.05166851436882645 0
0.07811821461839583 0.05940133699256064 0
0.02895856287372955 0.5158631155660871 0
0.02050349336498308 0.5161993239244664 0
0.3323802624639588 0.500114412770303 0
0.3368576841407507 0.5078036042975801 0
0.6059005925886585 0.04394184412176473 0
0.8559633182812652 0.07489922438368199 0
0.8648922281855937 0.0749114874489205 0
0.09597714405999637 0.1367424148311819 0
0.2791770013267716 0.1289441843075134 0
0.2609314493032269 0.5003243439843621 0
0.07372703553492813 0.6708961083819922 0
0.06925653686814877 0.6786276872724257 0
0.07375622841261673 0.6090090155674643 0
0.06928519521565434 0.6167416549194251 0
0.5433824532641831 0.04393967028560206 0
0.08255154930035863 0.407556012440484 0
0.1272377637833958 0.03619457215007323 0
0.1227729380501953 0.02846177363138254 0
0.1317026616969969 0.04392741232838732 0
0.1272372964389397 0.02102542955452652 0
0.4399895802788578 0.3299273748546234 0
0.0423832388433243 0.1676767695388171 0
0.03792393999976432 0.1599385988330823 0
0.05132649096875903 0.2450135693895552 0
0.07374848347407059 0.6244817607891621 0
0.516053174531883 0.291157357344862 0
0.5115778217368353 0.2834099506033623 0
0.1004259392885237 0.3456524220829366 0
0.0914796595532021 0.4694572070981917 0
0.08701009314529611 0.4771925563425654 0
0.3244090446761734 0.03613282665837968 0
0.3368552134636335 0.5233112636023173 0
0.1138747166289872 0.7405217466886902 0
0.1183338496866436 0.7482580081756878 0
0.4451387507160267 0.04393635396303045 0
0.07818215129288281 0.6941030083529094 0
0.3189662058655462 0.5543163102744618 0
0.3234544355625535 0.5620587216216474 0
0.4183459671123825 0.04393535297426285 0
0.8515050987429718 0.03625008006285409 0
0.8559691113135037 0.02852100858789609 0
0.8648035226665731 0.02857559921457559 0
0.860325999493314 0.02085353855151433 0
0.8514896211689316 0.02105776670996463 0
0.03347235754267684 0.05940296143602841 0
0.0246179233687561 0.05944622251531332 0
0.07828454884309635 0.802282430368031 0
0.08701762593056252 0.4152939180739763 0
0.1584951531420527 0.7869314346048624 0
0.1495702155524752 0.7869264602373935 0
0.1674170817340885 0.7869395108128658 0
0.07365371642493894 0.06713448952992281 0
0.08258346192687717 0.06713405268808906 0
0.04703292045342949 0.825450968685305 0
0.3283193573692978 0.1521579894851784 0
0.8113363247307226 0.167661833587645 0
0.1986943272141452 0.4541598307102944 0
0.332872055619029 0.2218358660087349 0
0.3104641159892167 0.2915082379612166 0
0.1139885889040037 0.5393937541998231 0
0.2121077511434861 0.4309302806500717 0
0.0381235630494758 0.7945263128547719 0
0.02919734023361947 0.7945217135009881 0
0.02500510654274138 0.8020904057984157 0
0.1942817297576795 0.1985917605947214 0
0.3958190564494034 0.20637593348766 0
0.2389738041246959 0.09026073053216516 0
0.2345075009873442 0.09799605894820711 0
0.1184044115803446 0.6399778296176968 0
0.1273388762363969 0.6399845476930197 0
0.3414291122678276 0.4072973317551146 0
0.8068703177740986 0.05170379687754276 0
0.3781545115351702 0.06713726015559918 0
0.2344981114966992 0.2372847984279974 0
0.2389654625219156 0.2295460152180931 0
0.1184394928179347 0.5780837076435272 0
0.127373964363403 0.5780884231100382 0
0.1318367844111903 0.5858262517058404 0
0.3869273542812511 0.2063756205567217 0
0.1987494752222099 0.2063294372506509 0
0.3414451515198082 0.4537982217980863 0
0.3417659457635244 0.2837634208392473 0
0.3324358082759531 0.8101246501955576 0
0.3149172495518938 0.1908556943852957 0
0.3059796952530285 0.1908545453306588 0
0.3015112170500005 0.1831156761878714 0
0.29704225197594 0.190854614706776 0
0.292573866665902 0.1831156451916786 0
0.2881049266740326 0.190854523362286 0
0.283637185283688 0.1831150872114342 0
0.279168642464136 0.1908547976856649 0
0.2836414636179397 0.1985936709961059 0
0.7800866022603179 0.144463752159244 0
0.1540311946950942 0.1135324331924924 0
0.8648699003634733 0.1522096206592757 0
0.8604108054593482 0.1444865153746524 0
0.8648703124954805 0.1367646820525956 0
0.8559521542622379 0.1367616975830291 0
0.8604084506789881 0.1290321892863485 0
0.04256234792329278 0.8486297611813995 0
0.07364369341594026 0.330110393899786 0
0.3551801164321112 0.291510843520121 0
0.3596529250166263 0.299257929865124 0
0.3685981074998218 0.2992579247224842 0
0.3641255009703691 0.3070002446834512 0
0.355180627223353 0.3070037727507957 0
0.332338408291123 0.9029440562110838 0
0.7355362895804056 0.144449007998523 0
0.1494356930524298 0.879641636003889 0
0.1405341072434427 0.8796350781521183 0
0.1363388652269407 0.5161849934323663 0
0.1405235045202223 0.8950659489069631 0
0.3636737917232371 0.8487930376893762 0
0.7666890135441179 0.1521920304500297 0
0.7577647859922909 0.1521874029098851 0
0.864912515775982 0.3684629132655455 0
0.8604509930323587 0.3761511567113599 0
0.1761451348263967 0.895089432426239 0
0.9272974698361944 0.1058448287067829 0
0.3591820863323141 0.8720209361151994 0
0.927340420183564 0.02859421425163752 0
0.9228442320411345 0.02166644451109419 0
0.8024080478806619 0.09035749928089355 0
0.9005662935476365 0.1521144995091382 0
0.9050216392595948 0.1443977481836368 0
0.140709801929685 0.6631967169264522 0
0.02922477710508517 0.840927597905605 0
0.09151888369055089 0.9181909520144338 0
0.1004160845702446 0.9181974287118289 0
0.1627917865694534 0.8873654775837623 0
0.3283560749410243 0.322487890575229 0
0.7845569407717858 0.09034445720738984 0
0.7756281468411164 0.09034227211292598 0
0.7711626771706002 0.0980715523192065 0
0.7666990210549864 0.09034017512684067 0
0.7622332094272455 0.09807053818585312 0
0.7577694057205286 0.09033899319530986 0
0.7533032817806757 0.09806946952141926 0
0.7488391639249252 0.09033820242195609 0
0.7443729619224264 0.0980683853418003 0
0.7399092760608246 0.0903360698319273 0
0.7354420579151246 0.09806705010489609 0
0.7309773867165834 0.09033221765553708 0
0.7265109177595358 0.09806621419235946 0
0.7220452346032615 0.09033223731701409 0
0.7175789752574537 0.09806403968613725 0
0.7131135296840715 0.09032947119482475 0
0.7086463107063138 0.09806366722734229 0
0.7041807996808059 0.09032975859764736 0
0.6997136561638703 0.0980634587053851 0
0.6952448757755914 0.09033210434156499 0
0.6907807294907579 0.09806240942615199 0
0.6863115553519781 0.09032820042266987 0
0.6818475676230117 0.09806134878890965 0
0.6773845558928138 0.09032670037169173 0
0.6729142094310858 0.0980602768945 0
0.6684528837477155 0.0903289337877376 0
0.6639808588398703 0.09805839444442523 0
0.6595166853244115 0.09032750433916263 0
0.6550469811968496 0.09805810629890625 0
0.6505830116151673 0.09032635648845758 0
0.6461131466659883 0.09805701365281107 0
0.6416505093405815 0.09032742027357556 0
0.6371792018856516 0.09805590802221098 0
0.6327124111525634 0.09032481724117382 0
0.6282450258063637 0.0980535093769655 0
0.6237759301886445 0.09031972532321647 0
0.619311057163647 0.09805367636886254 0
0.6148486905050717 0.09031884041099511 0
0.6103774803699876 0.09805061838591092 0
0.6059158566129399 0.09032076973854487 0
0.6014435579427244 0.09804954749585083 0
0.5969775900203745 0.09031768389936935 0
0.5925083833252355 0.09804903582776456 0
0.5880469691676462 0.09031558209867738 0
0.5835747458896432 0.09804686269338059 0
0.579117145947782 0.09031736691850026 0
0.574641223380483 0.09804592018121712 0
0.5701831791530992 0.09031728487395098 0
0.5657050841434895 0.09804692796345073 0
0.5612491704409384 0.09031658184430487 0
0.5567723418413895 0.09804417213883394 0
0.5523157093226644 0.09031514754076941 0
0.5478361469950581 0.09804465076822234 0
0.5433792926538776 0.09031412420021923 0
0.538903225848353 0.09804174984151431 0
0.5344354079615872 0.0903054391447871 0
0.5299672359042433 0.09804068531162662 0
0.5255064599955754 0.09030724341758774 0
0.5210336091596672 0.09803836029600617 0
0.5165791246667352 0.09030935466359137 0
0.5121004536350495 0.09803745526685137 0
0.5076469861811241 0.09030852774046927 0
0.5031636888266822 0.09803891999636792 0
0.4987131584759033 0.09030777416801175 0
0.4942318284795736 0.09803564954274105 0
0.4897798734331243 0.0903062433582055 0
0.4852947358747504 0.09803661571035198 0
0.480845816105573 0.09030528921750437 0
0.4763631753118949 0.09803321302696058 0
0.4719125619682299 0.09030370341924572 0
0.4674267866876203 0.09803359886946059 0
0.4629786550497692 0.09030264365308312 0
0.4584947875959077 0.098030629440959 0
0.454045393367029 0.09030111201817975 0
0.4495581173885304 0.09803122275296669 0
0.4451114884276295 0.09030009602973312 0
0.4406263965612522 0.0980281626975481 0
0.4361783302496709 0.09029855836692859 0
0.4316900805258498 0.09802852231064277 0
0.4272404934299048 0.09030015447685266 0
0.4227543543046217 0.0980284439543718 0
0.7577671727868901 0.1058017007232882 0
0.7309759419693516 0.1057985590107336 0
0.5433560724870675 0.1057733441372069 0
0.605901109055528 0.1057805246826579 0
0.6327049195702477 0.1057842269174071 0
0.8158013041531701 0.1753881193523858 0
0.8113389758780658 0.1831185474671694 0
0.3726891573901834 0.879878334568774 0
0.3816908071119883 0.8795713805902523 0
0.771163523815301 0.08261589143030906 0
0.2565130719815452 0.8951725528404388 0
0.2836451207528041 0.2915007024779666 0
0.3596635085776142 0.3147423419172307 0
0.350708860594831 0.3147440334975637 0
0.7443755659998735 0.08261238553961568 0
0.1495963155849213 0.1676450657972753 0
0.3059878347898315 0.31474842219162 0
0.6818498817961067 0.08260027882221159 0
0.3644302657496051 0.2450378769446779 0
0.1674264149093044 0.121258696347869 0
0.619318746324804 0.08259166985642991 0
0.1808169063478011 0.7637615534110996 0
0.5925164362615292 0.08258392873706022 0
0.1808204802968436 0.7483042768823222 0
0.5299833668530692 0.08257911766493191 0
0.3546320928835258 0.9106878684224539 0
0.373688231026913 0.07487250801455508 0
0.4049001501399565 0.09807479694800425 0
0.3960125411170877 0.09808528478512628 0
0.1987364614325509 0.06707350776698152 0
0.1808352278180686 0.7328377662525837 0
0.1763855328415527 0.7250969053016734 0
0.07370956530225176 0.9027495940273988 0
0.3677747280771286 0.9028868516098372 0
0.3767704450584654 0.904105526808292 0
0.03803589643236199 0.7481898700304114 0
0.8872134019592228 0.2371203153447514 0
0.3145450757968978 0.8256046023337851 0
0.3279183226268747 0.8333082091553967 0
0.8738460496806862 0.2603033260475823 0
0.0916030582235149 0.8564085661642676 0
0.1809044861915265 0.655516459675563 0
0.2525911537473505 0.3148849224481927 0
0.1809209127972385 0.6245606216129165 0
0.1764881062193919 0.6168049623101806 0
0.1808947754965579 0.6709874822649884 0
0.1764169835562792 0.6787101592330307 0
0.18095537243569 0.5625679368684459 0
0.1764941760284655 0.5548329156685823 0
0.1005863012576384 0.8100263693341349 0
0.1050189594809654 0.8177774690289235 0
0.1809129971027647 0.6400396307195818 0
0.09160360153268157 0.779123423182253 0
0.1183081631358694 0.02107999984693536 0
0.1138438463375777 0.02852049213622897 0
0.1093791122506439 0.02090405854698129 0
0.08266032710680521 0.76363815850443 0
0.0738504675915081 0.7481627669849883 0
0.06940187560950307 0.7404253928914796 0
0.838135826468287 0.3374707593716913 0
0.8425776003369958 0.3297358947897503 0
0.8514967484822069 0.3297441570625975 0
0.3189695355626717 0.5233903597723895 0
0.180984251388831 0.5161470657948753 0
0.1765268034927462 0.523917787763913 0
0.855962842299139 0.2758367737608639 0
0.3547352461609865 0.4768410442005818 0
0.3369063334454382 0.4770078700090257 0
0.3726174666187222 0.461328321275696 0
0.1898723113288041 0.4232039142334632 0
0.02065413044333808 0.5315845795616025 0
0.02070085388139716 0.06738743173572651 0
0.2122656982331519 0.3844763942023175 0
0.3680777001295253 0.9796975528726244 0
0.3237075260119007 0.9797222526312226 0
0.8247174838877223 0.2526712524984745 0
0.252570388978327 0.3613193904745215 0
0.2790775535770185 0.9799411129000865 0
0.2877562721550087 0.9797624811921898 0
0.4003518045381115 0.2450931458797403 0
0.4048235538800302 0.2373485863332521 0
0.2620244319630172 0.02089180050736597 0
0.03793623349967244 0.02104024931259953 0
0.04686711268031596 0.02108389923147223 0
0.02900729349821943 0.0209094784439878 0
0.02458782375354249 0.02847500589105358 0
0.1450956415689074 0.02072796974455747 0
0.2165330798407885 0.02102392064722372 0
0.2254626910936614 0.02106878637702813 0
0.2299281631975073 0.02850110010491861 0
0.08258678067535782 0.02073249108738567 0
0.2076658005836756 0.9797367054300425 0
0.2344692911763111 0.9797785626141751 0
0.2789452466944838 0.3918942026085863 0
0.127414485811649 0.9796431714596172 0
0.1227301360629511 0.972121510924431 0
0.1188719716733191 0.9794879063867744 0
0.1139026445039003 0.9720866530694261 0
0.1100555826027561 0.979458331907243 0
0.1050323592887571 0.9720737289309752 0
0.1011797995051911 0.979449690188437 0
0.09614458558941327 0.9720672880151693 0
0.09229104531456768 0.9794456299860911 0
0.08725140698837675 0.9720639030124882 0
0.08339904935994227 0.9794428718637611 0
0.07835639767701405 0.9720599151667129 0
0.07450560985521193 0.979440878029296 0
0.06945912429810429 0.9720549555170803 0
0.0738058399313416 0.9644075805372034 0
0.06489332625365668 0.9644103835753595 0
0.06043950070313407 0.9721161928013595 0
0.05596236436564974 0.9644221547297236 0
0.05151275305342734 0.9721270757375162 0
0.04705979595221953 0.9644182623774963 0
0.04260484146399722 0.9721269361459592 0
0.03815454829774148 0.9644136603072694 0
0.04261045907449446 0.9567016629656497 0
0.03370133055526237 0.9566971024640591 0
0.03816002475338581 0.9489813708521158 0
0.03369966244669215 0.9721246391612688 0
0.02931766988855733 0.948936534872316 0
0.03371877336412875 0.9412514310119924 0
0.02487537689947785 0.9412058703163739 0
0.02926829918688574 0.9335238885510507 0
0.02375524867817753 0.9577126061496526 0
0.04261651223112611 0.9412664639255921 0
0.05596208020524059 0.9795137615724854 0
0.02039771001905689 0.9335477790518586 0
0.02485747349106819 0.9258360929812381 0
0.06041596163715341 0.9567135028156866 0
0.03371691730873416 0.9258174711696858 0
0.02926088068842345 0.9180894793010804 0
0.02072548230603763 0.9183418516070275 0
0.02486812175068991 0.9104000176936468 0
0.0337252596885331 0.9103604636178571 0
0.02926436274827294 0.9026548620479169 0
0.02015818118206334 0.2372247098569571 0
0.02055836382225684 0.4696293430074882 0
0.9809844379354529 0.3065386505187081 0
0.9763120777409525 0.314125942499776 0
0.9675193955239199 0.3141956337225019 0
0.9719743651057446 0.3218973692056448 0
0.9630895463145546 0.3219138898465095 0
0.9675495118671119 0.3296219829531198 0
0.9763734703680118 0.3295689433522084 0
0.971998421154749 0.3373237857637649 0
0.869629402568314 0.02166643370479152 0
0.3814463318670808 0.8331559515455785 0
0.3776169644108421 0.8420865989959474 0
0.09151566623147395 0.0207321863716389 0
0.2343922567943779 0.02072109821828721 0
0.3243536590438935 0.02101209273200196 0
0.02081905541087732 0.02098904917502297 0
0.2711562004963261 0.02085904514981755 0
0.02057925089446189 0.5466162217704129 0
0.01533491526434576 0.5541113758892928 0
0.02042689150172151 0.09809883060715148 0
0.02051208471812179 0.4845560870113908 0
0.01523739035769923 0.4918033175739359 0
0.2704267275679546 0.9797057335336553 0
0.02065378696661199 0.5783635992333299 0
0.024699063755171 0.5858061160784228 0
0.02070122265335271 0.902514300109692 0
0.3148685998719426 0.9796449768503203 0
0.9810661440169202 0.3684099315071147 0
0.9763659321639598 0.3606639319396815 0
0.02056513721657994 0.08225921708165956 0
0.02054054791774964 0.3142878647379012 0
0.02456880741440717 0.3068680382954541 0
0.02058502023558495 0.6086809447511682 0
0.01532337190482235 0.6163446989814706 0
0.02468604514858007 0.6012113309216557 0
0.1449147649775112 0.9798727481034374 0
0.02043549744683518 0.6702592298470886 0
0.02478916229432683 0.662872048115078 0
0.01557165109148764 0.6785696875035594 0
0.9802053009807314 0.05988417122531157 0
0.9853237828214292 0.052682380621035 0
0.01572884745213511 0.2295095691046606 0
0.01528839866956786 0.4628495378451534 0
0.3807706709881213 0.461714352707671 0
0.980164351880303 0.2597162461362048 0
0.976413753636718 0.2525306719168173 0
0.0204089837212683 0.7323490562935877 0
0.02458822952540304 0.7250085577013086 0
0.02063567554106241 0.7945239936607914 0
0.0159303085781598 0.8028594784497407 0
0.3769785306480069 0.9798014530670872 0
0.04317900108442532 0.01421218938357025 0
0.1235473789254512 0.01420509459512504 0
0.2217697870150478 0.01420035416337113 0
0.9363510832557382 0.01386759025283021 0
0.8560284047189342 0.01384888625868016 0
0.8024365192112901 0.01380689250466636 0
0.4010289564549532 0.01411480496701533 0
0.3740545129636853 0.01365328686478182 0
0.3427724567779787 0.02095060165005996 0
0.980204263593616 0.08993962029937465 0
0.9804547968802805 0.3374211298158122 0
0.9763935787101738 0.3450532003264181 0
0.9854106725470467 0.3459862104115536 0
0.02064652789086289 0.8407261334435083 0
0.01584432462574332 0.8321346207501232 0
0.9801826180835725 0.1520093646890777 0
0.9755853974409467 0.1447188955006022 0
0.9852192132133455 0.159888581916607 0
0.980248090938479 0.1679170941977594 0
0.02073216232458228 0.8870017803141439 0
0.01644837869907654 0.9411395520629978 0
0.02044324780674053 0.2839040305541052 0
0.01560008953752315 0.2914191283548714 0
0.03814982605421865 0.979837822858845 0
0.02924605503202571 0.9798353121391127 0
0.02502510655086213 0.9724427429165012 0
0.02100009921388478 0.9799578556295359 0
0.020477973091064 0.1137624528513728 0
0.01616326628515928 0.1214119557002858 0
0.1325797179407392 0.9863799718631771 0
0.0160962136451418 0.3534251106170396 0
0.2128189204308192 0.986472265068058 0
0.2395308627366209 0.9864954108252865 0
0.9804106846175278 0.2296239501570007 0
0.9763340318859891 0.2371417590215464 0
0.9848303314114146 0.2371223177234281 0
0.2841106134422864 0.9865823444714993 0
0.01627659843282245 0.8794963776768128 0
0.01609092338570399 0.4150248513623019 0
0.380614650408041 0.9726258614941798 0
0.3806824157178047 0.8647073715993644 0
0.3859449982460953 0.8253916338556513 0
0.01190834184325096 0.4070965360855193 0
0.3912312694781345 0.8337084018473249 0
0.01495231921846739 0.8649534268606661 0
0.01094048377824398 0.8566582684369816 0
0.01491492621066015 0.1976975366411498 0
0.0107105720165313 0.2058252888389184 0
0.01213742431237989 0.9334517576404571 0
0.01480423281466363 0.4298172411736142 0
0.01067272638274659 0.4379686621815013 0
0.01193718217399963 0.3611273204903148 0
0.9632736524114753 0.3838798545974225 0
0.9542827622306318 0.3837682825537108 0
0.9189958881388169 0.3841841925761121 0
0.882895580852762 0.3839895963843818 0
0.8382255975838571 0.3840116228503744 0
0.2751250431924976 0.04388329104681703 0
0.3422208078025307 0.113469007597013 0
0.355207796610457 0.1366164256471772 0
0.3462797365836601 0.1676448680546662 0
0.3418262037779392 0.1598478469361798 0
0.3420229727933917 0.2373214341374896 0
0.0152244024946922 0.7406606245188545 0
0.02040388216967277 0.748446456466439 0
0.3637892159476694 0.3685329298902759 0
0.3594398416878651 0.360887698554093 0
0.0648457487010394 0.5316201491868733 0
0.07375672429744706 0.5315590679338003 0
0.06931848908220936 0.523714389863012 0
0.0469758144808678 0.5470539166209631 0
0.08702767465091793 0.5236135770590529 0
0.1541365067305058 0.4076706335675524 0
0.2079261073193719 0.2839816949380895 0
0.145173433236547 0.4231318203294065 0
0.1183262704852419 0.4694996662307226 0
0.1227517758230231 0.4617229093502154 0
0.1093892386361092 0.4850123939783936 0
0.1048597221280034 0.492720588064374 0
0.1676910191925297 0.3071784114680763 0
0.1766539928069032 0.3072050335471876 0
0.1721647885353565 0.2994274103569066 0
0.181125417380884 0.299463907745122 0
0.1766364770309894 0.2916860127015972 0
0.1855973529005187 0.2917500981068932 0
0.2751307712305163 0.02836245579816186 0
0.2796858502367651 0.02056101887695314 0
0.2884300160328527 0.02060586586980199 0
0.2848483988501358 0.01372982516187991 0
0.3375676139467281 0.1057010555571613 0
0.19870033306578 0.9793510245201205 0
0.2885713270821812 0.0670432340938254 0
0.2029763817341538 0.9721122273293128 0
0.2705246594017393 0.03611937435889311 0
0.3015726317287164 0.07478324361230296 0
0.270519075675545 0.05158658996212993 0
0.01464723260014001 0.2145361561339658 0
0.9719392500473414 0.183138453184634 0
0.9807270568605269 0.1832351816025584 0
0.9854209661532641 0.1910615832322869 0
0.9905773583261039 0.1828412773210661 0
0.3419608035306301 0.221854931125053 0
0.3465007769265676 0.2140678801050283 0
0.1896611995647238 0.9491334599097982 0
0.3283613547999911 0.09028757294302042 0
0.158695914584563 0.3226177279534989 0
0.1497476030916242 0.3535768819921486 0
0.3597175090175551 0.1289278071140614 0
0.1451585855523117 0.3767291608331778 0
0.3509463883668663 0.1598406681162855 0
0.3507718778982386 0.1754602172939773 0
0.3552996162738074 0.1832213830805818 0
0.3509132799667647 0.1909169138325656 0
0.1272742368748247 0.4695696199572428 0
0.9592245602498466 0.391806417019693 0
0.09598772450643203 0.5237216783836488 0
0.05588173912326321 0.5315603205623196 0
0.2162224468397898 0.9028276149778401 0
0.2117627003367352 0.9105395008094253 0
0.2252811422488707 0.8874222452569245 0
0.3957298112999741 0.2527994885128085 0
0.9718622632399142 0.1057171818879593 0
0.9803428315889389 0.1058794457303385 0
0.9722852607169279 0.3839537510220435 0
0.9808089786134923 0.3834942894315555 0
0.0244747805077831 0.5390527487477863 0
0.1851277202936942 0.9414067079108448 0
0.2341454973461074 0.8409193393779705 0
0.2430882027145425 0.8409597314794471 0
0.2475288190469287 0.8331929030785572 0
0.3516437325518814 0.02123362002680488 0
0.2029954387308379 0.9260022872874656 0
0.2119623884475176 0.9260207734977577 0
0.9630656053503146 0.1831671323362688 0
0.9362750639906864 0.2601535872980563 0
0.3602671062589418 0.03619062080650333 0
0.2520100116594937 0.840962855785879 0
0.2564529241244207 0.8331968134208514 0
0.3602750216040317 0.05166158852978413 0
0.3558230459468449 0.0593969220124422 0
0.9318171819183519 0.2678686566371953 0
0.9273958242978944 0.2756296942224751 0
0.9228888087643403 0.2678541552122434 0
0.9184649193784215 0.2756127157212926 0
0.9229139656917358 0.2833444879576315 0
0.9139937669876984 0.2833300143042717 0
0.9184418673711475 0.2910576663348237 0
0.909523974434725 0.2910455952382022 0
0.9139781296023108 0.2987790859342581 0
0.9095419360559303 0.2756003236742495 0
0.9050574541947994 0.2987681315246408 0
0.9363609376537134 0.2139648352729785 0
0.3647183580401142 0.07484279033543789 0
0.9762315503020318 0.1134799912826372 0
0.9849424960766817 0.1131385028847236 0
0.9817233804425169 0.1210409351015447 0
0.987179686177619 0.1290750929581462 0
0.9779025898882661 0.1300798949001154 0
0.9841912716155813 0.136611390994133 0
0.1587024751763911 0.307134298392086 0
0.9317537173043513 0.08270621453005245 0
0.9228465439620113 0.08271152264402816 0
0.9097957313927204 0.3839813289030236 0
0.1989296520734635 0.2840337680591722 0
0.9761180697285888 0.1755098672065321 0
0.8203237414190198 0.3839839589698363 0
0.8156472491162603 0.3763383252130876 0
0.8113158460847445 0.3843149222129276 0
0.2206999861989488 0.9105532157697165 0
0.8787431769720961 0.3918767329379552 0
0.8340083574497024 0.3918938146680931 0
0.8472519589552491 0.383987156085718 0
0.3599050516205957 0.1755038399553752 0
0.2654653867664059 0.9723887376799649 0
0.2612820578855943 0.9794856768864572 0
0.2520855480914889 0.979483293684571 0
0.8071942877078154 0.3922646408790521 0
0.8024402571862674 0.3843181703890231 0
0.8919616925235181 0.3838607706968007 0
0.9407803307865935 0.2524732809005136 0
0.8114329144756403 0.3220732708004484 0
0.2388859535380175 0.0284358953986274 0
0.9452217826214199 0.1984438242975395 0
0.9363137009761973 0.1984947458171093 0
0.180635798853314 0.8565013461147908 0
0.8335565166666008 0.2833165407676352 0
0.8424929858856585 0.267835822703535 0
0.02899091217742004 0.3920017579145219 0
0.02044492695394737 0.3921910457835834 0
0.01524782181921956 0.3840914948041166 0
0.9272766002352207 0.07498111608337954 0
0.9183893845842199 0.07499780028570677 0
0.9139393327791983 0.08270543546753015 0
0.9094810146685065 0.07499171235509669 0
0.9317580485717177 0.06721117214016104 0
0.9139283701436214 0.06727100645322132 0
0.9050198073121475 0.06727451137768217 0
0.9005657023216687 0.07498680621323181 0
0.8469907807502107 0.2757361366564558 0
0.2117833860107361 0.8796781391668633 0
0.8156852320434577 0.2832799255297117 0
0.8067402183417671 0.2832755277601786 0
0.8967748182602795 0.3917349599430074 0
0.1761928752556254 0.8487705386307904 0
0.3954882313526102 0.2682863110248651 0
0.03345081331072026 0.3997380809153557 0
0.0423959546170281 0.399828023210115 0
0.9802891308817121 0.3534562858834887 0
0.8961064826331946 0.06726291413586716 0
0.8916443934299496 0.07498776254857623 0
0.8871888814110525 0.06725680390903102 0
0.8827331074965878 0.07497538236014953 0
0.8782773428144373 0.06722791562896652 0
0.1764312213095385 0.09027426695174262 0
0.1719466063486477 0.08254133520233847 0
0.1763904830338464 0.07481254957771699 0
0.1808960593312221 0.09801073022939669 0
0.1629761792103544 0.08256825559115066 0
0.3864951340630342 0.2837595771000505 0
0.382016390100306 0.291503507852804 0
0.2390930263127444 0.2916247558135389 0
0.9273874901875465 0.2910745755047547 0
0.2167771727105236 0.2839553486867638 0
0.1583650163437553 0.8333225636813557 0
0.181028212423225 0.2839418610000191 0
0.2386760878766887 0.8797024181648823 0
0.9629425584780504 0.1057943888873578 0
0.8520233147716751 0.3917741166494337 0
0.3730933909363315 0.3069894300154006 0
0.3852700099732178 0.9793163528257584 0
0.2480949781641378 0.3071461348103028 0
0.9675665094476383 0.3450481398690014 0
0.958502303852617 0.09805772701640733 0
0.2609297308396412 0.8409621745019036 0
0.2653804820877893 0.8332169838966853 0
0.2609154466823936 0.8254651487109572 0
0.2698462360847462 0.8254928305507249 0
0.2653812797313805 0.8177353132404913 0
0.2743191702773828 0.8177589325262753 0
0.2698442909521865 0.8099943850502552 0
0.2787770801443074 0.8100061737873716 0
0.2743138449628337 0.8022627686450736 0
0.2832726210356939 0.817801347305982 0
0.2832409055015401 0.8022889868694835 0
0.2787745242163829 0.7945332570371818 0
0.2698499287663657 0.794526948011415 0
0.2743154094254082 0.7867878816712652 0
0.2832408436198277 0.7868072405910662 0
0.2787774674230619 0.7790571715330801 0
0.2698540083462299 0.7790550347950391 0
0.2743201595245879 0.7713158761068809 0
0.2832456828083522 0.7713309064372449 0
0.2787811101663425 0.7635810567505089 0
0.2698566773542188 0.7635803241758424 0
0.2743225840828193 0.755839207380657 0
0.2832497628830473 0.7558527628067268 0
0.2787836269786798 0.7481025371491127 0
0.269858285749249 0.7481031832275375 0
0.2743240739204826 0.7403604119774991 0
0.2832527248034589 0.7403725361119879 0
0.2787852232305749 0.7326220280128917 0
0.2698590566323739 0.7326240470687861 0
0.2743247294128756 0.7248796676315076 0
0.2832547603815362 0.7248903978965253 0
0.2787859670059935 0.7171396148541134 0
0.2698590368850227 0.7171429934497335 0
0.2743245926360748 0.7093970298349104 0
0.2832559482933922 0.7094064175720068 0
0.2787859017450226 0.7016553470092124 0
0.2698582641815319 0.7016600690317087 0
0.2743236962985024 0.6939125496153166 0
0.2832563117137151 0.6939206395183279 0
0.2787850504337743 0.6861692819344996 0
0.2698567705191726 0.6861753290601773 0
0.2743220780492899 0.6784262940099792 0
0.2832558786850377 0.678433128501911 0
0.278785179974836 0.6706783923506507 0
0.2698548180458957 0.6706884846584604 0
0.2743200861626413 0.6629378105660729 0
0.2832550088130537 0.6629434047973032 0
0.2787828330126669 0.6551886336692756 0
0.2698520628848258 0.6552003128761583 0
0.274317126941395 0.6474483302459172 0
0.2832530514998894 0.6474527787659189 0
0.2787793283121718 0.6396984847137672 0
0.2698486423369699 0.639710899197395 0
0.2743134777148056 0.6319577298858128 0
0.2832503158881961 0.6319610936339319 0
0.2787752173225124 0.6242073091456006 0
0.2698447096435715 0.6242202985841332 0
0.2743092933916055 0.616466061359093 0
0.2832469525396288 0.6164683842762144 0
0.2787707886472074 0.608714527498172 0
0.2698403632980136 0.6087286177980713 0
0.2743046769664071 0.600973391314912 0
0.2832430724105436 0.6009747101213551 0
0.2787657695283432 0.5932217929622651 0
0.2698415110226522 0.5932342960146643 0
0.2743005692864087 0.5854723086384163 0
0.2832388374733628 0.5854792450318835 0
0.2787606311802661 0.5777265889263055 0
0.2698360349985436 0.5777259307918254 0
0.2742951007569336 0.5699753806433097 0
0.2832340642176995 0.5699837711018189 0
0.2787551580909404 0.562232078387866 0
0.2698299920512951 0.5622408756848493 0
0.2742899570742633 0.5544943583698084 0
0.2832242861017928 0.5544813445509981 0
0.2787696221936147 0.5467526819339555 0
0.2207756959937161 0.8951323770758677 0
0.2208071380349684 0.8796951686680464 0
0.08702908158877679 0.3378937975734009 0
0.07362296187929297 0.3765988871647501 0
0.8827064798482911 0.121325850996837 0
0.8916369188059982 0.121314615698373 0
0.9094870219476278 0.05951364443330995 0
0.9406667914542473 0.08270483390394037 0
0.3368686761770712 0.8023040732563318 0
0.3324061741333883 0.7945761801730727 0
0.9586481634782738 0.3296450912339716 0
0.9541889442863144 0.3219360966581135 0
0.3456273827018302 0.972474803908306 0
0.3414303615612283 0.9800264203932447 0
0.1451333997445433 0.1908615078683644 0
0.9762907393302356 0.06717305038202392 0
0.158524739149966 0.1521838608892589 0
0.8871743506854119 0.1908621998574372 0
0.8960853678709834 0.1908629413248373 0
0.9005715706421742 0.1985167864216116 0
0.9674315050132771 0.0671510141354712 0
0.9809451215520393 0.07499197029669599 0
0.3419071927057327 0.09792095589917216 0
0.9540583897535244 0.090345094288935 0
0.7130517318272271 0.04394549147437669 0
0.8916535591928429 0.2139610735331982 0
0.346319476255963 0.1520729285323809 0
0.6951962480316378 0.04394517883503501 0
0.8737913340972505 0.1213051981668153 0
0.2931212905307015 0.0279180927052732 0
0.2976630237718077 0.02083918701525194 0
0.3068144827376825 0.02072722947094101 0
0.3114946386448694 0.01355562517733943 0
0.896115619820866 0.1598580844037537 0
0.9005876147354718 0.1675682509929697 0
0.8961286229599947 0.1753616686155845 0
0.8916319544917152 0.2294707246376652 0
0.1406471140952321 0.1676606743204204 0
0.6773471536700014 0.04394455269388067 0
0.9049910589148549 0.1908618478647596 0
0.9005567405509125 0.183096341210948 0
0.6594855945474529 0.0439438498031263 0
0.1853457691807408 0.2450214008377621 0
0.1272453833151899 0.2991751542795965 0
0.4272204261126977 0.1057664421125903 0
0.2297493976103109 0.8796907376627376 0
0.3557680075838003 0.04391105251023478 0
0.3558680756740469 0.02860352567548559 0
0.4450760234740294 0.1057618847139551 0
0.1630536695440478 0.6709578643451912 0
0.176080081818748 0.9413656958184262 0
0.851490861874036 0.1290308958911091 0
0.06046356438530076 0.7404700173946941 0
0.06489445465102028 0.7327096368024723 0
0.05153940063600368 0.740592935834411 0
0.06033585878679294 0.7250031520461058 0
0.9629983563412245 0.05942935849305166 0
0.4629456463379034 0.1057641158692437 0
0.5880375373819313 0.04394114726514365 0
0.8782989781057321 0.2525695975429882 0
0.2300251969920785 0.2450281837625365 0
0.4808152374892565 0.1057664336321906 0
0.1898079572167234 0.1134902814497919 0
0.5701752964039231 0.04394056663143807 0
0.3100289652376171 0.8642388695847476 0
0.3011002011581406 0.8642366794884874 0
0.3055520225377256 0.8719638241718669 0
0.3100065819903412 0.8797098699117755 0
0.3010906246473292 0.8797063011842112 0
0.1763944910177377 0.2450254107443452 0
0.1719287104961365 0.2372885900869063 0
0.4986850924759382 0.1057685743660605 0
0.9771597039797802 0.3917471106727185 0
0.3825395959991225 0.09030050795200512 0
0.3869528154445434 0.09802876283673607 0
0.1582977470510236 0.9413527524204339 0
0.9675809684589252 0.3605863711551791 0
0.06479095208848661 0.5159016535256633 0
0.1093392947592396 0.5005405619302622 0
0.2256109089485483 0.97941655977584 0
0.318968189206601 0.8642495797112477 0
0.1629547199057908 0.7946635891475742 0
0.1718632121668183 0.7946741643047871 0
0.1943393729061723 0.2762684489875056 0
0.1317175105999265 0.7714579949689347 0
0.5165551238090852 0.1057702133610656 0
0.8112376682705519 0.2910282000357073 0
0.2519789014406061 0.4693366484532875 0
0.243043869366271 0.4693605849812629 0
0.2076956610633797 0.06706310606609664 0
0.5255195071553913 0.04393904222375887 0
0.2210860933814686 0.2450241476637563 0
0.2166089150510878 0.2527714836877665 0
0.3100557520181038 0.9723417426633356 0
0.3058010475752417 0.9794927086102618 0
0.296657962261029 0.9795386987332799 0
0.9806161783506655 0.2447329925772346 0
0.4981635852595842 0.2601776022376119 0
0.4937193088723404 0.2524860382124792 0
0.3590325892736868 0.9799656503320577 0
0.3501318094699909 0.9798124642417951 0
0.3464395650943659 0.9866449451818858 0
0.5026277758577166 0.2679184364949788 0
0.05588197914262827 0.6244632534331191 0
0.931853469770373 0.2833654998200557 0
0.5076571723821385 0.04393845875893261 0
0.3598358391084876 0.1442810707265435 0
0.8649088894664132 0.2757754949325282 0
0.279657004004093 0.05167176840563029 0
0.2750894327128109 0.05932720178353693 0
0.270461356492081 0.06704246996926995 0
0.1048766543401766 0.9104804200779875 0
0.02032782857473223 0.4543607016372083 0
0.2298435535885553 0.9721503311056924 0
0.2255725167297657 0.09799774812400586 0
0.05585305241434778 0.6863507837858671 0
0.4897948534871099 0.04393789423232528 0
0.3909810256413749 0.2914951565852294 0
0.9776696328991897 0.007646249092288436 0
0.9821057596612005 0.01474929926165642 0
0.9729112269437584 0.01443141882253047 0
0.00722383073180659 0.977597353577275 0
0.9540931451258374 0.04399489989903306 0
0.3375117621745314 0.1211211857607886 0
0.328412304196416 0.1212252980800513 0
0.01193047100680855 0.2367912101954192 0
0.9763112009629094 0.03627312928689461 0
0.9813540974498158 0.02938552262861388 0
0.3144550611688677 0.9338313930636251 0
0.3055349305624181 0.9338225187015639 0
0.3010825366649584 0.9260972412328904 0
0.2966187460474704 0.9338146135581942 0
0.2921613803490821 0.926084111576425 0
0.2966211203945814 0.9183600058147836 0
0.287693752044527 0.9338026014089487 0
0.278767759123401 0.9337851318683127 0
0.2743095883383485 0.9415026682061043 0
0.2653845685934424 0.9414755009825596 0
0.269851831618045 0.9492097396382404 0
0.283244621954848 0.9415259742156792 0
0.3010717516704701 0.9415406344486976 0
0.1675963484873217 0.2915987352868513 0
0.9719563937596363 0.2756450538386118 0
0.9803957413450943 0.2756303371958372 0
0.9853973590381837 0.2840133386400294 0
0.9802901500169897 0.2916406067634352 0
0.5612296979689031 0.1057763113370427 0
0.05141326068683889 0.6322006908439666 0
0.04248237939398369 0.6322005050925557 0
0.0380158927889498 0.6399411275594979 0
0.03355176453654338 0.6322022297748521 0
0.02908602455874811 0.6399437887148364 0
0.02466048851331452 0.6322301311654288 0
0.02175731410513448 0.639351406388609 0
0.02357115319334305 0.6478478024045411 0
0.02046117356117299 0.6245128146480494 0
0.07808615650659939 0.3998178328321258 0
0.06915254221361702 0.3998192512736362 0
0.06468578337946827 0.3920808887691245 0
0.9541099855127702 0.1983915567624031 0
0.1942794292897801 0.245028310679491 0
0.2654005163039537 0.4925747421118841 0
0.9907657517127437 0.2446061277761999 0
0.471930074264948 0.04393726281780488 0
0.8782522053374386 0.1908589892858635 0
0.09159725229995058 0.9644158895393293 0
0.08715629480744352 0.8486655252977839 0
0.2921589724984419 0.9415331369567503 0
0.9140428855930225 0.31426087982468 0
0.1093834322168513 0.9644243601726684 0
0.8470336296302172 0.2140261445773486 0
0.8425705405363715 0.2217506059580863 0
0.8514917994447396 0.2062914617357245 0
0.3328074405496133 0.9796925379940966 0
0.2344716956075474 0.392213119158858 0
0.3922467724786863 0.9328354098802595 0
0.384508710483797 0.9283607983128586 0
0.3844959150766548 0.9194124352199485 0
0.3769687413637917 0.9236021326285609 0
0.3770850272581754 0.9143846957711006 0
0.3846984333578981 0.9100493410007333 0
0.3845107870627498 0.9373091461972913 0
0.3845505518957301 0.9461579917202902 0
0.3768520863055438 0.9426784310373437 0
0.3922506109393797 0.9507204747196649 0
0.3849150453509861 0.9549710208333577 0
0.3924390979247264 0.9596650447742305 0
0.3848603053020504 0.964845274608203 0
0.9328071351220144 0.392212895773566 0
0.9369636090239708 0.3841392661229032 0
0.9279680134053889 0.3841977037724827 0
0.9410121647887876 0.3762676700330723 0
0.9146940498911822 0.3920406024884421 0
0.0203956657121621 0.1599970088719121 0
0.820261030503656 0.1676529593141743 0
0.136179902821767 0.7791905102821836 0
0.02054821204127905 0.3458212757058687 0
0.860425227399075 0.08262967755839973 0
0.8693535812860744 0.0826531165461477 0
0.2344874109940165 0.2527788154757856 0
0.8648850546775373 0.09036548236909597 0
0.3551980817143432 0.3224886165645627 0
0.2747088198357979 0.1212072228337906 0
0.1183911689395652 0.4851056822128985 0
0.5790996430039479 0.1057779999688114 0
0.02014993103454944 0.2991043259660969 0
0.01187868121404999 0.2989480153236517 0
0.8871945321339294 0.1753885519517813 0
0.9763472941154461 0.08256646229133294 0
0.9230372034744312 0.3606857443208765 0
0.931970428314672 0.3606744837924958 0
0.0691892535133572 0.04393505924781867 0
0.0334656231494361 0.3068889627953193 0
0.3011733619355874 0.4460577605908405 0
0.2255197026140994 0.4077007674830109 0
0.8961755805517915 0.3142618170582258 0
0.2434337782234471 0.237286972966132 0
0.2479008068404473 0.2295487593625107 0
0.4355122856069578 0.3221777779777747 0
0.104908071842778 0.1367417031526043 0
0.9597731168221113 0.00703770411091921 0
0.007731106584609956 0.9598236163109013 0
0.01537686984435804 0.9633408857478463 0
0.01482511354591031 0.9547672526717165 0
0.3056448418020045 0.4383055413921877 0
0.310116161908894 0.4305538724682005 0
0.2922244405267823 0.4460571697343352 0
0.08258316896269929 0.05166739953994635 0
0.02458784137697251 0.5081889802707291 0
0.2074102220846641 0.9645292355998194 0
0.3104655313480194 0.3224908952984991 0
0.06482232204600546 0.6090010676346732 0
0.3015148380246666 0.1985930593748618 0
0.02463504175543652 0.2449524359346952 0
0.9630672248335671 0.2756572834489222 0
0.9585449176604689 0.05171217700504459 0
0.05128211761163064 0.4462308360171211 0
0.05574886028400443 0.4384961043189421 0
0.3372995622988864 0.3224839112167422 0
0.392420070244676 0.8970697741604075 0
0.3854211678616955 0.8928819915696085 0
0.3238583138188991 0.1908517412322048 0
0.323437024837017 0.8565100721732726 0
0.047055855015526 0.9794496767536662 0
0.0521944110446274 0.9861651584462 0
0.9803817390964822 0.04425931371217996 0
0.3323900221539584 0.5155816598635763 0
0.4266200372929673 0.3067473089064073 0
0.3193900923393895 0.09026259304793999 0
0.324057708044071 0.08252259795509384 0
0.3286861078569673 0.07479181557692519 0
0.03347848736969351 0.5391545375423503 0
0.06479500252301708 0.6708903718541432 0
0.9362077877162225 0.1829570933052244 0
0.2922640486818872 0.3841633175087314 0
0.8827366524818349 0.0594971238022284 0
0.08254374591212035 0.4694548732388635 0
0.07807553948252077 0.4771892497012405 0
0.900681479776777 0.3529562742628114 0
0.9051516614241586 0.3452132509443084 0
0.8917364350321142 0.3529602717507656 0
0.8336428589446445 0.2217482065722245 0
0.09152013463055561 0.2372754730732131 0
0.8782588482973179 0.1135753134085905 0
0.8648632435184286 0.1212766483589308 0
0.3336638262698343 0.02119444936805086 0
0.5339643292680081 0.3376528121817893 0
0.296696658350362 0.3918368558788063 0
0.8068719076640016 0.1599292817943226 0
0.09148838671527883 0.3920753084434162 0
0.9719548072747182 0.2139853937139544 0
0.980826330899809 0.2139715184072027 0
0.9853592487472436 0.2064465419866264 0
0.989667143254097 0.2137626697727932 0
0.2921633000165536 0.910625203569299 0
0.3010877333500811 0.9106372961283312 0
0.2654240823624845 0.8797079810317392 0
0.8738061662042093 0.2448936517460198 0
0.9496300571799139 0.05171369585321842 0
0.3144532236045301 0.9647006309722426 0
0.1049133901651748 0.02850175475484525 0
0.1004501154354407 0.02072961911983167 0
0.2921719562995142 0.9723651698859767 0
0.8470380705566166 0.0748992202967442 0
0.2702396110988735 0.1289453651926568 0
0.2747095513188327 0.1366817236608439 0
0.3924983069745734 0.8522391056202331 0
0.3852768799323379 0.847475184852031 0
0.1093737317350832 0.1444764909520521 0
0.08258284169091772 0.1444739504878177 0
0.9317449535402715 0.1289738194393465 0
0.9361999826291635 0.1212652701724879 0
0.962960135194519 0.1367160557092578 0
0.9718013763488471 0.1366903458639236 0
0.08268669690262703 0.5314636825961365 0
0.08713685050756789 0.5393358243394561 0
0.06021891249162377 0.399817276491013 0
0.05579166428970085 0.2527486909855817 0
0.9723079507167769 0.121418018320171 0
0.0335842141918886 0.5857826658022864 0
0.2698471140211333 0.9646383425646247 0
0.8514860954207053 0.1908283502646765 0
0.8559491179051817 0.1985541632808943 0
0.8425670326975487 0.2062900769606905 0
0.03787840208455525 0.5003822627619232 0
0.1227724187163036 0.04392824720286086 0
0.07821137854645244 0.6322207580472896 0
0.07822620015905955 0.6012744850984872 0
0.9184094892877124 0.229262962078696 0
0.9273551264528404 0.2292910495747858 0
0.08704661396391894 0.3069052480314217 0
0.8961049289179993 0.1135651552391227 0
0.1271956770272742 0.8564522096015269 0
0.1361007428231752 0.8564668522959555 0
0.1316416549678136 0.8641809358783441 0
0.8067861702872919 0.2524334132491877 0
0.3468426941307861 0.05937953042381898 0
0.007392124742733618 0.9152333947917131 0
0.9148501551176793 0.007538529161205175 0
0.9105862423930197 0.015387542177338 0
0.9017680126395523 0.01545037479780453 0
0.9059343518680505 0.02280659787859033 0
0.8973291777818032 0.02319367756001137 0
0.8928577386461374 0.01546109990520996 0
0.888404265867841 0.023196093249777 0
0.3099887968650423 0.941550007786454 0
0.1671633080154724 0.9721827630620321 0
0.1627108825608814 0.9795611915973199 0
0.1538143699773821 0.97949217711242 0
0.1589266615822292 0.9861978231436206 0
0.1718950801513457 0.9793473318784157 0
0.1808396624955197 0.9795848804163795 0
0.1859548628334823 0.9863897347977578 0
0.14936975563974 0.9721075541486789 0
0.8514991994443428 0.08262990727645796 0
0.06481524190203142 0.6244740048108148 0
0.1945317444769396 0.291759194061532 0
0.9361963037100965 0.1521126926769652 0
0.8559627134297858 0.3374873061090921 0
0.8604355899898459 0.3297447532992743 0
0.3059936525867942 0.2527870289721976 0
0.3015261182980653 0.2450431730918545 0
0.3149360076668055 0.2527878748737404 0
0.981169272347745 0.1987727573595384 0
0.06472768562045736 0.03619981013807604 0
0.06026395886418165 0.02846684132511783 0
0.0647289289591416 0.02073306532089482 0
0.05579961604158994 0.02090440926825917 0
0.9675132060851258 0.2525270846128941 0
0.1361100139047492 0.8410241775418636 0
0.730890948396136 0.2139978882259433 0
0.7353634343805884 0.2062784344639745 0
0.7264193980030689 0.2062807202370243 0
0.7443046763004452 0.2062678309296245 0
0.7398997549872794 0.1985469704681488 0
0.7488306726391516 0.1985549075297107 0
0.1048864268294347 0.8950434523807773 0
0.3323747834429103 0.8565165624784165 0
0.07819623250846175 0.663163107059894 0
0.1272368676608218 0.05166158580047096 0
0.8871936217277817 0.2217115514344814 0
0.04685547734401306 0.2991587158730574 0
0.007604886641986318 0.8974835477809344 0
0.05138378518450973 0.6940822106305633 0
0.04245330630373251 0.6940889426318536 0
0.03798986422332828 0.7018257289381291 0
0.033525592714296 0.6940929903744169 0
0.02906214246554557 0.7018313098423908 0
0.02465158291562034 0.6941307994131769 0
0.01944150581472562 0.7012649124944718 0
0.02326785175623651 0.7098991414463074 0
0.02051053469182891 0.6865772763496081 0
0.1227308196850366 0.8641732353121397 0
0.1271809481936555 0.8718973212137091 0
0.1450462298455443 0.8255727898221205 0
0.855947337857623 0.1676509482118838 0
0.332279955809356 0.9492983814233584 0
0.3411971747487942 0.9493088850794711 0
0.7799832862328093 0.2523803330342163 0
0.7888969758183252 0.252356994654192 0
0.793385551488232 0.2446741297930429 0
0.02907262347351938 0.3456085345797085 0
0.01531678307640322 0.3382981594386823 0
0.03793311036990202 0.3455750705635937 0
0.02035763798441717 0.3302311123550223 0
0.04238545747754555 0.3533061334224564 0
0.8604141228022898 0.2062802998873877 0
0.2297632884644897 0.9260191483275154 0
0.2787974279740314 0.4228358994470714 0
0.2743666652581823 0.4151377037072615 0
0.3909783398964766 0.8792224633393042 0
0.3927514260611934 0.8698467515125082 0
0.7801547975426719 0.3453371127065024 0
0.7846258000376173 0.3375796795251212 0
0.7935736646540056 0.3375766986570961 0
0.7890972339021813 0.3298294712817396 0
0.7801512394435173 0.329830707603297 0
0.7846224308692221 0.3220826466296348 0
0.793567472068604 0.3220807170832702 0
0.1004440894497851 0.1290056159782962 0
0.09151332298255371 0.1290053794035025 0
0.292578407783879 0.1366818402944077 0
0.225224678881055 0.8409160673725427 0
0.2163155657168691 0.840930713842067 0
0.2431238685134009 0.8719775419122644 0
0.2297519489242097 0.9568650845733407 0
0.8023926063238959 0.2140097369167468 0
0.7979401655989596 0.206286463606548 0
0.8068671447700675 0.2062871154503745 0
0.1138979697000735 0.477276858403358 0
0.2967161928187712 0.5003099025885502 0
0.0653138375603467 0.9792203624253164 0
0.7845379466128068 0.2140163505125726 0
0.7666667689362372 0.2140175607015825 0
0.762252815969257 0.3453417293932258 0
0.7577755127945737 0.3375858260062178 0
0.7488265282329927 0.3375871151785188 0
0.7532985784757933 0.3298404793842619 0
0.7622470048831098 0.329838563133114 0
0.7443503631230017 0.3298432235002866 0
0.7398778800762191 0.3375893081301832 0
0.7354019558157706 0.3298453688098626 0
0.7487896270112328 0.3220903360755469 0
0.7667244121279286 0.3375851392977017 0
0.7711981411194087 0.3298381870766046 0
0.7666855712877229 0.3220863686348199 0
0.7309280805623879 0.3375911673599196 0
0.7264531957127147 0.3298422082505036 0
0.7309259818266538 0.3220905776081382 0
0.7219775900542837 0.3220926405951054 0
0.7175048523191703 0.3298431369888753 0
0.8648715696386186 0.1985624222605796 0
0.2296855207362189 0.8022628207357378 0
0.2252357569384495 0.7945231641668148 0
0.2296897108457008 0.7867983836137344 0
0.2207831585312507 0.8022702354430338 0
0.2207980525993275 0.7867976231609159 0
0.2252420103770182 0.779053767609745 0
0.8872578543129529 0.3452193428833992 0
0.2743323211043729 0.833270570575437 0
0.9183883361842506 0.1058374621624949 0
0.8795238150849445 0.00757011326478324 0
0.8840347614587853 0.0153843786166839 0
0.8791396308775983 0.02226770073791181 0
0.2743377788687214 0.8951653055896851 0
0.2121680342071335 0.07479490748149548 0
0.2121660748766371 0.05932348311587375 0
0.2076808318793755 0.0515960517499838 0
0.1630117022738668 0.1753782285209954 0
0.1940764690353969 0.8642022902319894 0
0.1984849112175803 0.8719380325081462 0
0.1851483381967386 0.8642021354521293 0
0.1851208170441639 0.8487852261324451 0
0.1717853756069077 0.8410008633385061 0
0.945150026571949 0.09040291104126875 0
0.3288786876339516 0.02839946570443033 0
0.8648889834813074 0.05944427007225521 0
0.07371863701319076 0.6863649115960998 0
0.2252840790350723 0.8719503057268867 0
0.3414318705895505 0.376306989477403 0
0.02042278139855448 0.4225718292019945 0
0.4310393551202166 0.3299282748396297 0
0.2163094365924458 0.8254550368738514 0
0.2118521100173451 0.817752883364126 0
0.2074177827778835 0.8255225432910061 0
0.216319222941012 0.8100313409463633 0
0.7487764307651752 0.2140093135298473 0
0.7444713633209418 0.1753811187717073 0
0.9229091002498576 0.2215874170390439 0
0.1004269255453186 0.9027599728322374 0
0.3923013564347611 0.914861598543471 0
0.5071046530481325 0.2911600876125937 0
0.5026242391322147 0.2834117038653157 0
0.1405076136369669 0.9259180140664311 0
0.1449549455056402 0.9336310403934989 0
0.1404942115139928 0.9413394178889615 0
0.2881048923087487 0.175375966218407 0
0.2791705322108442 0.1753751868270904 0
0.1855966680395763 0.3072134590500004 0
0.4355164447974247 0.3376789828811561 0
0.1494135922178335 0.9259221871151025 0
0.0648538987315221 0.8718195996582537 0
0.06929480422726661 0.8795685115047096 0
0.06482721029410451 0.8872933397495038 0
0.3056320650111235 0.3918148582014474 0
0.9317441732672035 0.1598257306207724 0
0.9361994117135701 0.1675332400975867 0
0.04686010135805808 0.1599396250275514 0
0.042398945543645 0.1522046463838508 0
0.2520291944736355 0.9337465769633284 0
0.3368857593095484 0.7868221676745645 0
0.3324160050609738 0.7790719999266222 0
0.3369133369139524 0.7713319167204384 0
0.3324095349603148 0.7635695347582115 0
0.327942719826859 0.7713184487159448 0
0.3234742920082271 0.7635631608007879 0
0.3279418727232805 0.7558208275845383 0
0.323471206036731 0.7790567586119123 0
0.3190145647111946 0.7558197765632874 0
0.3234704861794822 0.7480761450715023 0
0.3190064755350799 0.7713147780109404 0
0.3279368064824895 0.7868131263733082 0
0.3190112485601208 0.7868450148101229 0
0.3234837355118616 0.7946214493241321 0
0.7621046677889317 0.2523976657761235 0
0.2876989300784134 0.9183465008084399 0
0.2609655710294951 0.8719720449538961 0
0.256502937277607 0.879701824837962 0
0.980221304405871 0.3214361107955493 0
0.9451001935121266 0.1521111108394945 0
0.775676146497684 0.3375847983873994 0
0.8514929582087052 0.1135529497343676 0
0.07826230877670497 0.8331954381052812 0
0.1940990395650392 0.8178583000342725 0
0.7042991507487852 0.1676760385085745 0
0.6998301973576699 0.1599358212924085 0
0.6908921050778531 0.1599354360071292 0
0.6953613914200806 0.1522034184085474 0
0.7042990938458844 0.1522051112136435 0
0.6864239187532655 0.1522039743585579 0
0.6819543360223879 0.1599364290995972 0
0.677486386428969 0.1522036948285216 0
0.6908570579954525 0.144469914461678 0
0.6730157869705347 0.1599358863824237 0
0.6685487326947761 0.1521950316816992 0
0.6729766656702763 0.1444551987877566 0
0.6640385088780376 0.1444577452705236 0
0.6595997557472505 0.1522011549206063 0
0.7087694265116395 0.1599376092660592 0
0.7132401014746335 0.1522094809023481 0
0.7087322080328914 0.1444727132696686 0
0.09148586163213264 0.407554792036697 0
0.1451113114776967 0.7791954279414007 0
0.140643102728687 0.7869221977839304 0
0.1451009540123174 0.7946544703392712 0
0.1361771940405984 0.7946495281727589 0
0.08702007747342033 0.3998147055408306 0
0.3730801293172027 0.2605530417411528 0
0.3775393850315045 0.2527790730733296 0
0.8872278351168924 0.2987924005297958 0
0.8068717982163882 0.1135416078105121 0
0.8113368657188412 0.1058109524585542 0
0.7219482175932102 0.2140012567598065 0
0.7174760787627404 0.2062596869992146 0
0.7085324700444529 0.2062782222403135 0
0.7130817977926314 0.1985393018463365 0
0.7220248128239501 0.1985532696288029 0
0.02912455928222796 0.593510844471465 0
0.0207804562887597 0.5932651374166262 0
0.04686406140326925 0.1754074821724373 0
0.1093253070482018 0.9182000841621858 0
0.1048740919206078 0.9259110469527397 0
0.02459445593046379 0.2759889325725094 0
0.01532001999127315 0.2762275833450566 0
0.1897537306601587 0.4696451077722564 0
0.04681417435227193 0.4539678818781126 0
0.03788372567793894 0.4539670914081589 0
0.3922445486228117 0.8074626865666401 0
0.3919350321465239 0.7984490706812393 0
0.2030305241492286 0.802394815625204 0
0.05127941192967807 0.4617070106400557 0
0.04685969967532104 0.2527490109927299 0
0.04239571223706996 0.245011808862872 0
0.851492068318642 0.1444813907918188 0
0.744187688919512 0.2524153584441315 0
0.7980433624902628 0.3298321846158802 0
0.6596029672563881 0.1676729481467643 0
0.655133334646707 0.1599339800957451 0
0.6461934837417552 0.1599328148820502 0
0.6506637567225771 0.1522013896355119 0
0.641724795737146 0.1522001289364861 0
0.6461653330499841 0.1444666932537333 0
0.6372534918683224 0.1599330646258746 0
0.6327823142060051 0.1521990599182192 0
0.1093381767091545 0.9027630935547568 0
0.1987450223096524 0.1134863131900921 0
0.8113238164307331 0.2140132598995953 0
0.9140871858028977 0.3452111845155071 0
0.9230088101741005 0.3451935116821391 0
0.4134322280999668 0.3922445612028933 0
0.4179089669130133 0.3844892621277373 0
0.4268633466096419 0.3844882897622283 0
0.4223855621660242 0.3767344698071495 0
0.4313141100350184 0.3766713099208717 0
0.4358131514447562 0.3844767350871361 0
0.440236125458396 0.3766257234404803 0
0.4267747655335399 0.3688005076754388 0
0.4178686613502345 0.3688890800707532 0
0.4447427449917599 0.3844544013327942 0
0.4491657850871194 0.3766221817133008 0
0.4535335844656845 0.3687212004288014 0
0.4624623038516497 0.3686476362390061 0
0.4668733419335792 0.3608783228021984 0
0.4713926707399599 0.3685834809277553 0
0.4670069003432372 0.3763624469511732 0
0.4759304929224273 0.3762987505622205 0
0.4715469148782169 0.3841302105124911 0
0.4626071286711223 0.3842379270496152 0
0.4805003173485264 0.3840649461005674 0
0.4848570566247381 0.3762480155339311 0
0.4894429670364191 0.3840052382745136 0
0.4940068039012291 0.3918752069235535 0
0.4983873255568592 0.3838343221297403 0
0.4760822944386545 0.3920538525352204 0
0.4581831159839288 0.3921155751989842 0
0.440290489937939 0.3922337970779484 0
0.9719084692115471 0.2448094373698396 0
0.07811944137532573 0.04393368550673569 0
0.2877485064009672 0.4383155937495605 0
0.238615723372317 0.7558579295178276 0
0.2341503557797444 0.7481218443348088 0
0.2296841829810088 0.7558568033892812 0
0.2252351180505263 0.7481123793492138 0
0.2296875550357742 0.7403848530397279 0
0.2207984281360148 0.7558549397477703 0
0.2252408598578055 0.7635812999594245 0
0.2208015079748458 0.7403841995248497 0
0.2252428497224497 0.7326370857543744 0
0.234152117989097 0.7635906923845306 0
0.2296915742108211 0.7713241052519262 0
0.2208036100767248 0.7713237683354697 0
0.2386169155227609 0.7713287472287141 0
0.06021472499535387 0.446235740718008 0
0.8470025502013234 0.2910943254075795 0
0.6861757955717021 0.2139977436154747 0
0.690645892456408 0.2062779362374017 0
0.6995889294028047 0.2062852541089293 0
0.6951848536333043 0.1985752039925976 0
0.6817032683394647 0.2062822664874185 0
0.6727606199720173 0.2062833109516819 0
0.6773012472707018 0.1985757264980726 0
0.6682888610262367 0.2140039416877335 0
0.6638167002249336 0.2062838512298526 0
0.6593443505867351 0.2140063956252742 0
0.6548715599898345 0.2062626347709762 0
0.6459270809010043 0.206282322795091 0
0.6504867621478797 0.198539125589766 0
0.6594305217903673 0.198553734895886 0
0.3776106918533547 0.3147236436809475 0
0.663786599205054 0.3453649007091278 0
0.6682600083064569 0.3376084524713577 0
0.6772110907478959 0.3376046770648781 0
0.6727331996694682 0.329854833295698 0
0.6816800152860933 0.3298534513917844 0
0.6637773854564599 0.3298589084465182 0
0.6861609540399326 0.3376010747089939 0
0.6906294613177015 0.3298503986941574 0
0.6771952640848641 0.3221006553027552 0
0.695111645523966 0.3375970914593219 0
0.6995826811026845 0.3298449112924424 0
0.6951056830443082 0.3220956120296809 0
0.7040550135071688 0.3220922235142792 0
0.7085327706571047 0.3298405865598821 0
0.06025653088977104 0.2604844968302086 0
0.7085450838930678 0.3453458866775561 0
0.7174991931492216 0.3453445952277632 0
0.7130200068040016 0.3375937377193431 0
0.6458824859566096 0.3453839507311254 0
0.6414042139864485 0.3376213491141576 0
0.632453092521098 0.3376221837372022 0
0.6369232359560905 0.3298688627512945 0
0.6458735660371526 0.3298657427846213 0
0.6279723063416933 0.3298711044628679 0
0.6235017115614019 0.337622503027516 0
0.6190215968500123 0.3298732542771076 0
0.6324253769955456 0.3221174050509471 0
0.6145502886130011 0.3376245724123699 0
0.6100737457653663 0.3298739784161249 0
0.6145367296060317 0.3221200777547949 0
0.6055973756447539 0.3221236381642957 0
0.6011176177180905 0.3298778240115769 0
0.6503549130759991 0.337618224812432 0
0.6548237205076994 0.3298631342339859 0
0.6503244783821889 0.3221114929634037 0
0.1005606226075732 0.8254911960600066 0
0.1049955879259448 0.833247696148889 0
0.9672500966693081 0.1444568745423345 0
0.2386156614622044 0.7249089787938681 0
0.2341477274467679 0.7171705231549435 0
0.2296862305617298 0.7249076386781583 0
0.2252329117875505 0.7171603164554817 0
0.2296834188235886 0.7094313003439914 0
0.2208015817346236 0.7094301015912632 0
0.2252398730563842 0.7016804797872072 0
0.2208061898895476 0.7249053838080611 0
0.7040607877196743 0.2140009885317261 0
0.1897292143625513 0.6864324524086149 0
0.1852767340559402 0.6941762407848764 0
0.1452699836901591 0.5316645871178507 0
0.1363319001811182 0.5316635191105081 0
0.5970214467071301 0.1676717741238136 0
0.6014918527035487 0.159930960348344 0
0.6104307779007208 0.1599307376053732 0
0.6059613939289388 0.1521899483004444 0
0.6148943652326816 0.1521928907379943 0
0.5970153284578512 0.1521923622177437 0
0.6193683926530247 0.1599309259920575 0
0.6104052494626014 0.1444486999145334 0
0.6238337476373506 0.1521950425664544 0
0.6283097723947001 0.1599337155411769 0
0.6282775343397927 0.1444599980594447 0
0.3865290788414935 0.392200568498446 0
0.3820912357314636 0.3999992373485686 0
0.3856671238450644 0.4084501216747757 0
0.1897971298198334 0.2527806433516595 0
0.2032193695132342 0.2450514732320649 0
0.1897224547357744 0.7173750169590853 0
0.1852645951679728 0.7096420572647468 0
0.601123094182786 0.3453820509449098 0
0.5966437567145851 0.337630134471447 0
0.5876921784966056 0.3376331888073898 0
0.5921633575586249 0.3298812896037246 0
0.5832115378260768 0.3298836794523691 0
0.5876708013288016 0.3221309460390547 0
0.5787405341315147 0.337636314591015 0
0.5742584258730288 0.3298866588717472 0
0.171805571508024 0.8255786496076569 0
0.238612363446997 0.693950837609791 0
0.2341425315687306 0.6862105557808574 0
0.2296809793627781 0.6939498648244971 0
0.225227616174953 0.6861995634416252 0
0.2296768959823824 0.6784691857052583 0
0.2207996020521031 0.6784670326712071 0
0.2252348590485811 0.6707152939882841 0
0.2208057684725925 0.6939466130231857 0
0.7980550722445032 0.3453270521647254 0
0.5428968812321485 0.2911491924843774 0
0.547367197540465 0.2833987284064867 0
0.5563158994103425 0.2833957169161242 0
0.5653154360366075 0.3454004440319655 0
0.5608351393681454 0.337644168299071 0
0.5518834721246243 0.3376459349928223 0
0.5563553138949545 0.3298928428082016 0
0.5474035242801772 0.3298944537653536 0
0.5518744217381519 0.3221418483225188 0
0.5653074241687301 0.3298885257296281 0
0.5429251592973042 0.3376496815318871 0
0.6593061822744174 0.337613883264571 0
0.7266138946506606 0.1444633264819525 0
0.9717174580656694 0.1676539448042613 0
0.5876384712918529 0.2911351778075931 0
0.5921108825545208 0.2833845362923261 0
0.5523218170218787 0.1676706683305283 0
0.5567918046478497 0.1599298244041249 0
0.5657309031665347 0.1599301161862513 0
0.5612616602764678 0.1521888720726906 0
0.570195644146393 0.1521915857234886 0
0.5523184903042914 0.1521908376428286 0
0.5746689628569546 0.1599306797828027 0
0.5791332734200934 0.1521921066210317 0
0.565702603704394 0.1444481789981944 0
0.5836079798661227 0.1599297216782452 0
0.5880722375590788 0.1521929245028711 0
0.5835755902994206 0.1444539814343471 0
0.5478518156047747 0.1599296425071135 0
0.5389132844293837 0.1599283630219898 0
0.5433787959275873 0.1521905176325847 0
0.5344402116376431 0.1521891873397175 0
0.5299735412832083 0.1599271288005855 0
0.525501664210562 0.1521874039275662 0
0.5388869541530537 0.1444514829979253 0
0.5210344441904066 0.159925468547426 0
0.5165670944352063 0.1521835065493387 0
0.5210136186781824 0.1444438019963013 0
0.5120751882171045 0.144443456273595 0
0.5076206791388347 0.152182882812567 0
0.5255026118693207 0.1676670582678912 0
0.5120933288189269 0.1599233615309043 0
0.503153910927406 0.1599189782562727 0
0.4986853169311559 0.152177713761379 0
0.4942177338391041 0.1599125438635404 0
0.48974302456038 0.1521698908209473 0
0.4941900478434277 0.1444400196088054 0
0.4852787432948719 0.1599074974120915 0
0.4807948655353738 0.1521649122968804 0
0.4763399104985628 0.1599018312078912 0
0.4718554820886405 0.152160384736549 0
0.4674009131022124 0.1598965771749868 0
0.462917563512891 0.1521559966891711 0
0.458464515517385 0.1598898980181336 0
0.4539803562713479 0.1521513906874708 0
0.4495230870288814 0.1598867860821034 0
0.4450438772402119 0.1521481486146912 0
0.4405840631471286 0.1598798642782106 0
0.4361140056349542 0.1521403490742384 0
0.4316502633442208 0.1598728689448448 0
0.4271800849139147 0.1521343108076404 0
0.4316301826770681 0.1444123401614483 0
0.4227081267602766 0.1598742376360114 0
0.4182353397684949 0.1521340789634043 0
0.4137745830286028 0.1598614923943316 0
0.4092951018332274 0.1521291505192924 0
0.4048304510048873 0.1598762373447545 0
0.4003566255523566 0.152128015190591 0
0.3958965434763109 0.1598682933728848 0
0.391426817476429 0.1521240621368477 0
0.4361108877054054 0.1676318811443241 0
0.5076219397046415 0.1676628206832008 0
0.4182306317831606 0.167628480372407 0
0.4629271032565444 0.1676460834621554 0
0.4808051351006007 0.1676539390401602 0
0.1362050850568134 0.7328028514839003 0
0.1317360325411829 0.7405337675780395 0
0.3413339318134585 0.8255700791350602 0
0.2386069824671546 0.6629845941681516 0
0.2341355708832064 0.6552424026947357 0
0.2296737869565345 0.6629837380891719 0
0.225220587782303 0.6552304303030103 0
0.2296687641513635 0.6474988702482016 0
0.2207962230418168 0.6474952696674507 0
0.2252285214307629 0.6397419818150403 0
0.2208036835912557 0.6629790009437641 0
0.06935960040599951 0.8022760165302906 0
0.7979440933270501 0.1599297591623716 0
0.8113337469847965 0.1521945689976133 0
0.6055350687280288 0.2911296177015748 0
0.6100077830261197 0.2833789376668909 0
0.2479133427066214 0.3844768698876556 0
0.2390247264988488 0.3844883459897389 0
0.3323937458866832 0.5620606578096221 0
0.3279221262047997 0.5698127834644036 0
0.3189709589107716 0.5698166857988327 0
0.3234587624066154 0.5775591595645637 0
0.3323983598365757 0.5775627376747938 0
0.3279261215018078 0.5853135308302173 0
0.3189752051120284 0.5853168255855434 0
0.3234625160923847 0.5930594498202226 0
0.3324111220205538 0.5930613799911164 0
0.3279287127468169 0.6008144594861593 0
0.3189789599112222 0.6008166868507134 0
0.3234656164928499 0.6085595120307319 0
0.3324034349082979 0.6085646088115564 0
0.3279320626158736 0.6163139516384182 0
0.3189822149673076 0.616316216259974 0
0.3234684086651591 0.6240590266801384 0
0.3324064910326197 0.6240635691706945 0
0.3279344682050684 0.6318133180047441 0
0.3189849885953966 0.63181533844861 0
0.3234706030884494 0.6395581268987285 0
0.3324110048747601 0.6395641310487934 0
0.3279366311963831 0.6473125233020094 0
0.3189872516616798 0.6473139205075464 0
0.3234722868561218 0.6550567135336756 0
0.3324111790155285 0.6550645407252886 0
0.3279375823552897 0.6628111763129045 0
0.3189889919962321 0.6628118662114727 0
0.3234732756640264 0.6705546245939803 0
0.3324108295664052 0.6705597827146317 0
0.3279378942736363 0.6783083430360223 0
0.3189901670488355 0.6783090318691305 0
0.323473620586734 0.6860516070292172 0
0.3324109543420281 0.6860570848493287 0
0.3279377165387353 0.6938051031109121 0
0.3189907440196602 0.6938053127075421 0
0.3234733113993921 0.7015477411137822 0
0.332411603589139 0.7015572502201565 0
0.327936838581003 0.7093011644632764 0
0.3189906808369649 0.7093005648572058 0
0.3234722650546265 0.7170428615046301 0
0.3324169598156788 0.7170564888368768 0
0.3279353854751499 0.7247957127190653 0
0.3189899174346732 0.7247946483430878 0
0.3234704525249468 0.7325367265797037 0
0.3324067324447815 0.7325429787786171 0
0.3279398527075975 0.7403071138271837 0
0.3190004269070451 0.7402986014040095 0
0.5921249556781394 0.2524611018543958 0
0.8291332372684926 0.2910547812296716 0
0.6146274276749935 0.2140043788655276 0
0.6190984797917432 0.2062833747185966 0
0.6280408107981014 0.2062632049769893 0
0.6236600224810394 0.198539726247893 0
0.6326021312286442 0.1985502638743574 0
0.6369990362988527 0.2062928836291017 0
0.6101559961583305 0.2062875091194013 0
0.6012135906846856 0.2062878847178289 0
0.605761789247857 0.1985789735074156 0
0.596742379069606 0.2140077869111837 0
0.5922695228472418 0.2062883987507154 0
0.5877983837265356 0.2140072788770172 0
0.5833244467423684 0.2062656782789692 0
0.5743805709279904 0.2062864583499694 0
0.5789487736891055 0.1985400504071639 0
0.587892443804267 0.1985552593648146 0
0.610056950689196 0.2524381787420593 0
0.4623620062154129 0.3221707180880836 0
0.4668339923080712 0.3144185948967795 0
0.4757848863513508 0.3144158016335023 0
0.4802628822812555 0.3221658196027088 0
0.1853427163791645 0.1057563460531617 0
0.5339507129028299 0.2601658332535744 0
0.5384918381233621 0.2524526739657547 0
0.5474464719113344 0.2524558339114819 0
0.7173559062233822 0.2524104065036109 0
0.7263060312337626 0.2523793261200076 0
0.7308231066672574 0.24475883774086 0
0.04250702731058251 0.5857829480552809 0
0.04697510661028887 0.5780495736772369 0
0.6279463928548475 0.2524333209009797 0
0.6234317207996996 0.2911240371949153 0
0.6279045974229862 0.283373420005116 0
0.1093611046198791 0.3456514086431386 0
0.104895718939697 0.3379030885347676 0
0.1093633385165607 0.3301693828163439 0
0.3510566389460655 0.221849108586436 0
0.3510015882432281 0.2063670463633679 0
0.341943158018911 0.2063555744137118 0
0.1228046192789065 0.7405284512428176 0
0.1272632623226371 0.7482659201499289 0
0.1227913191174243 0.7559929935967791 0
0.1272556229871635 0.7637252844624168 0
0.6458359065111594 0.2524285098254447 0
0.5391908149360969 0.02123146327669864 0
0.5573325626329654 0.02111970230246652 0
0.494824756623751 0.0211162628037585 0
0.1542353892415489 0.3458534958007038 0
0.1497967645203693 0.3381239927363833 0
0.1542625162146812 0.3303676784222875 0
0.1452917980764183 0.3303001426923944 0
0.6413283936872287 0.2911184676718184 0
0.6458012249633494 0.2833679785433267 0
0.6547454917438784 0.2833640434311894 0
0.6592238164424368 0.2911125208478856 0
0.6681723529592178 0.2911101221716477 0
0.6726458727437509 0.2833598042267972 0
0.6815892421774868 0.2833561657043945 0
0.1990074962127572 0.2994804212892386 0
0.0646821337530708 0.4384998265350489 0
0.3999633002404468 0.2759977120267152 0
0.4715375915854041 0.2140112515905475 0
0.4760083670184091 0.2062926782808623 0
0.4849501800573837 0.2062716678967259 0
0.4805864236883764 0.1985430542329499 0
0.4895278957327375 0.1985542209364405 0
0.4939112398693105 0.206297315082614 0
0.4670664227012264 0.2062970946652965 0
0.4581246176951593 0.2062977606275133 0
0.4626863548138768 0.1985853320562685 0
0.4536532450370747 0.2140169453034249 0
0.4491813491506559 0.2062985816488158 0
0.4447096506340283 0.2140186279780339 0
0.4402374956063514 0.2063005099811513 0
0.4448020613682638 0.1985860563348302 0
0.4769653415662317 0.02111530441167991 0
0.806870183410943 0.1444639934754789 0
0.3686637405251386 0.3302236786733288 0
0.3641595493144689 0.3224794678790064 0
0.2386003689050282 0.6320107705381397 0
0.2341277974845754 0.6242669394299393 0
0.2296654990456127 0.6320098247995022 0
0.2252127421213074 0.6242535894478236 0
0.2296600552081082 0.6165211659379295 0
0.2207922275578629 0.6165145947756708 0
0.2252217803879393 0.6087585978998317 0
0.2208006133746978 0.6320030158256269 0
0.2341089294287387 0.5003348046462066 0
0.2296308255587884 0.5080806911557693 0
0.2341029460357489 0.5158248388455576 0
0.225189317527499 0.5158100609141472 0
0.229638173311723 0.5235689054577113 0
0.2207794295368757 0.5235617644149184 0
0.2252083167866891 0.5313007306439963 0
0.220771870575709 0.5081149514588721 0
0.238577733392378 0.5235704094866619 0
0.2252329018768882 0.500395568944445 0
0.1719147957347877 0.2527779144786322 0
0.4089595998050792 0.260514371900845 0
0.4591059561968308 0.02111434149410051 0
0.3371187395704563 0.3685991495242758 0
0.4712994516725267 0.2601880145310746 0
0.475781345972299 0.2524733245188558 0
0.484721684978479 0.2524824978632365 0
0.4803438343210325 0.2448278820993815 0
0.4892019887298941 0.2601935952181545 0
0.3011867036043583 0.4925586366020321 0
0.2877690849406902 0.5003118893526866 0
0.3101269666127242 0.4615583108430113 0
0.3011783698644633 0.4615604989349081 0
0.4409593656730445 0.02122834036080285 0
0.4179537786078193 0.2449902426911436 0
0.1318608039577781 0.5394018279044963 0
0.1632217352269122 0.3304050102894761 0
0.7177092254148306 0.1599417218049126 0
0.05149935510597536 0.8177253465687215 0
0.2475211964808145 0.5235687758713774 0
0.5567632999647654 0.1444499381517175 0
0.3145929669148195 0.4383029289048369 0
0.3101067418809812 0.3995592382954663 0
0.3189609608348199 0.5388149786370066 0
0.09164368430733991 0.5625965831568652 0
0.08271055121804267 0.5625923938598695 0
0.6284920867705535 0.02123441450904425 0
0.4134819233287019 0.2063123019063556 0
0.6682559701684877 0.3221051234009514 0
0.4137484689211088 0.1135117957565431 0
0.4182632017126436 0.1057764520841499 0
0.2210498758499762 0.4309271619816513 0
0.171878383102565 0.7792170028373595 0
0.2076364737824111 0.454156985041796 0
0.3775390952557867 0.3766667772278386 0
0.3730304960680093 0.384378476668968 0
0.3278807009572243 0.8952045403462907 0
0.493682160512836 0.2989130979507751 0
0.4847320635574711 0.29891517850529 0
0.4892057769444018 0.2911650355734103 0
0.4802611757193413 0.306665717364946 0
0.4757839739952638 0.2989172734943341 0
0.1272372396766075 0.3146851608459672 0
0.1183032334900214 0.3146768758794166 0
0.6014559199478891 0.1444506712454218 0
0.1093588603541999 0.3766030373081974 0
0.08705356769359125 0.2295417657179655 0
0.09151655305221225 0.2218085311824916 0
0.2609257849724123 0.4383559591211618 0
0.6466292025199032 0.02112460177917443 0
0.6550337219626406 0.1135185129435787 0
0.2385806640462462 0.5390640416731817 0
0.2341105828899879 0.5468106459602211 0
0.2296446163254016 0.5390627886517999 0
0.2251971031612115 0.5467956322826476 0
0.2296455325726579 0.5545538717547502 0
0.2207844185853303 0.5545471453870101 0
0.2252140514348961 0.5622840121038529 0
0.2207902071084654 0.5390521011700431 0
0.1362734371210963 0.6399909722974056 0
0.2255568890585446 0.175377187034337 0
0.2210886177618874 0.1676389553045809 0
0.212153226642516 0.167639237401342 0
0.2166203900690024 0.1599011978922287 0
0.2255555047649609 0.1599003904361093 0
0.2076858082344029 0.1599014280826493 0
0.2121526418444827 0.1521638239871407 0
0.2032183787444307 0.1521642535216664 0
0.2076852190037567 0.1444267208989568 0
0.2166192808477638 0.1444263236581278 0
0.1987512914322413 0.1599017879235705 0
0.1942838193226792 0.1521646514930155 0
0.09162961375803275 0.5935448342019831 0
0.3922460627459886 0.7805953358701526 0
0.3844997178426142 0.7850587633362457 0
0.3844919694433769 0.7761184677470336 0
0.3767391794224844 0.7805946668853856 0
0.3767374974495455 0.7716450390940113 0
0.3692099510337626 0.7761213035496433 0
0.3692465530012315 0.7671706080930185 0
0.3767798069814745 0.7626944848795018 0
0.3692007927324035 0.7584228442518612 0
0.3767787253412519 0.7537772678696431 0
0.3678659193812908 0.7488212492220093 0
0.3765553909050248 0.7447231658515951 0
0.3704037619621987 0.7404294501400458 0
0.3769406387471204 0.7358477735027673 0
0.3683246207716204 0.7319465835606119 0
0.3766790632458246 0.7269588741710702 0
0.3690296637946021 0.7223231675219234 0
0.3767320160121828 0.7179369939508791 0
0.3692138734532839 0.7134466581199166 0
0.3767697215616428 0.7089824910449424 0
0.3689638166419628 0.7045760818219429 0
0.3767329129559126 0.7000435615489913 0
0.3687948869172755 0.6961288379738143 0
0.3766988481124868 0.691177711203209 0
0.3677876245133248 0.6864882798662849 0
0.3765245697797933 0.6821250922227942 0
0.3685378140321669 0.6767386828315771 0
0.3766199906323491 0.6730231070133545 0
0.3687513473029779 0.6679868435331699 0
0.3766707694372417 0.6640791229006363 0
0.369120990285592 0.6595023705659249 0
0.3767297645844654 0.6552540950192718 0
0.3692082846326417 0.6507983471932248 0
0.3767639359986243 0.6463160368480875 0
0.3689019928080091 0.6422573133355748 0
0.3767166476754366 0.6374343770605396 0
0.3687614244708367 0.6337386870655886 0
0.3766860344659116 0.628565811513067 0
0.3677749931259105 0.6241340908233458 0
0.3765158346699486 0.6195183959089055 0
0.3685449230044658 0.6143435751121602 0
0.3766137089162231 0.610410150279817 0
0.3688300645386068 0.605705990992468 0
0.3766783759484721 0.6014838895955128 0
0.3691588590753677 0.5970033057382181 0
0.3767432703516286 0.5925770841474537 0
0.3691851912333171 0.5882498478597865 0
0.3767578600975912 0.5836650381023564 0
0.3688646357499464 0.5798141832879646 0
0.3767061876165366 0.5748050657437713 0
0.3687343190363908 0.5713244285945156 0
0.3766752365341835 0.5659447403324638 0
0.3677673277930579 0.5617722997621725 0
0.3765082377710429 0.5569072766334151 0
0.3844332065910672 0.561296560384059 0
0.3844387413926888 0.6239541670211443 0
0.3844816081897399 0.650789350596461 0
0.3844847059638044 0.7134602938695273 0
0.3686468754646829 0.552101736018503 0
0.3767259874868188 0.5479552788919413 0
0.3604873654873237 0.6551104384357157 0
0.3767591262453199 0.7892499273462247 0
0.3604840193122363 0.5929097615622462 0
0.3606852161411104 0.7175575461411136 0
0.3604928296501423 0.7632555025095374 0
0.3844804043868583 0.5791728562437315 0
0.3844740329493159 0.5970598743598198 0
0.3844715267255197 0.6686766562249347 0
0.3844448315181636 0.6866091564315037 0
0.3845129864848052 0.7313708353795167 0
0.3844874680270997 0.7492671486705937 0
0.3691353919040753 0.7847562770507609 0
0.3604711700111468 0.7796934811604833 0
0.3922447517102422 0.7716426069818381 0
0.7805972350193306 0.3922450468279393 0
0.7850188721996543 0.3844586240664004 0
0.7761463575801439 0.3845055689916793 0
0.7805581675926063 0.3767251683000886 0
0.7893277593983249 0.3764436780426449 0
0.771572337293721 0.3768698800882924 0
0.7849086719958226 0.368800442312592 0
0.7669154396868995 0.3689595985511812 0
0.7625461656485804 0.3769110418504014 0
0.7535050599297479 0.3767400131356844 0
0.7580320396838947 0.3845883987862574 0
0.7488620432109829 0.3690012314963202 0
0.744429383068999 0.3766026100184797 0
0.7354485871653967 0.3765532143068133 0
0.74009501857683 0.3843192918511412 0
0.7309400453338049 0.3687638358778696 0
0.7265057117156989 0.3765471524998588 0
0.7716736567089368 0.3922847857141521 0
0.0468535149844586 0.314630233680976 0
0.7576399796523938 0.2910865608621371 0
0.762110562897571 0.2833404763182358 0
0.7710533396790122 0.2833385835713468 0
0.7755263564285892 0.2910816013286165 0
0.7799893545914047 0.2833330372196058 0
0.7844678604581288 0.2910788632887423 0
0.788905113318637 0.2833061681838082 0
0.7933452965954264 0.2755447466454622 0
0.6905205304281172 0.2524191282821504 0
0.6994716053344721 0.2523880047406791 0
0.7040165596133715 0.2447501160488568 0
0.2747192819460264 0.3379730769896716 0
0.2702488228890836 0.3457180800037249 0
0.2657983123421689 0.337959333380729 0
0.2613721460112162 0.3457113416533959 0
0.2702471758058012 0.3302270493444097 0
0.2613745271267005 0.3302587560335151 0
0.8381115681749779 0.07489930265084044 0
0.09594744861472287 0.4617198393940417 0
0.09148009120489314 0.4539809729308958 0
0.09594869082159965 0.4462431546593005 0
0.09598587646281076 0.245012250208002 0
0.09161397392958326 0.6244913143783679 0
0.1452847523962428 0.3613200308826959 0
0.6729030645184878 0.1135205815936389 0
0.8345753734993729 0.007313714337548809 0
0.04239021507435771 0.3068935118527932 0
0.6644883558641067 0.02112553907969844 0
0.3368578833455232 0.8333077040641751 0
0.162934475436484 0.4851287269840684 0
0.1585058273057677 0.4929139806339223 0
0.1138280091041408 0.3533895019313398 0
0.2832700443411978 0.4150657356927678 0
0.5115990385294207 0.3454134589115914 0
0.5026476374783376 0.3454140026974127 0
0.5697418719109318 0.2911405466851459 0
0.5742143808560378 0.2833901687512583 0
0.5607930428693098 0.2911433895684428 0
0.3646256580856573 0.09028113871648104 0
0.189771637150498 0.5006022328226523 0
0.2702404074522108 0.1444203942073448 0
0.8604077845172127 0.1908284035130793 0
0.02045999499615562 0.5624322962540549 0
0.4713073426973763 0.3066676376197789 0
0.4713031490374855 0.2911695652525921 0
0.02041964981871214 0.3761849138614652 0
0.59254829569603 0.1599314971770625 0
0.6860692097165797 0.2911047580107235 0
0.6950159886361162 0.2911025532849424 0
0.6994887498360777 0.2833528281849957 0
0.7084353156287013 0.2833502902909148 0
0.7129113891737739 0.2910979438972647 0
0.9406502238886023 0.1289791803500119 0
0.6823474145891002 0.02112646421664953 0
0.09147631967823452 0.4849277570848689 0
0.2434342810176597 0.1134716109871237 0
0.09596379807470531 0.3378930097576183 0
0.8069857873541828 0.3298307324109803 0
0.5741920050051985 0.2524411242671654 0
0.5787430986602558 0.2448039996901124 0
0.565290405230686 0.2524697591709586 0
0.5697876672029942 0.3376414877116639 0
0.5697692612531996 0.3221366386214348 0
0.5251948371231621 0.2140093220567668 0
0.5296659485744024 0.2062892074064659 0
0.5386080780429934 0.2062683545337669 0
0.5207228749387438 0.2062938316707821 0
0.5342380870739178 0.1985416624090379 0
0.5431799966500637 0.1985526393940946 0
0.5475684159533799 0.2062942407861007 0
0.5162517043783426 0.2140145846178684 0
0.5117803470228136 0.2062710433701668 0
0.5163377207513253 0.1985548678843249 0
0.5074268593530621 0.1985439193481339 0
0.5028594323665947 0.2063006936111197 0
0.1721408846477452 0.3923591175149257 0
0.1676911339213938 0.3846125846621542 0
0.1721585001293846 0.3768780002914222 0
0.1631360194134913 0.3922787406507867 0
0.5520266652530699 0.2140130080542968 0
0.5564980631686843 0.2062935697164561 0
0.4983726945047556 0.2140209618156302 0
0.5388724226113435 0.1135093679182236 0
0.03810096772982124 0.8872511079117527 0
0.8648676704677396 0.1676532780221293 0
0.1631116734766344 0.4077517677033751 0
0.1496522957377948 0.4154083876739931 0
0.154160777603019 0.4232383308177702 0
0.1406727914713543 0.4309205502943018 0
0.136101124526216 0.4386198248332804 0
0.1451436441181974 0.438719274978692 0
0.4444619744720789 0.2911818713254181 0
0.440009241400367 0.2834226782467307 0
0.4444735286139631 0.2757224212298712 0
0.4356034926266937 0.2757494871051117 0
0.5212602402199149 0.02092309878440485 0
0.5260450978842389 0.0141173618489579 0
0.512648573770212 0.02110081957387998 0
0.2255674024511786 0.1134723348801921 0
0.5749119396816181 0.02119676315872685 0
0.5836087646772092 0.02112579849292663 0
0.5883163645016081 0.0142756250847751 0
0.6014234993940861 0.1135154778684605 0
0.5478695604251491 0.05167918459220246 0
0.234121620599237 0.5622973021705642 0
0.2296522107661985 0.5700429606277342 0
0.2207889438146395 0.5700368913451661 0
0.2252174232342002 0.5777738841151258 0
0.234124951469331 0.5777872586206256 0
0.2296550615684075 0.5855328119919121 0
0.2207903004201435 0.5855269510770893 0
0.2252193838464898 0.5932638164134731 0
0.2341279194639617 0.5932784140516835 0
0.2296657549425676 0.601022848500903 0
0.2208003340003129 0.601015674794976 0
0.4496117244076126 0.05167263550202992 0
0.6637214610182544 0.2524129272355364 0
0.6726410064080379 0.2523947254074795 0
0.6771821932772731 0.2447566241724876 0
0.7397501831922089 0.2910911174295521 0
0.7442212254149322 0.2833432781559121 0
0.14064219370597 0.2450433433551846 0
0.6014232691236847 0.0208880666936001 0
0.6103537131479043 0.02107483034020859 0
0.6150988833588946 0.01426699216833637 0
0.422814517989973 0.05167094063768654 0
0.2300242681978271 0.1676384105387602 0
0.2344910671064161 0.1598994641051198 0
0.2300216875244058 0.1521621301433263 0
0.2389576571883112 0.1521606920697076 0
0.2344873601842587 0.1444231673150149 0
0.2434276827406829 0.1444222120108203 0
0.2434283217119714 0.1598991344756891 0
0.2389607456170576 0.1676380913728484 0
0.08255739213418019 0.361108448922012 0
0.2975980415875196 0.03600101983574066 0
0.413425059342194 0.3767197919901949 0
0.4089471490648618 0.3689634644307668 0
0.4133470888784421 0.3611253785264659 0
0.4044378302512808 0.3612198392740249 0
0.4044765877572258 0.3767334122664743 0
0.395516211867441 0.3612261938887891 0
0.3999649668539679 0.3534849236223104 0
0.3954898974179041 0.3457367682160258 0
0.4043556919291751 0.3456587642649098 0
0.2434296504427053 0.1753767821487612 0
0.3601513242146997 0.08254865906796172 0
0.02032483882767651 0.500168801517298 0
0.3958745367449409 0.1135102651318953 0
0.3869387269046903 0.1135000509461445 0
0.3914319724495773 0.1057859527821407 0
0.3288768081600008 0.04386853371510677 0
0.8255817146954687 0.007432920046877255 0
0.8206371411185729 0.0146552476322615 0
0.02039320534055496 0.2682005833880858 0
0.02453114967167144 0.2604852439101777 0
0.02061184393350445 0.252367648910181 0
0.4230275410683478 0.02091901987294411 0
0.4278179690775848 0.01411546673846189 0
0.414132977217153 0.02121115056616605 0
0.6907715295474579 0.1135226654871668 0
0.02467198438438569 0.4771183558741435 0
0.03343215221613591 0.5081313541147101 0
0.1989892549515273 0.3459259941941398 0
0.194515260399474 0.3536649378692295 0
0.1855757268882421 0.3536632435742625 0
0.1811026508162195 0.3614030115912162 0
0.1855673202979419 0.36914515049056 0
0.1945232212449669 0.3381813609786368 0
0.2568348956952642 0.09026273589585772 0
0.1495758116460604 0.2760032449330904 0
0.1406383343844328 0.2759844767002291 0
0.1451059772260042 0.2682572629805039 0
0.154042862536596 0.2682635215642819 0
0.1495749228360512 0.2605248634904826 0
0.1406401149358169 0.2605135976940143 0
0.6103968002427492 0.05168364406998428 0
0.3915904003867571 0.02849631879494775 0
0.3872513869608703 0.02097282222079997 0
0.3826406943116649 0.02850609490475423 0
0.5160496147608781 0.2756601095903 0
0.247901976454843 0.1057339635897561 0
0.931766076353853 0.1906936482794137 0
0.02902016919450311 0.05167760968321936 0
0.02052733126248932 0.05198882423749549 0
0.02462003131373682 0.04399216718810599 0
0.01528117959110013 0.04436072395067014 0
0.0204101104021625 0.03618863819386565 0
0.7444845664941078 0.1599182264756767 0
0.3015273524840458 0.2140752194190479 0
0.7218581658604135 0.2910959295327272 0
0.7263295786339413 0.2833465420430324 0
0.8973190008832383 0.007729177403169371 0
0.4981513968951097 0.2911618079977591 0
0.6371935866389677 0.05168570313399611 0
0.03791093734276379 0.3920004099795872 0
0.6641791653759238 0.3922447812040449 0
0.6597017349273183 0.3844897771071437 0
0.6507780071262697 0.3845072410772298 0
0.6551726681104343 0.3767109088499668 0
0.6462122979129328 0.376811032367244 0
0.6415484823158223 0.3691105318999264 0
0.6373192566199402 0.3771642753621112 0
0.6640868061572457 0.3766722534034959 0
0.6324963978231608 0.3695236577870357 0
0.6281321211004487 0.3770125627023938 0
0.6191254155345401 0.3768176356867865 0
0.6236141768982008 0.3846806103244088 0
0.6145763774713452 0.3689924492547725 0
0.61007182334108 0.3765833009805674 0
0.6010984131451207 0.3765199306301539 0
0.6056719713541723 0.3843128304490191 0
0.5966634904993615 0.3843325228486413 0
0.6463209049151374 0.3922741787064591 0
0.6686411430902313 0.3844793779000416 0
0.6776084755714065 0.3844880058810768 0
0.6730828445115796 0.3766998054511241 0
0.6820255496246089 0.3766930882984528 0
0.6866176759031203 0.3844445463714837 0
0.6910017667480084 0.3765271304312835 0
0.6952465853789278 0.3686529203742139 0
0.6999476302501253 0.376293178103119 0
0.6955938260061215 0.3842405707394453 0
0.7045416542717678 0.3841305425933763 0
0.7091029412833876 0.3920188468424545 0
0.7133238134491725 0.3842552373412531 0
0.3930572457069239 0.4581550892205373 0
0.5835233313482455 0.3922668220828012 0
0.5790402633152241 0.3845248922055085 0
0.5701393460753922 0.3844955786954384 0
0.5745842106903055 0.3766697356767604 0
0.5656365194261874 0.3767174802807927 0
0.5612160826385799 0.3845040321710469 0
0.5566597597810166 0.37684176997997 0
0.5834612390847312 0.376622696975175 0
0.5699862318598607 0.3687988257760136 0
0.55203716932031 0.3689604140406313 0
0.5476458792703275 0.3768757203644703 0
0.5386201058955121 0.3767351160707965 0
0.5431377436952302 0.3845675970970353 0
0.534003298887785 0.3690123011195562 0
0.5295658031467321 0.3766204349868549 0
0.5205907618677383 0.3765832977496393 0
0.5252060813632321 0.384346350550211 0
0.5160882288614281 0.3687951752633294 0
0.5115640338592851 0.3763954579597951 0
0.3922439614123744 0.5388079732462123 0
0.3844896957453444 0.5343287234682852 0
0.3844897331206979 0.5253740292470466 0
0.3759119402148104 0.5303605223806117 0
0.3767473358736946 0.5207004834146194 0
0.3768931998264123 0.5396115206435155 0
0.3844918332824055 0.5163861022151832 0
0.3767346319102131 0.5119435148432251 0
0.3845086743077365 0.5434647814987661 0
0.3922447830862704 0.5029850392340083 0
0.3849146090759066 0.4985082084698771 0
0.3852379255132812 0.4897893605421744 0
0.3925595854849098 0.485444125760072 0
0.3910703621918026 0.4761820414425283 0
0.3845604943998568 0.5074587340886709 0
0.3766926108750414 0.5017866050956373 0
0.690640962252374 0.3453527575276071 0
0.5654384359541698 0.2062960896071865 0
0.5610487678692038 0.1985827411776071 0
0.2967023233223032 0.4538119975669121 0
0.1138419844075347 0.1831510701918911 0
0.1093760214355139 0.1754150333385496 0
0.1138421768141586 0.1676795743294808 0
0.1093762503118645 0.1599440953611672 0
0.3059810342900202 0.113469507024607 0
0.3015071303106315 0.1057326239307573 0
0.2970438951500111 0.113469983721878 0
0.9585281511650766 0.06715305061597002 0
0.3238742518213679 0.1289783111173837 0
0.9586294448261017 0.2987969147492957 0
0.06025902645618334 0.2295446314076473 0
0.05132841178022394 0.2295435742564879 0
0.04681160279958686 0.500384762354205 0
0.06472141357951948 0.2682202071961781 0
0.2791746239079449 0.1134704252097019 0
0.2836392065144617 0.1057336857276415 0
0.01465479244450574 0.4467488046529305 0
0.2836429915427554 0.260526803048823 0
0.2791712191527887 0.2682701583426254 0
0.2836415479794896 0.27601434822828 0
0.0602533583161247 0.2914250545475682 0
0.2389440297068935 0.04385572052514051 0
0.341841828233785 0.252767432016117 0
0.08268123971059628 0.624486604476794 0
0.2836504998117505 0.2140757320355104 0
0.2881141020200505 0.2063347544362441 0
0.3548523415558155 0.4150441162851675 0
0.8203657273013337 0.3530353554178121 0
0.2385970695782263 0.6010276737995827 0
0.1810954434445984 0.3768883161665394 0
0.2531866651512827 0.02093351208068635 0
0.2438702011515587 0.02115443801801315 0
0.6999320408649746 0.02120113726468001 0
0.7086332088245101 0.02112899631243178 0
0.7133357811008416 0.01427583376123131 0
0.1672339359608144 0.9105090236038944 0
0.2743518144235157 0.508066622883696 0
0.2389676548964538 0.2760152083131188 0
0.2345819616803801 0.2838725024374938 0
0.1452369467339439 0.5935661433837796 0
0.08258114053999412 0.1908819948613601 0
0.212232478893822 0.276129815955753 0
0.3597792366769344 0.2527956348232707 0
0.136174514822693 0.2373049795819661 0
0.1272405180831621 0.237295776597209 0
0.1853309589654409 0.07480197976907013 0
0.2747112858304875 0.2140760262463813 0
0.864921800181143 0.2911019728718509 0
0.1719350345919483 0.09803231307591122 0
0.1897444792136188 0.02107588109528272 0
0.1808152236332577 0.02089619016449345 0
0.1949818761957738 0.0142018504774179 0
0.1763506903871179 0.02848691013068739 0
0.1718860461318681 0.02105540835675208 0
0.1674210869606861 0.02851878623248455 0
0.1629564917305752 0.02109245362413596 0
0.1681946186717999 0.0142108021062311 0
0.1540268322584969 0.02089888058919564 0
0.3102816254626383 0.3686094006401816 0
0.7086391754629264 0.1135253958981364 0
0.265770844513774 0.1985939964851185 0
0.350261439097271 0.484609292449054 0
0.1808155083945725 0.03619643529953798 0
0.06478648611095605 0.6863584029235069 0
0.2609226887893622 0.4693281253561163 0
0.1183447577805141 0.7327922119171265 0
0.1406617675080493 0.1831282388702201 0
0.1182969498113391 0.3301741536968856 0
0.2657745593562759 0.2760094198009737 0
0.1272416006661724 0.2218286176271735 0
0.2076849958047085 0.1753776669626604 0
0.3457952835653654 0.5078008940802847 0
0.02000086720598196 0.1906792211941083 0
0.01322336469288612 0.1837164345219582 0
0.01848873472426236 0.175705660482262 0
0.009066161725924652 0.1750984543814033 0
0.09159754661396467 0.6554351034980864 0
0.08266573464765682 0.6554300580328887 0
0.06926413602418974 0.6631575796047142 0
0.05579409945387891 0.2218096867639395 0
0.1049181356856146 0.2604852788226535 0
0.3328057479363337 0.1598884996533347 0
0.05132996714912007 0.1986069255244792 0
0.0468647821578373 0.1908734942765718 0
0.02028078855634104 0.2220793811757762 0
0.3056552095691887 0.4693097246131244 0
0.6238399935205825 0.1676714794093618 0
0.3592085000043658 0.469102184773207 0
0.7040643901229006 0.3375952541328038 0
0.6773184500447071 0.3687678586647135 0
0.5071195928179604 0.3376603560841274 0
0.7934486208685496 0.04396082155559415 0
0.1183075046836752 0.2063553671890103 0
0.3599969306888632 0.1909151998142565 0
0.7264474007918141 0.02089260751217503 0
0.0290236072450626 0.4229488061718337 0
0.05144234864598356 0.5393479083318589 0
0.0380121936011457 0.5470151131431816 0
0.2121687399006202 0.09026492518979141 0
0.3015548084359544 0.3534687837924881 0
0.2253117914392985 0.9337293567576824 0
0.2877761473235854 0.5313036909878455 0
0.1138400374922734 0.1367400258262055 0
0.08269619962775594 0.5935400209842472 0
0.06929300197114023 0.6012684274145192 0
0.1629560247156542 0.03620280466314572 0
0.06468597497186582 0.4075526854765248 0
0.2434291749205659 0.206335011938976 0
0.238960664763812 0.2140714259543753 0
0.2344926229897482 0.2063319570208592 0
0.1004475718728736 0.2218084176122594 0
0.2922452877822785 0.5080606682479145 0
0.1450966731537567 0.05166053995854278 0
0.03341991593350856 0.4462308704605056 0
0.6593854172494864 0.3687841755263592 0
0.1897665172696174 0.6090531434762954 0
0.1853034949497466 0.601303491579664 0
0.1897749835192309 0.5935282635884869 0
0.03793878279798735 0.05167124765536569 0
0.8381070437358535 0.1367396688448729 0
0.02900429592634821 0.4540334395423516 0
0.2076035096900517 0.02107951679261271 0
0.03347231634176125 0.2759591060271259 0
0.1361666486904025 0.06712877338038724 0
0.4003508469883075 0.1676476480945562 0
0.391418712110239 0.1676217105373776 0
0.04237980364922401 0.3687761437306213 0
0.04681160344639071 0.4849126440328687 0
0.1361665293265583 0.02089698359719584 0
0.7353618329127081 0.02104415082013114 0
0.7399157014954694 0.01381881557853706 0
0.1495984233106438 0.1986002081074354 0
0.1540662650005061 0.2063373179917906 0
0.1630083758356851 0.2063289549540457 0
0.1585416093055297 0.2140718604237823 0
0.1540804877028151 0.2218190780846978 0
0.1674768871998029 0.2140654739255028 0
0.05133133732129118 0.1367346692311767 0
0.1629976594496443 0.1444432442902917 0
0.1719459597157126 0.1753783164985981 0
0.1585356130209989 0.1676447667270449 0
0.1004519272929342 0.2527489964626044 0
0.9006417132693502 0.3065271725314542 0
0.03802016688295168 0.6244581025066288 0
0.19428385432802 0.16763955589507 0
0.06026095714961206 0.1212680322848957 0
0.0513309718036883 0.1212683541714636 0
0.1541814052406769 0.5780927339311756 0
0.2258028440194453 0.3614223435361325 0
0.5344423979767324 0.1676680442536465 0
0.3368983066313371 0.7558182491623677 0
0.08263518463170544 0.7173038497160227 0
0.07818137593117783 0.7250159294766583 0
0.2168761522729067 0.3304493708402262 0
0.6910589567617159 0.3922180276734344 0
0.3922446605035024 0.6462684629327349 0
0.5567422603765599 0.3922773479510715 0
0.3922446605034433 0.7089550300968391 0
0.3922344800727449 0.5567398427393075 0
0.6283834822772945 0.3923519061132127 0
0.3922363381358195 0.6194201814244943 0
0.3922682532621725 0.4402987788361067 0
0.3829994742199313 0.4453582902537227 0
0.3845875165009254 0.4357310507959982 0
0.3922719184050488 0.4313409506144407 0
0.3850053861758678 0.4269021324159908 0
0.3852851576211176 0.417996452232424 0
0.02007960643317383 0.1289979513960618 0
0.01194997071470848 0.1290545003130375 0
0.03799259456948881 0.6863495845064682 0
0.2925808069575916 0.2760169892576305 0
0.2211020940132148 0.1057357331539338 0
0.2970452684807077 0.1444204724609782 0
0.3413268444371524 0.5155544014697617 0
0.04705817254865191 0.9489960300437945 0
0.06472590748613025 0.1135342672238196 0
0.1317661662102512 0.6786608125052728 0
0.1272987057303301 0.6863959654953049 0
0.1317606061100161 0.6941327029676314 0
0.5474075777691613 0.3454068764623265 0
0.8111725960927313 0.02859695073771313 0
0.8157379497542407 0.03630907967863953 0
0.8024102269734248 0.1831261830287767 0
0.8068767805810946 0.1908516023306199 0
0.007784685749051813 0.8079170240658686 0
0.01543848018158594 0.8126124744160707 0
0.0153448528142655 0.821876330032115 0
0.007711759460361655 0.8262636980256423 0
0.2832936811069812 0.4925644771919707 0
0.2788209866149232 0.5003131536316721 0
0.08258231088972776 0.1599444657234518 0
0.4179564280580657 0.2295475802478852 0
0.05131629806581786 0.3378354124029977 0
0.09158143459033677 0.6863752773892566 0
0.08258549988840143 0.0980667580737942 0
0.08705033624694176 0.09033291632874915 0
0.09598080504054957 0.09033230266318422 0
0.09151552651076124 0.08259888714941807 0
0.08258527645652455 0.08259960887037049 0
0.1984075617224655 0.9645185134623022 0
0.04251045007564713 0.5548127665972102 0
0.0290165198170849 0.2991434337652529 0
0.02480754443179737 0.0748077271158319 0
0.1227178828278867 0.8796155848315166 0
0.06472310268533672 0.2527493918595889 0
0.05579593026511702 0.0980670386856273 0
0.62822954358011 0.113517882615543 0
0.2341167173587125 0.531313899183899 0
0.9006048709915595 0.2755967878053501 0
0.3690666192341391 0.1289727425471573 0
0.2389611771217129 0.1985944330657373 0
0.09151048714681817 0.2063554550484303 0
0.09151381379839368 0.05166590212804612 0
0.08704905357885635 0.05940011755075635 0
0.09151754675503325 0.06713190172444931 0
0.8425692291093438 0.1290122949286404 0
0.07365790763401232 0.02073277899932072 0
0.7666357779025026 0.04394808788893811 0
0.03357847951611054 0.6012422623367097 0
0.7534020770010006 0.02099996429358483 0
0.08717427618360366 0.5703323111741181 0
0.08258154375773909 0.1754144988998221 0
0.1897705086838895 0.5315925057796842 0
0.1853065127018701 0.5393316341745285 0
0.1897480082581445 0.547074971305832 0
0.3960165852025846 0.06713980944243819 0
0.1897700716459083 0.5780419812061455 0
0.06932849427754335 0.8486445901139646 0
0.06930814419179478 0.5703251430169876 0
0.2210920130257071 0.2140655625967453 0
0.1272365266913575 0.06712929622433603 0
0.3647419820506955 0.04392663620904533 0
0.09598236365359081 0.0284705205651372 0
0.2970801060741777 0.3302273220886743 0
0.3548550836980928 0.4305496887058107 0
0.02913129248626237 0.7482477381679942 0
0.02468485173027467 0.755982448952349 0
0.01530095711435527 0.7571056242976093 0
0.02065401788881482 0.7640927592662683 0
0.02485519658642586 0.7714072467390155 0
0.02074002232953401 0.7788108329234557 0
0.04240175435784733 0.05940283896056376 0
0.100424223245744 0.3766016199774521 0
0.6820997284302798 0.3922325611379086 0
0.1183065528242021 0.05166238275382907 0
0.1093765488519566 0.0825975751414499 0
0.1004462310355588 0.08259828921317264 0
0.2385963736958178 0.4771218258844573 0
0.2297753882859527 0.4771435952983664 0
0.319448048671136 0.3534704472539551 0
0.1541315977280006 0.6554786705491106 0
0.05578684782580156 0.2991595942589222 0
0.1674784023754749 0.1831154070203398 0
0.2210870768664998 0.1521634010644884 0
0.7354396182989259 0.05169485483995084 0
0.2519973451462768 0.8099984933266011 0
0.1317054510118499 0.1212676802267068 0
0.1361700683333021 0.1135328422199141 0
0.2613056119016763 0.2682692508143846 0
0.1853468960942782 0.1521668851698082 0
0.1317017086637771 0.05939519043949168 0
0.3059799813666538 0.1753760335262537 0
0.02466928326940598 0.105842760213909 0
0.01527805716861303 0.1064074946004529 0
0.08715936610752045 0.6012795289195808 0
0.8916453035053886 0.09037926132800939 0
0.337341602284039 0.3534366618952819 0
0.08701238490358482 0.4617174927549277 0
0.02441340950222544 0.2141961732994763 0
0.1183080298793464 0.03620485237803918 0
0.09156462990532052 0.7173112173403149 0
0.5656721240176387 0.3922448270362577 0
0.06927947123125183 0.6322163718000932 0
0.2881285432929303 0.3147343332917067 0
0.08714379896044257 0.6322252852383394 0
0.06480192973988314 0.6554196093560649 0
0.02908313817684905 0.03621164210316252 0
0.06026009903693567 0.04393558855604068 0
0.3922451646766336 0.5208904394478688 0
0.05133274760074015 0.0285552381744558 0
0.03356995719726274 0.6630951239683454 0
0.1315922919371597 0.941335045947066 0
0.1004462484404097 0.09806595210397084 0
0.2523656286713026 0.1598988492863302 0
0.4534077331269034 0.2756974880705729 0
0.8960931807926342 0.1290311160487962 0
0.1004496334319694 0.2836955021653164 0
0.7713674179798798 0.02120389892477001 0
0.4399864749552301 0.3144265992222554 0
0.2523694983410669 0.08252675231881458 0
0.8470350084552003 0.09036014572352631 0
0.1497290003268334 0.5084586055329361 0
0.2342152958486263 0.9645546196409223 0
0.04686648117236264 0.08260103267180596 0
0.113924530717844 0.6631841606846228 0
0.0513296942697287 0.1522038072896993 0
0.1674410881535887 0.7560171064072129 0
0.3323552456830475 0.887473490558339 0
0.8113333396479467 0.05943594594222812 0
0.3015181640824365 0.3070003346441285 0
0.007613630783026199 0.02290889011408129 0
0.02179554662970604 0.007245790562777995 0
0.0659756855813458 0.007436928817292203 0
0.00728036513620897 0.04892290359328115 0
0.007637307515171542 0.06585138959136072 0
0.0838282002566635 0.00744042030991875 0
0.1016870909227711 0.007389611468204734 0
0.1463375069125401 0.007384633543767361 0
0.007306543164200166 0.1472081934479511 0
0.1183206857568905 0.810097004973538 0
0.109374773256381 0.2063561105166512 0
0.1585441000180282 0.7096157793378068 0
0.1674674256770528 0.7096256964643406 0
0.1719286345024695 0.7019003431415678 0
0.163001925161047 0.7173532248337514 0
0.07812026296142249 0.0903334621804667 0
0.1361849885083944 0.1908760769440027 0
0.2434382197971103 0.06705642942553758 0
0.5702007926982784 0.167671970805519 0
0.7889527085382361 0.0208979426968061 0
0.08705010329954957 0.1212681743852905 0
0.1764085261174104 0.229544091530947 0
0.1674656803749359 0.2295518483755707 0
0.2300382747565449 0.1057332942150317 0
0.336887779750292 0.7403199778215848 0
0.6325155729436303 0.2140099482331015 0
0.2747127974501417 0.2450410004117097 0
0.1451219647531576 0.2063481492839322 0
0.1900499687090789 0.345921620650154 0
0.5832222793136417 0.3453898586273842 0
0.007552841836300686 0.0849921091568826 0
0.3333451373788806 0.03613569826032653 0
0.05586193658416862 0.670883010974579 0
0.2032156092476293 0.1212197031214823 0
0.1004227987003856 0.3920784262428691 0
0.3458971443716585 0.3840464303127858 0
0.5205289637845831 0.2989053394990471 0
0.1049094368953879 0.1831512711513382 0
0.3199433928235745 0.04386730790992576 0
0.5430838855981366 0.2140150569677714 0
0.1049119380665785 0.1212679620979659 0
0.3149349245008496 0.2992546421961982 0
0.1674743340077946 0.6941591946713827 0
0.6279794690104996 0.3453843346806045 0
0.06925016509262637 0.6940966910245849 0
0.8425788551876772 0.03625547206925439 0
0.4894220326135607 0.2140114563126929 0
0.2613509270293516 0.05159092680031855 0
0.6414593981871304 0.2140138214935558 0
0.7665171164044341 0.2755600001980494 0
0.08711245397627514 0.6941076306437783 0
0.07824802528167256 0.5548540122943283 0
0.2613015849936007 0.1289468716017259 0
0.8470379863881506 0.3220072132601702 0
0.538419518848929 0.2834018429478319 0
0.08264974113332642 0.6863699946188145 0
0.1674203212461765 0.05939093488193474 0
0.07817982589426889 0.925889510890775 0
0.1317036547857405 0.1057986790248241 0
0.2653973662839865 0.477071686871734 0
0.08712800527954395 0.6631681187908703 0
0.1227731058886619 0.1057991345613202 0
0.2300660212127609 0.2760999345778467 0
0.03351863326739402 0.7250172589223001 0
0.4623559149671468 0.3066707981245194 0
0.1898145532676422 0.1908535172513355 0
0.1897272172478553 0.7019053855088015 0
0.06472451357833306 0.0671348064343805 0
0.2613022699287859 0.1908544543707781 0
0.1627919281864661 0.8719313382109145 0
0.08701416384159068 0.4462405722850025 0
0.6417226235936699 0.1676727655385096 0
0.1271400083065339 0.964449526841941 0
0.3824777329047049 0.1057656877001469 0
0.4401865668348367 0.2527003762559554 0
0.4491764558193889 0.2372004471864307 0
0.04240193471395109 0.09033372975055332 0
0.279167405885855 0.09799810664327131 0
0.3235572401633325 0.4848038340060765 0
0.0423996302862123 0.198607099680046 0
0.2386172981146515 0.74038505611758 0
0.04685250524018174 0.3455712502740698 0
0.368724310376936 0.5159324602964378 0
0.2077007019521686 0.08253053416078739 0
0.154073200030986 0.7173468796965323 0
0.2124089808866255 0.32270557262368 0
0.2702347693249889 0.1134720798312227 0
0.1317025618887772 0.09033049058888892 0
0.3869386760798841 0.17539998289623 0
0.2213054885407781 0.2917445714937413 0
0.7800894836248139 0.1135364620375844 0
0.3523772173151911 0.007223048542115801 0
0.3344829804065307 0.007185023505514595 0
0.9050555640958966 0.2678670638188642 0
0.9050697016606163 0.2833192663899902 0
0.06483062803465438 0.5935296179825228 0
0.1451269742392907 0.7482726496198511 0
0.2386153075265479 0.7094310843726184 0
0.05579003545177922 0.2682196712242659 0
0.4177924269078455 0.2914132248719735 0
0.1495654263019194 0.1057977196609273 0
0.4138810064976827 0.05167069954681476 0
0.498683147298371 0.1676602570441299 0
0.2121525495376383 0.1985919369766668 0
0.08258744365273762 0.2372785132648561 0
0.3601963440687001 0.5766998882384826 0
0.36027613964965 0.0671111935528492 0
0.05588995881769124 0.608994064846232 0
0.1406319640033167 0.04392722824863554 0
0.8425755916972336 0.0671688667713865 0
0.07361056922025425 0.4694470909081467 0
0.05131442530115915 0.3533060332657648 0
0.399962082320153 0.322457712357415 0
0.3585026312257365 0.5619777965664541 0
0.3915203911991598 0.0903331841861803 0
0.007426274778485087 0.4868375472088804 0
0.5044642857129852 0.007732369676641307 0
0.00766798502402115 0.6562835833012322 0
0.0150558261854304 0.6522032711663386 0
0.007453835688410568 0.4680705848230942 0
0.6383856994469888 0.00751002275833021 0
0.007332081783335121 0.3170833924468709 0
0.7807015556622728 0.0073074764537753 0
0.0072769553987483 0.3793238753531742 0
0.00745406921081525 0.2547740598793119 0
0.007317740563364439 0.6117622231835381 0
0.6919642857134756 0.007732369676665802 0
0.5490997220232882 0.007509192173235123 0
0.007467589619623593 0.5492064657191016 0
0.7633094003039127 0.00698876274811228 0
0.6741071428562843 0.007732369676664968 0
0.007668995634654795 0.5948129513784509 0
0.2450517310608149 0.00727641985805655 0
0.008396886524989162 0.7717790536599505 0
0.5669642857131459 0.007732369676663839 0
0.6562499999990929 0.007732369676666588 0
0.009326265966777809 0.700880015900608 0
0.2633910813578219 0.007452435709490205 0
0.4508851463087702 0.007508293458002366 0
0.4866071428558649 0.007732369676625221 0
0.00730861581454672 0.6741068526798977 0
0.007641327566028482 0.7187929018484277 0
0.01546518554379033 0.7142857142863068 0
0.00759660109773142 0.7814691492864752 0
0.007285563134806605 0.6830200160630394 0
0.4687499999987736 0.007732369676622791 0
0.007619706707597144 0.6384595551869952 0
0.007584439575052284 0.5756789122687387 0
0.007629400628250159 0.5301017752210356 0
0.00729279923978942 0.5130966510654114 0
0.1898290491910413 0.09800682210993666 0
0.3011615764998897 0.3995666008879514 0
0.4088822599393244 0.3069153029309395 0
0.3602113983023625 0.6092487802139835 0
0.2300246751321046 0.1985929179670602 0
0.2386107445046672 0.6784689714699199 0
0.8113343506864554 0.09035759999446971 0
0.1093775684855099 0.03621383578717864 0
0.3279963988191772 0.3840525122563552 0
0.1048932104435757 0.353389528767453 0
0.1987503431240175 0.1289551326409088 0
0.203226871032046 0.1366856513863414 0
0.189814815123565 0.1444294747891489 0
0.08705178454639137 0.07486515436092558 0
0.2258168664688407 0.330453159674715 0
0.1495790795558238 0.7714682161934558 0
0.03804631153068473 0.5780461115025803 0
0.0379246378590411 0.314628249232468 0
0.3602494778994679 0.6388526325650966 0
0.09156843967116603 0.7482329619203237 0
0.3588768265406126 0.6240713552201712 0
0.6864221944224627 0.167675476527248 0
0.8202578579045622 0.1212753897082044 0
0.1987519567064703 0.1444271403765112 0
0.2345070502682142 0.06705609995953941 0
0.1361721374877129 0.144472321887171 0
0.06918945212103654 0.07486765489324554 0
0.2386046609545063 0.6474987677221614 0
0.1541562179147512 0.6245271412356715 0
0.302061495628322 0.05929194906104707 0
0.3585181085754481 0.6861599064999944 0
0.07365554789989369 0.2063420978190669 0
0.2385977928995628 0.6165215664507769 0
0.05132205595126799 0.2914239330349419 0
0.03788247853865453 0.5158589849213463 0
0.3909879490878356 0.276011935461419 0
0.1896915730064057 0.7792236899853678 0
0.04238805660782499 0.337835478909478 0
0.2698757592792707 0.5313045956088811 0
0.2609432780832446 0.5468050019368205 0
0.2832784159993577 0.4460725207145327 0
0.06914225559037014 0.477182775952195 0
0.1094342849094887 0.7018540334926456 0
0.8247222970533625 0.05170614422258937 0
0.3015130631660939 0.136682100135703 0
0.08258447547978061 0.2836923497830006 0
0.04686366624317376 0.2218083263495738 0
0.06484561299171561 0.5625880676040016 0
0.283643666401721 0.1366818108412431 0
0.9094791030067471 0.1829857833182404 0
0.243047118134821 0.5158233341544665 0
0.0691806088554463 0.3223692392577175 0
0.2654064497753466 0.5080705961459641 0
0.08254594870661015 0.4539760146551713 0
0.5160607570479612 0.3221559862290648 0
0.4003523005198797 0.2296047063152395 0
0.3602968088916111 0.701023573256932 0
0.1183129197931727 0.2991722246350658 0
0.2211052736850242 0.09026292167577105 0
0.1406331920844383 0.0903298209150655 0
0.2564556267103717 0.4925801475782681 0
0.2385835940681399 0.5545548996872005 0
0.3601649348671495 0.6713751868199466 0
0.5791401310110993 0.1676704390800419 0
0.4757941565269417 0.3454153085087255 0
0.1900637299552229 0.3149551774054168 0
0.3368636623082871 0.5543099782889367 0
0.2032183329492994 0.1676394041263983 0
0.2434089491150682 0.0361271887683883 0
0.1093893410197914 0.7946319200251885 0
0.09595650413266482 0.3843388103626737 0
0.287760111815864 0.4693175282352795 0
0.1138195344080324 0.430769151810201 0
0.1095187472017171 0.5471302958242923 0
0.4312952745836374 0.2063047739296634 0
0.426918549263257 0.1985872120726627 0
0.1049096072639215 0.1676804036688704 0
0.05128452376844801 0.4307612085703824 0
0.3413321521441417 0.531056952066375 0
0.1095047976959878 0.5780799152517981 0
0.1316977095660044 0.3998202028920412 0
0.8202599244450204 0.05943700365106822 0
0.1094888873651726 0.6090275818329642 0
0.1184229713617086 0.609032069615929 0
0.3685966242973258 0.2682719050761164 0
0.1764539534084182 0.2760921328449011 0
0.03817205876178259 0.9335454755497932 0
0.04705910188840516 0.9335727604594495 0
0.3601284738642527 0.1134839318473901 0
0.1317009773260471 0.3688866231101456 0
0.2653928800272937 0.4615776747056475 0
0.1182909613612105 0.4075563900353663 0
0.2386155386690519 0.786799543784914 0
0.3913992437904092 0.1367018366553792 0
0.431042338143363 0.3144339588552578 0
0.7934797618500633 0.07489547259976796 0
0.1361824516820189 0.3456768194646583 0
0.047065675657144 0.763610027932382 0
0.3585918192581044 0.7482643216455107 0
0.2120629428455096 0.4928455770697017 0
0.7711229743586629 0.2371904907278047 0
0.8428005618854526 0.02136088723875267 0
0.4092761472429045 0.1367101280553615 0
0.2434090493950605 0.4386673828830019 0
0.3374264547875007 0.2450252468922424 0
0.3374359214360331 0.2295795322563637 0
0.1721650103828 0.3613913278756699 0
0.1766378113634971 0.3536542764247884 0
0.2121622942123114 0.1366842605154485 0
0.2926011758813014 0.3534025479206662 0
0.1763505320394434 0.05938148433333403 0
0.7532457600952066 0.2371945497815345 0
0.2344649475912413 0.4541559940934381 0
0.1764551515423795 0.6477704124100467 0
0.4138722824826629 0.08259939903378105 0
0.0870522340187222 0.2604861923076224 0
0.3283229391513154 0.1831120823019008 0
0.2835906245157884 0.3689097356233766 0
0.4183451387808513 0.07486778310377122 0
0.3870866886009089 0.0516682400052236 0
0.07811974035054553 0.07486690682526251 0
0.9139600902923815 0.2524135062390873 0
0.06490740688950533 0.7790814069448332 0
0.5966659966221665 0.3687315233032706 0
0.2609222720530265 0.9491835359776912 0
0.1855839305878176 0.3381757345803275 0
0.2523535532579145 0.4231780110483638 0
0.05579641816537247 0.1135339168820785 0
0.06914286192273078 0.4926533229963899 0
0.8692675573810487 0.03634742791670197 0
0.4362111179554515 0.07487862794999804 0
0.2612478948920283 0.4076546137021433 0
0.8247223082832057 0.09808816990998111 0
0.4539566753817592 0.1367105562688752 0
0.61902738730794 0.3453828316583336 0
0.2657744428669062 0.2605262978297921 0
0.3193840334868246 0.1521585482407575 0
0.4718290435148463 0.1367204139615974 0
0.4540759918756161 0.07487992808622701 0
0.8693389786177079 0.2371937448911557 0
0.5071000191951511 0.2756629945075418 0
0.5699097839657425 0.214011147090895 0
0.1227819253144255 0.275960394773242 0
0.3586611738981242 0.7328304943790436 0
0.4719409768209211 0.07488120178800992 0
0.09592458674500703 0.5081647518344758 0
0.4268419264305865 0.2295103699069028 0
0.1273654818237686 0.5935626829104613 0
0.7443535136089637 0.3453414930120848 0
0.4047736589752114 0.1908704516768635 0
0.489705541608241 0.1367063968873962 0
0.3056396968870128 0.4228066919740723 0
0.8157954326994264 0.08262837495435438 0
0.8291839430678154 0.1058181330735863 0
0.7220420835566934 0.07489217020143732 0
0.8470415561789888 0.04397965929015192 0
0.4898060356531511 0.07488244180491962 0
0.3324967188517379 0.4538009963081988 0
0.4094147244658687 0.04393472111773902 0
0.5076710969607936 0.07487977511255607 0
0.8649029448538236 0.3374859591081154 0
0.8649071762781586 0.3220062644766614 0
0.1805943658212451 0.9028049460374294 0
0.04239805912682468 0.2295424351111052 0
0.1676137830721417 0.5239304536172252 0
0.4444661804603591 0.337677372486095 0
0.1811245494720559 0.3149516006676861 0
0.3015125895099536 0.1676366858396098 0
0.5523337336124078 0.07488202042248558 0
0.5701989081071337 0.07488467096656123 0
0.1094713853190654 0.6399732900609331 0
0.1182819711863747 0.4539844658667738 0
0.1987503181462909 0.2372896800776693 0
0.1363263331136207 0.547142166481021 0
0.1094527269462636 0.670916018692495 0
0.08271288270800857 0.84092827464936 0
0.1939955109042704 0.9259690185320262 0
0.6416572258116595 0.07488514719886952 0
0.6595218850045286 0.07488852760107506 0
0.7041797583471339 0.07489136197826644 0
0.1763586846066643 0.7560282294297691 0
0.6548737208415328 0.2372042926170431 0
0.1182462207432167 0.9181954188405629 0
0.122776807669755 0.8178315495556566 0
0.2213362099862786 0.3536791363962721 0
0.08255004642780865 0.4230300539162058 0
0.6190998618504446 0.2372393809663853 0
0.6369866419009982 0.2372385367840011 0
0.6012126658654234 0.2372083268406889 0
0.1452512241041056 0.4852398736698957 0
0.5115804007095761 0.2989080561157131 0
0.5071118014292368 0.3221585563034421 0
0.5115763003180156 0.2679152515281971 0
0.3730702024111381 0.2915096928037351 0
0.2166224824328468 0.2372839262406277 0
0.1586194302955584 0.6322684400764054 0
0.2029035180894978 0.9105505732070434 0
0.5384301022645702 0.3143989332511209 0
0.07381299876757653 0.7790964012044832 0
0.556495415401143 0.2372187648416956 0
0.3844976335599507 0.7671676047215765 0
0.5386104909269765 0.2372430520888241 0
0.2791817279319297 0.2372989030908058 0
0.520724319045226 0.237243827880975 0
0.305999607650367 0.2372999168662628 0
0.3238873728301199 0.2218187158714296 0
0.4668437069866946 0.3454167776197565 0
0.5028369573387563 0.2372142995113124 0
0.3600753311301648 0.2218551833810296 0
0.3676901995161013 0.5003959698588989 0
0.4399937132090922 0.3454289912878413 0
0.1850072703062247 0.9568135277474732 0
0.3604688675086164 0.5470999048203774 0
0.1852835774260517 0.4773875045859659 0
0.2168817243718527 0.3149657289646173 0
0.04686677663078249 0.09806662256955126 0
0.7754623740974458 0.2755581158242995 0
0.04239228591181626 0.1831417535396037 0
0.3779843716950316 0.2373064269890782 0
0.1944541049933036 0.4000923389823685 0
0.1406913841823241 0.6941366709161259 0
0.3824672903152083 0.1986335710996635 0
0.6149005712567527 0.1676713920044146 0
0.3780070292551106 0.1599083241285057 0
0.1586643447493669 0.5548907725259143 0
0.6816895847347847 0.3453576266587788 0
0.2436463979213287 0.3459082169289021 0
0.1721018453540112 0.4387987051272936 0
0.1361969656921287 0.748268326399011 0
0.1317530497958966 0.7096004253124844 0
0.32385553155442 0.1598958182819955 0
0.3149364045713122 0.2837633859834851 0
0.1631821677792127 0.4542918773523613 0
0.02935704876253947 0.8097590888277875 0
0.04234494937346765 0.4926468734550341 0
0.1542369464715748 0.4697677714621802 0
0.922969138764461 0.3142579408276803 0
0.9185098613443931 0.3065287977995084 0
0.7221781459016718 0.1676780408072292 0
0.1629919804564868 0.7328189644113435 0
0.08274004790659131 0.8100147919938754 0
0.04686220905757318 0.2372777141422964 0
0.09148444103737542 0.4230308345935482 0
0.01575441248129116 0.7240721601028598 0
0.4581211813432992 0.2371958316908576 0
0.3324802552538649 0.4072998120341949 0
0.1272459465119727 0.7791848115184613 0
0.1111107194939222 0.9926028339437467 0
0.4802655778325976 0.3531425447261491 0
0.1094149246113387 0.732786696431555 0
0.3372938244630053 0.2760184282450316 0
0.1184561209682689 0.5316541268451864 0
0.140788827990508 0.4929865029621892 0
0.8648749225911813 0.2140231680419649 0
0.1049086701751731 0.1522110099745652 0
0.04240221726813567 0.1212654434633149 0
0.113893960607601 0.7095903273798989 0
0.04704984151428625 0.794532024035734 0
0.4981685322069545 0.3376633080940857 0
0.3503779073939737 0.4072946792817443 0
0.3325268124751087 0.3763167590497429 0
0.1942233784051958 0.477385988324079 0
0.3372946468122358 0.3070014553278987 0
0.2252235594831352 0.8099944657898117 0
0.1675919929695369 0.5394041196588041 0
0.8876887981021105 0.03661884622333357 0
0.140637117071525 0.1522020866280737 0
0.1853468970493379 0.198590953870291 0
0.01572429540823701 0.6618086067279186 0
0.01539828518356217 0.9105592322643419 0
0.1138425088795706 0.1522094014847451 0
0.8426492549157676 0.3762480557468075 0
0.3056262001571592 0.8256053765722332 0
0.1361669258735864 0.05166107642580575 0
0.931865091236507 0.2988013966223832 0
0.06021673230976197 0.4307624365133036 0
0.4847362797888868 0.3144145107554668 0
0.5518359251694422 0.2756480793027525 0
0.9274506258606262 0.3374420929691269 0
0.08709718638552354 0.7250421770475496 0
0.8916858140007919 0.291053735210648 0
0.100446767777898 0.06713059178418447 0
0.2475681888688475 0.9414558487426783 0
0.2654146182920288 0.9106076119392172 0
0.04254974036429415 0.879532150008271 0
0.04686662640377815 0.1290000352430648 0
0.07381629601486825 0.8100083632664024 0
0.824632761556777 0.2832956292734413 0
0.09598505198169893 0.2604866018430514 0
0.1720104171954896 0.5935754189946389 0
0.1362930931830967 0.6090406305142623 0
0.6055983242834467 0.337627105945067 0
0.09598268302638081 0.291430925614261 0
0.1093378919577142 0.9336193840507506 0
0.03791861629649221 0.3610393973677102 0
0.2564617162818926 0.9568884867529796 0
0.234134693358 0.608771234772718 0
0.3324186516157616 0.7480686841539557 0
0.1361683500201117 0.09806428818318538 0
0.2475931096112333 0.9105993624233643 0
0.3279930725975906 0.4770316510534807 0
0.8024073830315315 0.1212716063682787 0
0.6774843309445776 0.167675178211248 0
0.4313400969952338 0.3922404510804858 0
0.05132882486298152 0.1831399456774686 0
0.9452322057699141 0.2602057673115201 0
0.04686698595789086 0.1444684721645968 0
0.1630993672194681 0.6090547222876876 0
0.1139599859758157 0.6012931842930763 0
0.1766304867467461 0.3691417582714382 0
0.07824670637027331 0.8486518913507438 0
0.945275501963541 0.3219654548811638 0
0.09151699072705821 0.2836933817513912 0
0.2168621506490504 0.3614156966760538 0
0.8381066719940962 0.2294781089531883 0
0.4272771027233716 0.04393555021223865 0
0.297043738090586 0.1753763590462102 0
0.09598157666961074 0.07486480207270715 0
0.3283487055300962 0.2295571967671455 0
0.06032409953489013 0.6786206836968061 0
0.5607822577493471 0.2756447117040643 0
0.0825693703422114 0.3301268954231169 0
0.292230923747255 0.4615666030980823 0
0.3826204763288416 0.05940255439682385 0
0.09333333333359303 0.9923019964107858 0
0.9929675175562334 0.0933916706527245 0
0.1227561356071554 0.4307708372921953 0
0.04702037327322596 0.8563579537963848 0
0.09151505499074275 0.2991672692828806 0
0.05133155466403528 0.1058000424616352 0
0.1183828187197071 0.6709217698639316 0
0.8738403943613242 0.3220052628748356 0
0.9053142817456098 0.03675227579802884 0
0.3145881867570899 0.4228037817586401 0
0.1900676255701801 0.2994764362158119 0
0.8381222224615341 0.3529717018437935 0
0.2389726413287305 0.07479091874032698 0
0.8737947381261457 0.1985849540303529 0
0.9928461915428578 0.2625636366605191 0
0.3194075164406892 0.2915091878823404 0
0.8247178794117453 0.1908288671021037 0
0.09612383013124179 0.8022993691176865 0
0.2385894077529647 0.5700439579136618 0
0.7800847032684362 0.1753962039229111 0
0.7577652862542186 0.136728707964418 0
0.8336434710397878 0.1753735843199984 0
0.1632227565251346 0.3768600281909658 0
0.05595944168299112 0.8254544623283343 0
0.1004436392521824 0.871885249496785 0
0.3194076569814953 0.2605304216920943 0
0.753165843220161 0.2833437658884047 0
0.2619733214259188 0.9930316847103757 0
0.2698762184428877 0.5003205546709351 0
0.3458034947729964 0.5233046073536919 0
0.1184541358596817 0.5471346082298351 0
0.07377778807827176 0.5625919173368158 0
0.7845514371568086 0.1367323056427991 0
0.3368724282813427 0.5698104877369384 0
0.909486467823188 0.1675442694014103 0
0.8336457524441284 0.2526412691740726 0
0.07811524928447128 0.3068998998795947 0
0.1273970709803824 0.5161815170959458 0
0.8470765495954433 0.02866742723685483 0
0.2341399634057825 0.6397524021352661 0
0.3279032149205355 0.864254352156137 0
0.1449376747887704 0.9490509174326984 0
0.5429125820327305 0.3221471907051598 0
0.7756260229140037 0.105803880044881 0
0.09595242255690774 0.4152933876907243 0
0.1449743977071089 0.9027825932000293 0
0.1493972532648301 0.9413445059906455 0
0.08258064383829293 0.3146404884779833 0
0.1761380361985376 0.9105146740993786 0
0.2341553966423672 0.7326450780495493 0
0.05132722599417018 0.1676734173626439 0
0.2341522284073955 0.7016890101370722 0
0.0826210032153584 0.8873234202266903 0
0.2341467739594674 0.6707246903698387 0
0.3590656744333151 0.7946648205662955 0
0.1139758621613183 0.5703449715030082 0
0.2434273046514257 0.2527785143052934 0
0.1272282327092636 0.4075577038777488 0
0.4362080822726178 0.04393607775727158 0
0.1720616572323015 0.5316637049004642 0
0.3369675809714244 0.4460496719222252 0
0.8738067565486392 0.09037671643319668 0
0.2255545121042606 0.1444254395080399 0
0.1984179242971866 0.8873882589362994 0
0.3456893435137658 0.926131485804779 0
0.04259086649299082 0.7867985343817927 0
0.04255654741725635 0.7558979274878782 0
0.8693288089730951 0.1599321453872583 0
0.02059884764670084 0.872177810559374 0
0.7354023802842431 0.3453440302305302 0
0.775621692369185 0.1521959777175496 0
0.1672720048306008 0.8487635168724987 0
0.9930456968610405 0.2887143423148608 0
0.9907618297634568 0.3065887125844665 0
0.127212948298741 0.4540331070349534 0
0.306432494565487 0.9929217276565764 0
0.32444835735471 0.9925877912361727 0
0.3775572919408283 0.2992428743770263 0
0.3779961023920683 0.2063754647022486 0
0.8470326287681633 0.2294783446166752 0
0.2836409202766134 0.1676361032325808 0
0.2966297532733168 0.9492678991001906 0
0.2653860988707766 0.9569119905710508 0
0.9095885471230384 0.3374600322984094 0
0.3462371417230292 0.2760184386172949 0
0.07554198454722935 0.9925755116763939 0
0.9907220983741577 0.07522837047459208 0
0.9930009976406893 0.05746383618954468 0
0.2119554546132143 0.9414381238036572 0
0.8737888237986611 0.1367661255603011 0
0.7756193387303233 0.1985959255028799 0
0.1674607880549438 0.7250891391586682 0
0.2430659432685169 0.8254554226782153 0
0.1139425423235944 0.6322396556373554 0
0.2213287705587308 0.3691502926862212 0
0.9674893407531013 0.2371134919598753 0
0.6640764242624966 0.1599338324217332 0
0.8650739636957698 0.3838863152786642 0
0.2254730449901385 0.03616355876330428 0
0.3369575245855149 0.4150483191520403 0
0.38450570976582 0.7582211770317697 0
0.4406768796126909 0.0516730489284552 0
0.2434383085120888 0.08252606021584735 0
0.2609377430883474 0.9337541921017208 0
0.1183631598625885 0.7018599315778855 0
0.3865637902922554 0.3457260513387209 0
0.2341559343574907 0.7790616082197461 0
0.2032187515121113 0.2140671560128824 0
0.3055451622462562 0.9183706887202869 0
0.05149361522629906 0.8331797897177247 0
0.1898142458153886 0.2063289637117036 0
0.3373019387651145 0.1521291900832528 0
0.9451044927027483 0.1212722477440001 0
0.8157955039438383 0.05170519518660201 0
0.3636970685457063 0.8178119899339863 0
0.149644437728421 0.6632026988966406 0
0.3104644479785864 0.2605305008132896 0
0.1406338480865399 0.1057983754036715 0
0.2385933773986731 0.5855342193968472 0
0.3101069588109938 0.802397493442821 0
0.3910046168744033 0.3379875213634958 0
0.9139298546432723 0.14440057157114 0
0.3870852654272539 0.06713833165139942 0
0.2302896896725643 0.3227124106165554 0
0.9498028837129686 0.02107757769129615 0
0.1318117928996779 0.6322508251561375 0
0.1942244404759813 0.4619024478604073 0
0.2791754422857551 0.1444203770288961 0
0.2747047918717474 0.1676363185981597 0
0.3190650387787274 0.4305524408228768 0
0.1138641820195837 0.7559858393585899 0
0.5652620065734013 0.2833927702839214 0
0.8157923553406957 0.2062872517520707 0
0.9497121210989908 0.2216948719850411 0
0.1229248868471128 0.5393999268345213 0
0.475769872950366 0.2834192374612303 0
0.136088862886079 0.8719088897789686 0
0.301152885997345 0.8333368715236898 0
0.140772789686497 0.5858259285960721 0
0.04240245928044129 0.1367329719088901 0
0.815802634521052 0.2371797212962452 0
0.03366419373212622 0.7867940489632149 0
0.8873283565790483 0.3761859071655629 0
0.3824653934950265 0.2141177045821674 0
0.9929847670887836 0.3246150065007065 0
0.2922128242147805 0.8487985764609576 0
0.3547304714965323 0.848787288002256 0
0.8693838508570425 0.360714726533211 0
0.2213492683994958 0.3227092742641278 0
0.1183244388353972 0.7637197570152321 0
0.1272271163455895 0.39208156352628 0
0.04257267152492417 0.8331800076697419 0
0.1229109517057513 0.5703492559057725 0
0.2970584295028353 0.2373002402835609 0
0.2654203827921467 0.8487543879574315 0
0.1719363042583409 0.6864380004239099 0
0.1585908107449124 0.6632154033753888 0
0.3055622762493279 0.8874502810701768 0
0.8917212540668596 0.3374758507849936 0
0.04247824932061472 0.6476750960497802 0
0.03348424062787525 0.1521898397146496 0
0.8515216491437274 0.2526416538867622 0
0.8157968911052593 0.1135444438640132 0
0.02902068168015492 0.1599425066052937 0
0.03035785954928671 0.9928183884309948 0
0.2119087683583044 0.8487491809785044 0
0.3922470458397587 0.7537356164723328 0
0.1942815041482271 0.2140671213298158 0
0.3368788125305948 0.5853119615610967 0
0.2832724009941364 0.8642526778179805 0
0.2475759606509198 0.8487416405216717 0
0.9495526284572091 0.1598163571411327 0
0.7666971408505581 0.1058022860742696 0
0.243142856183914 0.9028807431371941 0
0.7486351556237414 0.2755679813309168 0
0.1272924606392614 0.7018650485438409 0
0.350088275121984 0.9647598726137405 0
0.122876808282731 0.6322450250152879 0
0.2300294211137224 0.136683277909684 0
0.1719269715582056 0.7173615318144843 0
0.578676195087188 0.275638343704621 0
0.4540693388657173 0.04393574528579663 0
0.2031653195577167 0.4618980393907033 0
0.2925865876228269 0.2450419481455276 0
0.2347625678404265 0.314971524001271 0
0.1585669273290707 0.6786821955251426 0
0.1450997857211199 0.1135328201430809 0
0.3913676393055074 0.2141341628358919 0
0.1630915728434353 0.6245325142218584 0
0.3459061597551749 0.4150468299935005 0
0.3630173645880221 0.9413576690840909 0
0.8022776753565881 0.2755373305134758 0
0.2076853939522913 0.2063292184136655 0
0.3502409023189804 0.8720107063879177 0
0.7219758142177519 0.3375927458914008 0
0.122894285722879 0.6012976365789761 0
0.3507091620645856 0.2837637828034091 0
0.5831594196716557 0.2833887422146654 0
0.1317990077840266 0.6477227640472993 0
0.3503787311602196 0.4227953290933474 0
0.08268422429235464 0.8718384443604812 0
0.3059918542320536 0.2992537559557074 0
0.03810937890633974 0.8409067229067353 0
0.4630008584573685 0.04393682793032108 0
0.7756228938417379 0.1367322637461864 0
0.2479037248772211 0.09026159304576695 0
0.1318452087219236 0.5703535631293768 0
0.1137948776064888 0.956739666241186 0
0.1495664697475339 0.1212674375041689 0
0.2966359250330222 0.8874476757084482 0
0.8157957377214281 0.1444605173994324 0
0.9184226666096071 0.2601325264829671 0
0.3826166607721972 0.07486484620791201 0
0.2391955706228126 0.3072326682176787 0
0.9407898354783784 0.283370054060202 0
0.06035247684995154 0.6167332996543646 0
0.0380991147994011 0.8563538494620542 0
0.5115900912811117 0.3299081073778859 0
0.467473076294054 0.05167543716450648 0
0.9318015539816868 0.03628067281295042 0
0.1361560737558013 0.3920929751883963 0
0.7622305763711523 0.1135343775745862 0
0.9051934730934864 0.3761311872665741 0
0.7532998159979359 0.1135332015776213 0
0.7711531758794554 0.1753961966592666 0
0.9497371022116937 0.3296866520068847 0
0.990746288255315 0.3685860417775323 0
0.9930445322375122 0.3508221367168412 0
0.0425622155541984 0.894974246199572 0
0.2297556217000473 0.8487631145543795 0
0.0423481713553481 0.4617053512157606 0
0.5965678180536075 0.2756307287885675 0
0.3503802895927052 0.4383012593053829 0
0.3844848548357365 0.7403156690335608 0
0.1318290959322532 0.6013016788677014 0
0.2434376825295619 0.09799681726733585 0
0.3367221008315002 0.9570226828295074 0
0.1584965985857689 0.1212639175092775 0
0.3462377202705886 0.2915092593854731 0
0.3368848705381934 0.600814255144302 0
0.8202577184674813 0.1521906850079025 0
0.2389620127257668 0.1366832182006548 0
0.08263164839647984 0.9336059267583183 0
0.9911521863703555 0.03038082926749366 0
0.8202603295695539 0.1058164203545702 0
0.1182725314455195 0.9644282315034758 0
0.1675619695079334 0.6167963636371239 0
0.7488363222861485 0.1057999051628256 0
0.03348211027724732 0.2450015278045721 0
0.07376045795125136 0.5471277484934599 0
0.08258445704384894 0.1290034164625382 0
0.6010551038635419 0.2833833401021669 0
0.1360664478949675 0.9027768218975224 0
0.2519917305286474 0.825461390776473 0
0.4808620514951947 0.04393663521813164 0
0.08704801602077242 0.1367398635654071 0
0.2031630974639265 0.4464178454771783 0
0.735270937567452 0.2833460133158581 0
0.08258548937769408 0.2218103013444911 0
0.392247823094363 0.7358283477499539 0
0.2164114091707648 0.9337300865359015 0
0.516069472084539 0.3376583630451647 0
0.8693282507170503 0.129031927212672 0
0.485336971878269 0.05167635943982749 0
0.08720643810482599 0.8022895416181171 0
0.4802520681263205 0.2911670894502283 0
0.3459086911326531 0.43054867608468 0
0.7220431345166041 0.1057965455072359 0
0.07365421585473625 0.1444714155410832 0
0.3726147531058149 0.8178437104873445 0
0.02929957771117729 0.9645186004099627 0
0.6144605668732535 0.2756237565558495 0
0.2389703916158569 0.1057327720880237 0
0.3507094922434719 0.2992562579509284 0
0.7711575790352291 0.1444634546358267 0
0.07811799090003035 0.1522073968685524 0
0.8604400247167803 0.3607191354559499 0
0.2076363513645348 0.4386742432073022 0
0.07811123949196844 0.3223778717006368 0
0.869374152895937 0.3142701749275864 0
0.2702368976755303 0.175375329986354 0
0.336876215963207 0.6163149599780169 0
0.6189512388071353 0.2833782093191157 0
0.9408127476059431 0.2216820697999531 0
0.8113127000783076 0.04398026687994686 0
0.5250179066063745 0.3376547865653545 0
0.4987257251954049 0.0439380272533315 0
0.7622471027378951 0.1753828942002192 0
0.3547037262022236 0.8797554116750812 0
0.4936658863390997 0.2834124461117957 0
0.1273941436696975 0.5316617990981305 0
0.7307542798879775 0.2755782479263426 0
0.8604103704602092 0.1599313411869789 0
0.38448345431211 0.7224180108506282 0
0.2166210594500547 0.2063287445434696 0
0.9094780440795813 0.1366877238678206 0
0.1585240177148671 0.2295635719273652 0
0.8693458824496743 0.06717431490115612 0
0.07811743960347173 0.1676765137613792 0
0.3592062613218727 0.8410456913679618 0
0.2165793994542271 0.4386708812004116 0
0.2881004515716052 0.09799676591590864 0
0.529499804543462 0.3454082955220899 0
0.815796898178642 0.1599251639633454 0
0.5032012592976551 0.05167782510068533 0
0.2749220620771982 0.07476905885498229 0
0.05151032598548795 0.9567116963822255 0
0.9630799616479063 0.3065029973479371 0
0.07360636906230519 0.4849195714748288 0
0.2791771924761825 0.2063344980037894 0
0.6323531429020036 0.2756168110975468 0
0.07365364613884862 0.159940443730503 0
0.3922462313858777 0.7179165902742122 0
0.2747031793192738 0.1831144879391954 0
0.1720196732908366 0.609068133402882 0
0.4450492707354257 0.1676372650198344 0
0.29257312295019 0.1057351050384664 0
0.1627350148593403 0.9490656637072115 0
0.07811777476054252 0.1831467223107763 0
0.3462374583788411 0.3070011059896358 0
0.6368473514579657 0.2833731159693999 0
0.04245365185568933 0.7095562669934881 0
0.7173787084446773 0.283351171127434 0
0.8023866770245854 0.043967140603083 0
0.3368844678429111 0.6318161480757436 0
0.3686708277682358 0.9930181966578884 0
0.5165880041124249 0.04393855927487891 0
0.1716896091026966 0.9027991439614095 0
0.1316159924053188 0.8950593493848357 0
0.1363009440958051 0.59356445993117 0
0.913965944544476 0.2678551791000522 0
0.2255564446529477 0.2063284809387316 0
0.2032089759509252 0.05934290621285518 0
0.3682389615599899 0.8412234993719331 0
0.9406496470004584 0.1598209710749995 0
0.65024373555175 0.2756081398266741 0
0.07365334592282985 0.1754086979212456 0
0.03337329496269685 0.6477041665194885 0
0.7128623803074473 0.275582920555262 0
0.3844859284483625 0.7045041012536203 0
0.5210655137029225 0.05167917499656333 0
0.1228312502269854 0.6941292012334342 0
0.2836487107789974 0.2450408966397899 0
0.6591896952882037 0.2756049815106636 0
0.1942354960539378 0.0593631222731581 0
0.2702361364590876 0.1908529164475493 0
0.1318655746408554 0.5239223590732942 0
0.8291832067447604 0.1676482843113362 0
0.7399064442805647 0.1057977959966932 0
0.256475711661076 0.9414642677855489 0
0.22086522444296 0.9260191879148224 0
0.2925784827234313 0.1985945956524842 0
0.8962013178425013 0.3452159058875369 0
0.08254098394208766 0.484922525519741 0
0.2165779051313063 0.4231878863221523 0
0.7039218649674982 0.2755890031116779 0
0.2568373320696506 0.2295527702658488 0
0.3367660913484396 0.9261287179209792 0
0.6636903613498716 0.2833648432472357 0
0.6905343718076509 0.2833578223545555 0
0.100523832771221 0.8409704586563717 0
0.6860259638382947 0.2755934658879741 0
0.3815916729781848 0.8178228388034824 0
0.5344503536095814 0.04393911627452256 0
0.3844757479484047 0.695564770958337 0
0.1005063850498309 0.9644090211294198 0
0.07365306844090823 0.1908770595349207 0
0.3368969571686223 0.6473199337939884 0
0.1716676226117591 0.9336448431156303 0
0.3059711095028937 0.09799675219401328 0
0.6770820992998435 0.2755975981908871 0
0.5389303686547783 0.0516819321654921 0
0.08700096555581438 0.4926568528785638 0
0.3417652477013823 0.3147413632989972 0
0.3688014845907276 0.9483516823820894 0
0.2210498500625968 0.4154443100934635 0
0.7889982610795878 0.05169745327682986 0
0.3922347300422365 0.6910599957218784 0
0.2970528682135921 0.2063351476000154 0
0.2523688331197862 0.2372933931068068 0
0.1183708592103948 0.6863921364178101 0
0.735439077914349 0.1135307634050308 0
0.9273133139086382 0.05948161174819454 0
0.3149167193537868 0.09799715419963567 0
0.2520533491765014 0.9028864674981915 0
0.9228842325400471 0.03632264480043032 0
0.2300242915851211 0.214068244361987 0
0.2609261798669505 0.4848272246134622 0
0.203148723142205 0.04390475749579448 0
0.2299935672125199 0.4154387899820664 0
0.1808377430050234 0.1135175467645462 0
0.1718925820276859 0.06709751733601306 0
0.2564559662436564 0.8177310050987014 0
0.176369440501814 0.1212499319679163 0
0.552310047150445 0.0439371216558523 0
0.3844255830735471 0.6776114605320336 0
0.2747055681000426 0.1985934923408413 0
0.1539616401968532 0.8255757780406536 0
0.03364828168137519 0.8486320330782535 0
0.1360742463871532 0.8873477509803147 0
0.09593458835985164 0.4926626617883352 0
0.815799231690933 0.09808597932787796 0
0.780078679606008 0.05170183238889716 0
0.1363068150650664 0.5780912949610464 0
0.02488848052791437 0.7867455806093255 0
0.3922308273433373 0.673138956778482 0
0.3368819249693505 0.6628177700472963 0
0.561240912425689 0.04393799754167989 0
0.1228397947049086 0.6786598858508647 0
0.3459127617981942 0.4460471325691283 0
0.06478141487643273 0.7172752932888207 0
0.3721513933831769 0.8493191901470453 0
0.726505894693533 0.1135298757763927 0
0.1629992260840087 0.1599107546199805 0
0.2344938762007542 0.2218078105349742 0
0.2389618645509456 0.2450319110869402 0
0.122777978302106 0.2295633055295573 0
0.5657257273415834 0.05168228196238268 0
0.1361743114861337 0.159932666106975 0
0.1361850812282504 0.1754002278137639 0
0.8559496271561775 0.1522063668125652 0
0.3234026364646784 0.9029294134505221 0
0.762228163809336 0.1444608206503419 0
0.1585065173468267 0.136726038831007 0
0.1672401695589834 0.8950838754202595 0
0.8559832700012843 0.3684504070552445 0
0.3844729755794155 0.6597465533452335 0
0.1630083905708682 0.221808657062288 0
0.229995750693532 0.3999557869455013 0
0.7755657449017516 0.04394196191430823 0
0.3922489246806171 0.6552314601506557 0
0.3104547012512068 0.1985928094555514 0
0.8604134008187742 0.1135558728647057 0
0.9631100791166964 0.3373457244836212 0
0.5791059137258515 0.04394053434367678 0
0.2791778625883246 0.2527815089304426 0
0.2787964988080679 0.9492469222336224 0
0.2434292178663766 0.2218081310381498 0
0.1318688702604529 0.5084461028356422 0
0.2389395331534371 0.3999504845040107 0
0.1361740665218906 0.2527707206727469 0
0.9095753702187104 0.3065370896382128 0
0.5835904136960915 0.05168438846290701 0
0.3844820015406841 0.6418373928023944 0
0.3368816941332677 0.6783137672817883 0
0.1672456344748885 0.8796510671564945 0
0.02907910161540077 0.6554095533039735 0
0.3193981942352674 0.198592325578252 0
0.3844693142153602 0.6329127556120835 0
0.8604425770974339 0.3142702301516128 0
0.09600867367900395 0.9567261635177441 0
0.7622238400961289 0.05170354541212573 0
0.3922312499365093 0.6283869624229141 0
0.5969681873148882 0.04394111514194965 0
0.8559479688537101 0.1213013962481335 0
0.252367239375089 0.2218109785726643 0
0.131707196135755 0.275969645737611 0
0.1273107981156846 0.6709259564438025 0
0.7131111617573305 0.1057928939843882 0
0.9406531501689962 0.1135621750904163 0
0.1361743881450651 0.299188364444904 0
0.140807142123726 0.5084503848837545 0
0.2747077288016448 0.2605242659664759 0
0.6014554464183773 0.05168766871014094 0
0.5563327783648506 0.3143897240728973 0
0.2121493530443166 0.2450309555715925 0
0.3278639520795193 0.9106658620190516 0
0.3844189097131238 0.6149643585939801 0
0.8068742152643364 0.09808575434567138 0
0.2832899953016519 0.5390401083116613 0
0.363661160243655 0.879780535380432 0
0.1406158192722208 0.8023825472754001 0
0.1362547286920849 0.6554568156078022 0
0.1227746753214007 0.3069263198625823 0
0.8470272921661568 0.1522009503021885 0
0.7532918974913165 0.05170092597440781 0
0.2832729734215532 0.4305741755391355 0
0.5608204353336592 0.3221393561021745 0
0.3844462574053774 0.6059788261226767 0
0.078116499911418 0.198612129427497 0
0.1138374615049066 0.3224242805587281 0
0.1495391123857247 0.8023864220132613 0
0.3922343938606686 0.6015034333392473 0
0.06916453883091141 0.3843402023336715 0
0.3368873316983841 0.6938138052221066 0
0.6148265728909401 0.04393817816171598 0
0.1093751654070827 0.3146581585372802 0
0.1004360875093322 0.3301292291109597 0
0.1716958591728683 0.8873707883138382 0
0.162966963738882 0.1289881543537189 0
0.7666976376961997 0.07488912436945271 0
0.9183999286657121 0.02927010463473046 0
0.6237574167477085 0.04393931802149892 0
0.1452477068340627 0.500730989450725 0
0.1540207223989376 0.7946533245943814 0
0.0647010288988859 0.3765217079234484 0
0.3844835486223998 0.588108048689384 0
0.7041774370327731 0.1057923191996386 0
0.1317823244274928 0.6631926936948808 0
0.392249877849511 0.5835913200430578 0
0.7487794790459361 0.04394097878809716 0
0.6282506141993012 0.05168805797663566 0
0.7533120777653096 0.1444524300951863 0
0.07809798875444202 0.3688546869960864 0
0.3327904140219446 0.1908457181676027 0
0.1316275138119996 0.8796236632486172 0
0.3844646944490848 0.5702556547815961 0
0.7979471409752026 0.09808389298796595 0
0.3922351866534964 0.5657028167253904 0
0.2609200402728881 0.8100004260379504 0
0.9406549047891628 0.1752390376286129 0
0.08258222845226679 0.2063476139730868 0
0.03330273064716031 0.709615629304655 0
0.07363106468468492 0.3610625305678091 0
0.1583417409803444 0.8796485346353256 0
0.7398469902614294 0.04393918222416986 0
0.2609644071723816 0.9028882582796098 0
0.6416190380107094 0.04393877047864252 0
0.6952448343231143 0.1057906169523101 0
0.1762502223680008 0.8333040406927257 0
0.384441722346005 0.5523561702533953 0
0.3503629881789694 0.4537827050554311 0
0.3367906444090302 0.910678731845352 0
0.6505497032870348 0.04393999061606293 0
0.1673799669532478 0.8024001609687499 0
0.2877639929493728 0.5467836711715953 0
0.6550443610779131 0.05168809204364556 0
0.7265012892745133 0.0516985641046879 0
0.7622336322333656 0.08261565030498638 0
0.9586619747645534 0.3451336045894585 0
0.08704597599440175 0.2140805686721438 0
0.2702386523639017 0.2682655604274097 0
0.3369078742984133 0.7093215261312429 0
0.900571458044535 0.05950667593514306 0
0.1452436563757503 0.5780933537179376 0
0.5742332640012962 0.31438535293033 0
0.6684156671293564 0.04394369632156876 0
0.05576419217747642 0.391977277866249 0
0.07362741589539171 0.3455895418905398 0
0.7219867508544613 0.04393885875254746 0
0.6729093999458715 0.05169193511847517 0
0.2791818918102941 0.2992427433726944 0
0.708639706842014 0.05169731531052797 0
0.6862756092934355 0.04394440280450457 0
0.6907741566451777 0.05169585422261328 0
0.7934850867807477 0.09035394842925916 0
0.7041288155501103 0.04393984661456547 0
0.6863100542064733 0.1057907347597694 0
0.2653895499448266 0.8022647726938543 0
0.1763040680061932 0.8024034950710197 0
0.1497152009598714 0.570359510027912 0
0.6773772633314676 0.1057887291181142 0
0.1538883312083275 0.8719309010429817 0
0.02479002607424258 0.8485996164259704 0
0.2881173810225611 0.2992455452061764 0
0.2877039611795632 0.5622405242185337 0
0.3681436855216814 0.8720464760001204 0
0.7890231673334558 0.08262234373084193 0
0.2747080059571948 0.2760104086906171 0
0.3368932114108124 0.7248143456392141 0
0.180837033624161 0.500604580211484 0
0.5787209259482016 0.3221338697904124 0
0.158653295184281 0.5703586678361022 0
0.8470298648439819 0.136749796703867 0
0.6684424451000679 0.1057883943289259 0
0.9317480107027429 0.175247133486354 0
0.9317472576866886 0.1135574617487858 0
0.6595095763986325 0.1057861308911826 0
0.2076706666928111 0.2527909847911645 0
0.163126626543733 0.5626218690167039 0
0.3456474207469141 0.9570367179565848 0
0.5921329235694746 0.3143796629460137 0
0.9586317644497202 0.314214498415572 0
0.2609285561221637 0.7945317700661364 0
0.01486482741025923 0.8480732817605133 0
0.7399093304799538 0.07488648322635903 0
0.1718903466263749 0.5006082131682114 0
0.1584958579037287 0.07484505670963408 0
0.5966251279887204 0.3221340978268329 0
0.7800935131195262 0.08262002184902768 0
0.9228393486940865 0.1135522877285344 0
0.6505740905818255 0.1057863276152612 0
0.82472425319516 0.1753779717145505 0
0.1895639670065508 0.871935473911715 0
0.2791773862609188 0.2837531581103682 0
0.287727632326914 0.5777467311632761 0
0.6416407271017727 0.1057853954420021 0
0.16759271784494 0.5548773307896071 0
0.2653940645256952 0.7867938926839345 0
0.7354454331082301 0.08261083464716698 0
0.08271508138144659 0.9644011345969896 0
0.9006038618962787 0.2910471824990243 0
0.6371651319536438 0.1135219838790991 0
0.775627966345531 0.07489029129942495 0
0.2747126440347488 0.2914981472541741 0
0.1629859229528416 0.5006372225608718 0
0.1720280941043449 0.547107363572005 0
0.04683365284769724 0.4075324247492788 0
0.1004346442800733 0.9336184065486861 0
0.6237711438880914 0.1057834395432145 0
0.2654275118729842 0.8951715521324122 0
0.8559707578676294 0.3220074154527011 0
0.145190431892525 0.6554676477969694 0
0.6148355795041039 0.1057843414994967 0
0.2877316570864811 0.5932422580526012 0
0.377065063423919 0.8720314627022095 0
0.0290568659955477 0.7172936521180114 0
0.260932392425095 0.7790614028280849 0
0.6103579226533882 0.1135170297409584 0
0.1183071468127131 0.2372844856036085 0
0.8202613606351378 0.183108043749472 0
0.09597587955157967 0.2140769989817858 0
0.5969672631181027 0.1057798143129581 0
0.9229114013314419 0.2987850715192368 0
0.265397493731504 0.7713209936883956 0
0.7533054520256937 0.08261629890072276 0
0.1049086500393067 0.2140781712478662 0
0.5880314239753823 0.1057812264733807 0
0.2029079774244666 0.879662837633573 0
0.3590771583859369 0.9029489026212684 0
0.5835522537055202 0.1135150745604043 0
0.2877352888588572 0.608736835524994 0
0.6100242591408565 0.314363617930593 0
0.9718900186960191 0.3529459701645077 0
0.7488381489193352 0.07488786201569533 0
0.5070952191420832 0.3687330893407177 0
0.2609680853349798 0.8874402071279404 0
0.6189749861820861 0.3143632485785403 0
0.5701623240697496 0.105780384107992 0
0.5656817462447132 0.1135145225531564 0
0.5344628140292282 0.07486302024923046 0
0.07821323397530253 0.9567197024016242 0
0.6234782916197785 0.3221209218522203 0
0.2074328772642822 0.8719204168721133 0
0.1317088434390259 0.2604992198727302 0
0.1138407324393563 0.214081792772602 0
0.2609351869733941 0.7635884509094284 0
0.2877220653433546 0.8100623486196616 0
0.5522915064583256 0.1057785175747795 0
0.09597480300230571 0.925901501798949 0
0.6368810849443163 0.3143652217250619 0
0.9497295176752791 0.3142274856324864 0
0.1183097771986423 0.2218200812175734 0
0.5478090408347547 0.113512192651539 0
0.9228517900318616 0.09813382036157743 0
0.3778173194550571 0.4853184309019839 0
0.2877384251825468 0.6242306508014858 0
0.2653999526321533 0.7558457363417055 0
0.6413760033024446 0.3221144635398481 0
0.7265079459802648 0.08261193361196061 0
0.8425721041080374 0.3142756070484033 0
0.5344208927929939 0.1057721686136753 0
0.8157988070942001 0.1908382419545883 0
0.7175774624136981 0.08261214987364447 0
0.5254881499630579 0.1057703582664469 0
0.4271537236525329 0.1366892035441582 0
0.5210012156240853 0.1135086518385311 0
0.1671956009741459 0.9413572048932288 0
0.6547789050280745 0.3143591288887978 0
0.5969910496113305 0.07486799023801889 0
0.7086452302635211 0.08261138317157823 0
0.6997102962985743 0.0826085755808724 0
0.5076166338056651 0.1057735350713781 0
0.6014554897856275 0.08259230884980522 0
0.3060116596154471 0.3302340587895548 0
0.1674517752459094 0.2450360393134552 0
0.5031318892643837 0.1135086818950442 0
0.6282522984767971 0.08259736958255753 0
0.1674984086695043 0.6786958194138798 0
0.2609370736582218 0.7481132584819272 0
0.2925893711340318 0.3069886580160197 0
0.6907756355581031 0.08260369294517893 0
0.8961408275145486 0.2987732777097062 0
0.2877410418679804 0.6397234584091441 0
0.4897464452051398 0.1057717607037148 0
0.6863165064207002 0.07487653004370623 0
0.6592803892133988 0.3221164141804195 0
0.1227743945276801 0.2450221725506714 0
0.4852605440379255 0.1135071854047892 0
0.1672847594961901 0.8333191711730314 0
0.7219376623567662 0.3686524795489556 0
0.4718765046809895 0.105769726339571 0
0.2654015559562654 0.7403684198179705 0
0.4673893206586527 0.1135058350838266 0
0.6773854933415343 0.07487328623380918 0
0.1317081223044423 0.245032932766159 0
0.29706122137055 0.3147386819051839 0
0.3194149318003211 0.3224896713735635 0
0.4540065568321494 0.1057677188627451 0
0.08707677712631787 0.9258974458213336 0
0.4495181810362927 0.1135041747080367 0
0.06931151647197061 0.9567223219933116 0
0.4361391027960518 0.1057667772119762 0
0.6726685208461949 0.3143420884689869 0
0.4316374808789631 0.1135117969820684 0
0.6729240106793337 0.08260206160170869 0
0.2877430183591084 0.6552152463983785 0
0.05130545825858641 0.3997268735730459 0
0.3238976514572579 0.3302307891740418 0
0.83812248588754 0.3219981044763722 0
0.6816162861797406 0.3143404529349149 0
0.2609381370006422 0.7326360086148808 0
0.8113389692742444 0.1985648141845958 0
0.9183953504473268 0.09041843834137178 0
0.3015352799197856 0.3224857709048604 0
0.2966369911922629 0.8719789180067821 0
0.6639877771736746 0.08260616997853595 0
0.2475959178997262 0.8797174181131067 0
0.686134452258314 0.3221071786900067 0
0.3328452374951523 0.3302290513254237 0
0.2654023873597725 0.7248891543648031 0
0.2877441533817133 0.6707060529835457 0
0.6995198408645197 0.3143352438023727 0
0.655055630388078 0.08260545519846151 0
0.3412367356638791 0.9184025859567547 0
0.2921758810734522 0.8797176170583056 0
0.7084847725982741 0.3143451282357422 0
0.2921869937286503 0.8642492386720402 0
0.1807735157253891 0.7946811439687967 0
0.6461217856933232 0.08260596791007987 0
0.1361745576327721 0.2682416896482163 0
0.2609384692544586 0.7171567871053717 0
0.9319230300623254 0.3451736341564968 0
0.7130087613208442 0.3221074721593756 0
0.06484707133253506 0.9490142703264818 0
0.2877442486526846 0.6861958542475146 0
0.9094774629197474 0.09040706900777014 0
0.2654024851806793 0.7094079907011921 0
0.637186033621276 0.08260358616030423 0
0.144987545473462 0.8719267208894723 0
0.1763247839683107 0.7869515660824015 0
0.007189531146333219 0.3885950788850568 0
0.1361737700546547 0.2837122379165377 0
0.5389195570085036 0.08258732458307326 0
0.1406427400748933 0.2914624294242019 0
0.2877439056071714 0.7016834203757109 0
0.2609381031437748 0.7016756409536794 0
0.6237921842651318 0.0748675416998435 0
0.8247136173769394 0.3142702727703113 0
0.8024733866639635 0.3220784210318797 0
0.7577259976605213 0.3220794759551796 0
0.7711077377629256 0.3143288389993668 0
0.7532148478480908 0.3143279447370964 0
0.8157783823225342 0.314279447862689 0
0.1807884467317658 0.7792291704887413 0
0.7978885053476759 0.3142799337648371 0
0.6148609919310705 0.07486706985885803 0
0.2654018839022577 0.6939249747850496 0
0.7756748228414753 0.3221140788578357 0
0.7398369131800703 0.3220837965147905 0
0.5299516541878239 0.1444558280775312 0
0.5433391994408305 0.136716311813341 0
0.7889601745863974 0.3142914739214338 0
0.5254529687590719 0.1367020406038123 0
0.7352848727040145 0.3143057934133304 0
0.9050277017501869 0.0826961077945455 0
0.5478270015781322 0.1444518089503946 0
0.610387884823566 0.08259354377584249 0
0.7263813007090075 0.3143326297593061 0
0.5165260275079377 0.1367095299106061 0
0.2877427416248988 0.7171692682716666 0
0.92747044112035 0.3529254619015645 0
0.5612099497385178 0.1367127593064191 0
0.3645620434163157 0.1831743753346948 0
0.2609370333422474 0.6861926261439291 0
0.7532461996680087 0.2062928568368194 0
0.5701503869231922 0.1367176751967367 0
0.8024134501318214 0.1985647793619361 0
0.05595241346138372 0.9490063571150882 0
0.1451102836381315 0.1599269520597251 0
0.2654006256950444 0.6784401506637213 0
0.5031367129412215 0.1444476985222359 0
0.1852545371782151 0.7715011667652025 0
0.3462512425656404 0.3224874664261854 0
0.1540560635951934 0.1599198961014505 0
0.5746406088895331 0.144452671842274 0
0.588062457581369 0.07486636142787281 0
0.2877407522424081 0.732653351756436 0
0.4623746171943435 0.3531523041930804 0
0.3507443856026605 0.3302307123906502 0
0.5029176969148361 0.3917806516292953 0
0.5835967532664754 0.08259165105545171 0
0.07816581252834372 0.9104590306983346 0
0.9318557571504922 0.2370309332260493 0
0.7533273064374673 0.1908358574658533 0
0.5880244867550005 0.1367185637111582 0
0.2609354840316541 0.6707077396838615 0
0.1897171130693721 0.7637735848324743 0
0.5746644411848358 0.08259306776473946 0
0.8961059004137876 0.08268728148774679 0
0.9452542942871631 0.2447849913967241 0
0.4986502765360322 0.1367091335432614 0
0.0826212280204448 0.918181832287678 0
0.5925174553341848 0.1444535379065238 0
0.2877378509545447 0.7481356074866566 0
0.1896253195826965 0.9337104161688119 0
0.2654005232547431 0.6629516177725105 0
0.07809535341095943 0.3378619262899648 0
0.5657309216192641 0.08259326885967996 0
0.7934824162131031 0.1985697314002473 0
0.3869390261509656 0.1444240621886705 0
0.2074930863933366 0.9183232540217979 0
0.5567979774386677 0.08259203036778992 0
0.4852446443409865 0.1444351178143393 0
0.2163442501142878 0.9182928989570509 0
0.3686305677540485 0.3147345846976647 0
0.06926690125521451 0.9104523853705558 0
0.2609335838893379 0.6552208993995609 0
0.8916470540798298 0.1831305829112536 0
0.9005648209030059 0.1367127983126957 0
0.185264354348143 0.7560472051732029 0
0.5478623559840967 0.08259159078168835 0
0.2877336332901066 0.7636157649718485 0
0.4713206608123918 0.3531395352262905 0
0.6058976171663912 0.1367134265743435 0
0.2653982187808919 0.6474634973391168 0
0.8871897265032883 0.08268606728650169 0
0.4763007698220749 0.144429722048359 0
0.614839402269223 0.1367192597997846 0
0.8961073183654489 0.1444314484978934 0
0.789018846936783 0.2062933735362457 0
0.9318846567469715 0.2216477484686969 0
0.3457055855910542 0.9106828180955626 0
0.2609310071227041 0.6397328862095326 0
0.5255330310090836 0.07485903537541455 0
0.6193373016229036 0.1444547636893362 0
0.1405417729347725 0.8642002193894391 0
0.2877286745878179 0.7790945649311799 0
0.00724896341113603 0.1562407562868174 0
0.1541252722147005 0.314790481813199 0
0.2966460274581959 0.856518067497244 0
0.4226955198950154 0.1444093967257469 0
0.3413713906096704 0.8100725181085932 0
0.5210601178672049 0.08258490045119241 0
0.189723723693001 0.7483116429552344 0
0.4673628861834997 0.1444257802222967 0
0.8916556811138601 0.1521542635140771 0
0.2653954342557625 0.6319740243436586 0
0.5121333648223262 0.08258525354381877 0
0.940870353991706 0.3606221262122262 0
0.1719096672304591 0.1289734979626321 0
0.8782696218200119 0.08268038101755915 0
0.9318554953145017 0.206205061597149 0
0.9005587264967337 0.1212857693933086 0
0.3633850354863893 0.9106134466378976 0
0.3865137779492388 0.2992318336300868 0
0.06480418763013615 0.9027341225984291 0
0.5032000631695813 0.08258625537555031 0
0.1449922443665643 0.8564903024470641 0
0.2609279438880119 0.6242435532600099 0
0.1852735021371907 0.7405843719574436 0
0.3279593905058906 0.8023913524765245 0
0.287725389929238 0.7945741143869425 0
0.6327217076590863 0.1367253826937644 0
0.4584261456044428 0.1444226540173182 0
0.4942671382115146 0.08258559043325822 0
0.06926299045629147 0.8950318356691813 0
0.2653922497067983 0.616483418251797 0
0.905049947867821 0.1752563124091952 0
0.4853345168349865 0.0825843530181265 0
0.3501859186036299 0.9029547375057484 0
0.7800836579990993 0.2062974250208067 0
0.6372210747005111 0.144461335630794 0
0.1897351745445761 0.7328505633855316 0
0.7978302898582754 0.2832872093568721 0
0.6505998756159729 0.1367283564392745 0
0.4764016417610893 0.08258314466503727 0
0.4494930437364652 0.1444212260278009 0
0.2609246155921181 0.6087529700495263 0
0.1405484313880118 0.8487588953271519 0
0.6550996098578755 0.144462137707931 0
0.4674690541247007 0.0825818456623115 0
0.3011175291338466 0.8487892395545321 0
0.2653887043445547 0.6009918861082051 0
0.4585362270718862 0.08258062271600972 0
0.1852808550274909 0.7251181546940753 0
0.4405596340028735 0.1444195540043107 0
0.8023139313652854 0.291029377265129 0
0.1451793073477134 0.3457467028799675 0
0.4496036785007738 0.0825793302087886 0
0.260921725796824 0.5932506909859505 0
0.07372319189233414 0.8873115979952543 0
0.4406709068054989 0.08257811264564409 0
0.3145626369704873 0.7946415744287014 0
0.07809363474304784 0.3533463260588678 0
0.7711506166592674 0.2062993373727856 0
0.3869496320243295 0.1598902508282916 0
0.2653769871645739 0.5854942131558004 0
0.431735506543775 0.08257982994496867 0
0.1450060916049775 0.8410492593342975 0
0.6684601202584259 0.1367163404810686 0
0.936428328815283 0.3684038509783105 0
0.4360878291284704 0.1366869807861023 0
0.677409340337298 0.1367282087722378 0
0.3055871682052533 0.8410572042657486 0
0.4227965577356146 0.08259199645219518 0
0.3100998042492881 0.786871319099822 0
0.6819154489548956 0.1444632135760568 0
0.6952834048706498 0.1367310119053752 0
0.699790550231761 0.1444668818245179 0
0.4183251075151194 0.09031199496530985 0
0.7131566066400401 0.1367336134984228 0
0.265371128305219 0.5700006207307269 0
0.1494742867674534 0.8333123018880985 0
0.3145466396275195 0.7791039259099286 0
0.07819721292191924 0.8795788423652078 0
0.7399079551741269 0.1366947096002738 0
0.1808223725494975 0.7173857174831618 0
0.7176675624477273 0.1444682114699487 0
0.7309995779591165 0.1367103228101895 0
0.167442648500935 0.07483034739878777 0
0.8738119606753966 0.07493709965048324 0
0.1406816529419491 0.3689506499145096 0
0.4137470532463295 0.1444096240501708 0
0.762207186139443 0.2062976901356885 0
0.0514969813737249 0.9412954406086895 0
0.3145414343173778 0.7636073813751256 0
0.05149653633094334 0.9258704685551815 0
0.4048076372229152 0.1444040898457845 0
0.1271994970750908 0.4385407540399946 0
0.3145386093312059 0.7481113600281235 0
0.00725207936078417 0.6206019690763563 0
0.1763649490981458 0.709649979234285 0
0.2609158766571067 0.5777583677785231 0
0.3100621106785311 0.8333306965776353 0
0.3958782751454373 0.1444160644167809 0
0.09156423825204268 0.8718885533211118 0
0.05594217557267878 0.9335855794484065 0
0.1406430457073752 0.384413356058636 0
0.2609119215362288 0.5622723474823546 0
0.1808287501588712 0.701920486264158 0
0.1897667761565392 0.06707573987590168 0
0.04260171651111894 0.9258450813675054 0
0.2653730398990624 0.5545230185208552 0
0.09602643511765352 0.8641708812310358 0
0.3189867256576039 0.8333258387205624 0
0.9228444544978595 0.06724052029461872 0
0.2698394664465395 0.546775470569176 0
0.1808301333792865 0.06708611535625734 0
0.1763716253468399 0.694183470952879 0
0.1004880145544812 0.8564539590759157 0
0.3234673470586222 0.8255988575764552 0
0.2743092511925539 0.5390274541121929 0
0.180841335479628 0.6864477134840197 0
0.3145423230023141 0.7325774744379492 0
0.03814766427735931 0.918118910375707 0
0.09604776717898178 0.8486919572811119 0
0.1587483038991959 0.384567683940316 0
0.2074386126599684 0.8410326128635213 0
0.04258970737955473 0.9104307678400376 0
0.3145564893143555 0.7170505469574751 0
0.3323948013319569 0.825600318600632 0
0.806838248831413 0.3762918812770018 0
0.3145577997920116 0.7015560667785765 0
0.1094167511605046 0.8410037361663034 0
0.03814106916189584 0.9026798726520158 0
0.2118781337070984 0.8332269081701876 0
0.3145583415992269 0.6860604898400464 0
0.2210192127228127 0.04386522399693318 0
0.3368865057873421 0.8178440366113249 0
0.3418557851363132 0.1908946724626536 0
0.3145581677900835 0.6705639750768044 0
0.2344371518418469 0.03615817876740627 0
0.007166034127884191 0.7365148768103102 0
0.3145573254250509 0.6550666261160976 0
0.2120843854729735 0.04387041974148254 0
0.4138213563590523 0.09805955003373834 0
0.3145558943081636 0.639568577091515 0
0.4092915000045122 0.1058171171493726 0
0.1985337968801627 0.8255635188354318 0
0.4003542273860977 0.1058219006330471 0
0.1585670932720914 0.3999333290256558 0
0.3145539183356492 0.6240699320491977 0
0.113880347457688 0.8332875600452891 0
0.314551445140652 0.6085708168262765 0
0.03368229308467217 0.8949580037806039 0
0.1316662826167379 0.4463453637746003 0
0.3145484872312945 0.5930713177236502 0
0.3781102950241564 0.08257445514690948 0
0.1094405690237728 0.8255305983326278 0
0.3691621521982181 0.08255835100216471 0
0.4757968243729279 0.3608546633222156 0
0.3145450653714302 0.577571494380507 0
0.02494585817121339 0.894883026214604 0
0.3145411860411752 0.5620714054078253 0
0.3758226014722337 0.9333163234073323 0
0.1138909533340484 0.8178240538558188 0
0.3145369509402425 0.5465706066830922 0
0.4848902387113443 0.237145424351386 0
0.3243625022616911 0.06702592474296142 0
0.3145331408236582 0.5310744484374371 0
0.9095488402837782 0.1984384477435875 0
0.1094420863079008 0.8100714241386994 0
0.09600207102845355 0.7713596418276765 0
0.3279386718237376 0.5078327029388681 0
0.9050776085234675 0.2061601884129303 0
0.08711176093423585 0.7713781403060185 0
0.8515566567422617 0.3761581893300675 0
0.1049847794400279 0.8023392343913153 0
0.1853183909035264 0.678719798494553 0
0.1317174856696535 0.4618301386319719 0
0.8961052111832775 0.2062276435975437 0
0.1897775304866712 0.6709832359773716 0
0.1004138766346564 0.5004686840377933 0
0.8961208602988719 0.221651320268191 0
0.1853386137223026 0.6632642635792375 0
0.100532178600807 0.7946120358217428 0
0.06925870806569395 0.7249764929160664 0
0.05605227477459521 0.7481916346504602 0
0.310090071456827 0.7713731296851757 0
0.1897897141737876 0.6555125774138708 0
0.09607220881130382 0.7868770231107245 0
0.3512907667883141 0.06710181377798487 0
0.7444217051254269 0.1444408921048728 0
0.2163450797556432 0.7945831292712553 0
0.04696491402245041 0.7481697469004438 0
0.1004959978302174 0.7791479647321795 0
0.4580653507529616 0.3765022313117732 0
0.3842904823187028 0.7937164465190103 0
0.03361578194372769 0.7559290825781609 0
0.1406773259440234 0.4464428858989378 0
0.1853455062621562 0.6477900050136132 0
0.3642439392658909 0.3534072638693696 0
0.0154747646375523 0.7862944768189408 0
0.3100922397513181 0.7558806125558277 0
0.07823824619695754 0.7713571204791301 0
0.7488987513690557 0.1521683639144203 0
0.8962062149838875 0.2370277741110091 0
0.189797337237513 0.6400350857370509 0
0.1004238905484093 0.5159768972740232 0
0.07377643403936321 0.7635870459126802 0
0.2163519566692074 0.7791162238173375 0
0.7533624158319119 0.1598910540334403 0
0.3687488149361166 0.361180849599323 0
0.0782428638593103 0.7558772365210611 0
0.7489099543419377 0.1676352877195183 0
0.1853541720230043 0.6323118909492631 0
0.7533577158439914 0.1753700666563389 0
0.08268438115835151 0.7482009604615059 0
0.8917270386729481 0.2447559350404429 0
0.07824263032285209 0.7404743820674844 0
0.3682766777555451 0.3763930270037334 0
0.07821967838322723 0.5393314227445783 0
0.1898026211702156 0.6245534449022754 0
0.073767943489182 0.7327289996333437 0
0.7489016454356756 0.1831091868507126 0
0.8827455859262496 0.244832251561275 0
0.9498689027094684 0.3760220454512322 0
0.1853505856589096 0.6168313319475569 0
0.7179186735277587 0.3922312096118752 0
0.3684026528447578 0.3919300537679165 0
0.1808902318460491 0.6090834846069303 0
0.9363150520294599 0.2447519831020993 0
0.2163533822773454 0.7636482903169182 0
0.1939294326697527 0.9568627644978784 0
0.3776500110152379 0.392162652752602 0
0.1764464477365661 0.6013142770416922 0
0.07817726735906519 0.5236014605926853 0
0.5832795665511497 0.2371302892128384 0
0.882780199984817 0.2602241124715017 0
0.8202033293657868 0.3685731243997364 0
0.1808955446382573 0.5935339222634259 0
0.3771375499846419 0.4073413401569823 0
0.202985366043582 0.8178202903257265 0
0.007229185563232998 0.04011201083369006 0
0.1853480575910069 0.5857762528930179 0
0.2163540726059152 0.7481806325114565 0
0.8292416233715527 0.3219874015990898 0
0.8783053967120173 0.2679518282397382 0
0.4803042004079736 0.3685607870182409 0
0.3100909314499159 0.7403774423381753 0
0.1809094282690197 0.5780516855016458 0
0.180903056267485 0.5470476303682943 0
0.2074434601742691 0.8100830994827445 0
0.1853746521681301 0.5703011168257357 0
0.8693723853913458 0.268030642210515 0
0.189833608929122 0.5625198496244902 0
0.1853686673870544 0.5547848854025765 0
0.8694061984326295 0.2834048199994001 0
0.2163588299819721 0.7327090608673582 0
0.2119017262577861 0.8023349143812101 0
0.1764509758967409 0.5393603097922692 0
0.7444537845593595 0.1908113948767588 0
0.8424821106982816 0.2833712379233709 0
0.1809171493207738 0.5316217457780912 0
0.3100926776400426 0.7248721539070611 0
0.7354938281999166 0.1908452400581164 0
0.1853855134426746 0.5238586145778894 0
0.4536687533983552 0.3843603762159945 0
0.8604449000861538 0.2834417559820027 0
0.1898518090467999 0.5160542273542208 0
0.8514754499643375 0.2834249685150613 0
0.8337025356925175 0.3297161523404227 0
0.7309619116785316 0.1985554662080474 0
0.1541198337259632 0.5007351747610185 0
0.3100820878606227 0.7093906413849598 0
0.2163585158521302 0.717234841965519 0
0.1853702408849895 0.508343087418735 0
0.2119105017950435 0.7868843321694464 0
0.829259551817344 0.3374994573665039 0
0.8337090413453204 0.3452085226361646 0
0.3100827073799645 0.6938980977649954 0
0.7176616546485399 0.1908119113229184 0
0.7086817845361315 0.1908504604887886 0
0.6816754201840181 0.2371023532594427 0
0.149657410142528 0.4930058421853769 0
0.7041364869718203 0.1985591188781362 0
0.3100826063242998 0.6784043061167995 0
0.8292422332812517 0.3529966426630631 0
0.2163610077398789 0.7017581508863465 0
0.8158378254241598 0.2525671646471476 0
0.6907927890509467 0.1908563419131625 0
0.1541164036634917 0.4852059431190729 0
0.8112753261716686 0.2448142178573084 0
0.6862493554613029 0.1985655262465027 0
0.6729113621475573 0.190856297603786 0
0.3100818355565659 0.6629094491677441 0
0.1585854277964155 0.4774498664206683 0
0.8247626313652348 0.3607578111041784 0
0.7085030291472336 0.237100875106151 0
0.6683678127560029 0.1985630332040822 0
0.8470904983179015 0.2603049379099314 0
0.2119154304931336 0.7714197572521908 0
0.8023303378377442 0.2447273693728956 0
0.1630560589267512 0.4697064941353851 0
0.6550801261436037 0.1908077749606607 0
0.3100804664289599 0.6474136694144879 0
0.6415614192715398 0.1985418149013756 0
0.7041599655938964 0.3685330891248877 0
0.6461348636743089 0.1908112630822215 0
0.7353000938681761 0.2371236511693254 0
0.81133412222695 0.3685581798081649 0
0.1675273592051246 0.4619673560669558 0
0.6282364584311826 0.1908250391683566 0
0.6192676789503323 0.1908531340004767 0
0.6147139321591047 0.19856121444214 0
0.6013808500421221 0.1908569359446484 0
0.3100785548346281 0.631917121470379 0
0.5968292686779996 0.1985652660675714 0
0.1719986719846421 0.4542274600136257 0
0.2163598755703662 0.686279284049172 0
0.5700201585115023 0.1985472916400922 0
0.5208183326436298 0.3921867396554676 0
0.3100761589060538 0.6164199219700405 0
0.5835320498313085 0.1908243689843737 0
0.3328294471843934 0.1290132848596891 0
0.5566729321860809 0.1908581976177771 0
0.1764695153785622 0.4464861043315241 0
0.5521198269675263 0.1985676539477637 0
0.5746056403512794 0.1908113195246099 0
0.5388269747296724 0.1908234393218324 0
0.5298549848619247 0.1908538535896897 0
0.5252913095129911 0.1985596021978688 0
0.1809357462773008 0.4387119461443115 0
0.3100733002187652 0.6009222244880541 0
0.5120290491347619 0.1908028285778199 0
0.01538859725316638 0.5708302063524612 0
0.5030376883524702 0.1908510430232742 0
0.4000673907752142 0.2605181315676267 0
0.1853923321067901 0.4309678642138322 0
0.4984779711145956 0.1985618739683022 0
0.4762235906157752 0.1908414241616806 0
0.4851642622556681 0.1908380220318912 0
0.4716424286620075 0.1985637270662401 0
0.4583219855945602 0.1908572981875327 0
0.007235691643697978 0.272200122310282 0
0.3100699910487063 0.5854241374052335 0
0.2119296400792885 0.7559475894334049 0
0.4537531354174837 0.1985744118868245 0
0.4311140274196415 0.2835391886345818 0
0.18547293083434 0.4155355454720961 0
0.4225636815700575 0.190864803203751 0
0.4180172691987436 0.1985752585268178 0
0.4404393460336005 0.1908575400488743 0
0.1809964409158279 0.4232681966268118 0
0.2163620066893596 0.6707978668499681 0
0.3100662614814354 0.5699257099536251 0
0.435868895628487 0.1985764355825533 0
0.007581142241109032 0.7991071428571492 0
0.3466406358610501 0.2449596390005238 0
0.9584488041238376 0.1906585458505493 0
0.3554740324700992 0.245036885787575 0
0.3100625079697734 0.5544271651685919 0
0.4892448843990188 0.3685795640682659 0
0.3687463329542403 0.2527758756407473 0
0.1943549391850971 0.415526857924815 0
0.2614231038945258 0.3611612870915329 0
0.2119222873240049 0.7404864994006015 0
0.3734820767420319 0.2449640845377283 0
0.3867132818418263 0.2527870239375931 0
0.3100597779974238 0.5389298844063634 0
0.2569575365839547 0.353482048521701 0
0.1988233144053971 0.4077795473492177 0
0.2077567600083911 0.3922633818038912 0
0.310009036178604 0.5234753947920884 0
0.4132351775538409 0.3455554390925058 0
0.2569311932425772 0.3380483350310586 0
0.3998872707418709 0.3379134434582097 0
0.2032916739340027 0.4000236597834294 0
0.3144984939103478 0.5157276779941348 0
0.2163600730917011 0.6553142275519451 0
0.3234390902190661 0.5156794643681819 0
0.4088476968722441 0.3533847348531213 0
0.1899737054720487 0.2839920777597029 0
0.3466826539616176 0.1210943832094208 0
0.01533119167134489 0.5083904763405841 0
0.21192577465162 0.7250150503958219 0
0.2614455997560927 0.314652697657552 0
0.3555847707025949 0.1211286430350447 0
0.203379695954871 0.3845469747546503 0
0.2436094579507297 0.2993716623223827 0
0.2569576664066723 0.3070334114441934 0
0.2927933864947621 0.07477474883489922 0
0.2079057335867101 0.3767570874744337 0
0.2479921685544919 0.2915507690700057 0
0.2975198631847762 0.06697128971620285 0
0.3107152004266781 0.07475559228449313 0
0.9858878463039946 0.22236807198991 0
0.6013322957561227 0.3921908509768606 0
0.4222476617273275 0.3610345998743155 0
0.2256803785907157 0.2839138013232362 0
0.323433764545119 0.5002160765273763 0
0.4356824977372706 0.368792736138441 0
0.216853143690026 0.3767408913257849 0
0.2163620063304603 0.6398280277294539 0
0.01521301724039407 0.3219297930348378 0
0.3278892366391574 0.4924692000554948 0
0.3323753532304057 0.4847218563382874 0
0.2257941163428954 0.3767442796123632 0
0.3197036752850805 0.07477062587173172 0
0.2119277047840147 0.7095417812725144 0
0.3413201220429193 0.48469006155153 0
0.3457802455918476 0.4769633136186123 0
0.3502521426717168 0.4692101294880533 0
0.00727643216896588 0.5581243641432514 0
0.354723968644889 0.4614566323595864 0
0.7357065075024982 0.392137947941775 0
0.2163597102068486 0.6243396652128825 0
0.2119306978927573 0.6940655252250011 0
0.3671441578623321 0.5308582915313536 0
0.2163610978806911 0.6088475920081282 0
0.01532850929060417 0.08981647360948937 0
0.2346915726775535 0.3767676963659107 0
0.3636837801851671 0.4614284086567311 0
0.3682000381970934 0.4537190218309347 0
0.2119322388285919 0.6785875116647371 0
0.2435680602832191 0.3767626690643117 0
0.2163603467542872 0.5933556083419611 0
0.3771112808702935 0.4536861107527114 0
0.2480893987497843 0.3690490052433583 0
0.2163585935955627 0.5778662353825681 0
0.2569443382181038 0.3689947792069442 0
0.4937390060107537 0.3762437146887433 0
0.2119348070884029 0.6631062357650509 0
0.216357705340791 0.5623769363385138 0
0.2525206154915569 0.3458186775469967 0
0.5521869295116304 0.3845657490790981 0
0.2163550022733525 0.5468873197498704 0
0.4091556456708902 0.1985876867694323 0
0.5789075934878757 0.3687714953750206 0
0.4001941784420605 0.2141776343083576 0
0.4046680976223097 0.2063599831297618 0
0.1496392296371074 0.3844962315027542 0
0.2525008002005399 0.3303673899916675 0
0.2163557606786499 0.5313959544857672 0
0.2119356584167404 0.6476230388415118 0
0.2569416173308688 0.3226209565798245 0
0.4046538184323663 0.2219392160175875 0
0.2163493598999053 0.5159137164517158 0
0.4091298920284913 0.2296443694564144 0
0.8381034517174941 0.2602188977077836 0
0.2119382158335709 0.6321367442750562 0
0.4135679553200593 0.2372806350532749 0
0.8291831659216601 0.2601971787264617 0
0.4091151335512224 0.2449898525134987 0
0.4046148400841003 0.2527750073214689 0
0.2252920236881118 0.4849380517651052 0
0.8202243733104937 0.260194857067195 0
0.9928773974435315 0.1643641261028811 0
0.07369633423297041 0.5158875014156222 0
0.5387517752966585 0.3922165295371931 0
0.6419258204248962 0.384611148667415 0
0.2119377455129867 0.6166477111793297 0
0.04837007798822671 0.007069148830776015 0
0.4893187171704541 0.244816546528086 0
0.4983154639148087 0.2448081215705868 0
0.5072966490348254 0.2447855720311648 0
0.211939049630589 0.6011563592274514 0
0.5162533566170391 0.2447701801125586 0
0.5251959551626645 0.2447692747350678 0
0.7979171278741168 0.2370224163073076 0
0.5341394870283912 0.2447677741945403 0
0.2744596472960198 0.3997037071149102 0
0.5520257746432663 0.2447663663595025 0
0.5430821794765137 0.2447666454448347 0
0.4222133233767596 0.2990794620795296 0
0.5609465607566234 0.2447793472281124 0
0.4311927265486948 0.2681335304371474 0
0.4266643688821144 0.2913089911384714 0
0.426721795829943 0.2758637130113351 0
0.1287327069897613 0.007065554842034317 0
0.5698271893889727 0.244775647820958 0
0.7889916812529252 0.2370350881313772 0
0.4043230700396171 0.3301109827597067 0
0.5877140320542098 0.2447931274390099 0
0.4087771913734362 0.3223511476381876 0
0.2119383394284623 0.5856668172712454 0
0.4536069649417228 0.2448417642667376 0
0.4132847818510879 0.3145844620052708 0
0.4445283369530099 0.2603684391304107 0
0.4400562746312311 0.2681068505198041 0
0.4625221522383896 0.2448208484969251 0
0.5743398243802 0.237125745847112 0
0.7845339413549859 0.2447100057951703 0
0.4177500434626847 0.3068315229743476 0
0.4490646916899513 0.2525994019773817 0
0.5967108483988822 0.2447823707795165 0
0.6056696265371727 0.2447775701256659 0
0.2119393184404947 0.5701777781756672 0
0.4714289960660352 0.2447960908770858 0
0.4759545212831502 0.2371380345542894 0
0.7755917689413818 0.2447348715642076 0
0.3464162699406782 0.1986306481763192 0
0.1733777134322495 0.00701539791502489 0
0.6146287363730264 0.2447580772440982 0
0.623562371738635 0.2447701753025209 0
0.200164176102726 0.007013564968643174 0
0.632515499977976 0.244755678022941 0
0.2119385672892836 0.5546892949506219 0
0.766656324311466 0.2447354273969016 0
0.6414494249756912 0.2447676693792469 0
0.650402328639884 0.2447532611289918 0
0.2269513464433448 0.007063124964115986 0
0.6593453698026254 0.2447521452894069 0
0.6682939886924499 0.2447363806786405 0
0.7577084563227187 0.2447475049251015 0
0.2119394458484848 0.5391996562939094 0
0.6861216533186122 0.244751022909692 0
0.6727519349699641 0.2371049384928966 0
0.6950900888727977 0.2447324239325803 0
0.712950252128657 0.2447476963314487 0
0.7487117892865101 0.2447868135618341 0
0.7397559056791533 0.244769087819679 0
0.7218583987391571 0.2447511597107399 0
0.6995775912106319 0.2370949012179444 0
0.7263736715936299 0.2371104034936961 0
0.2119376240086094 0.5237110089732613 0
0.2119482478418174 0.5082481778651859 0
0.767101208498399 0.3845844920765893 0
0.2164004641570361 0.5004955867420521 0
0.793631315858296 0.3685400463303548 0
0.2208620832281842 0.4927200394106863 0
0.01550669829160385 0.8940763598965751 0
0.2209493294959178 0.4772419025305603 0
0.2254510060312671 0.4694947979882065 0
0.007481291888997988 0.1026785714289988 0
0.2342544328245058 0.4694774494760806 0
0.7536655856922151 0.3922132545931687 0
0.2387303498288615 0.4617550784288134 0
0.5923794349095414 0.3763499628506001 0
0.2432020900615145 0.4540123144837036 0
0.2476727088486334 0.4462666478555331 0
0.5161432842990525 0.3840817038661735 0
0.2521432961874424 0.4385208335105415 0
0.01584315694721619 0.6327215481427452 0
0.256613951922587 0.430774555898039 0
0.2610844545737252 0.4230280233589359 0
0.2655642249048116 0.4152762815695635 0
0.007448433410943628 0.3348214285728219 0
0.3373827795097181 0.09030527595728716 0
0.2700290060291184 0.4074926046725879 0
0.7175239941632123 0.3764046753079738 0
0.01533127761241898 0.2597341720932634 0
0.3507982390815306 0.1443445764792331 0
0.2701309576954077 0.392020136503591 0
0.2746046636138433 0.3843195773236782 0
0.2834111042573407 0.38427921255586 0
0.01541189848541887 0.02786340308474928 0
0.2878912315182242 0.3765445663244089 0
0.2970330646245739 0.3609826466064679 0
0.2924403268111094 0.3687687904260313 0
0.3059966227308291 0.3609416831035117 0
0.2795214490300387 0.06705822656790557 0
0.3149741136325969 0.3608994158792834 0
0.7983161198714859 0.3921875189798288 0
0.3239209234728871 0.3608981279641166 0
0.85614759585693 0.3838794796897017 0
0.9930304090473763 0.1555802974629152 0
0.3328487376160055 0.3609165719111571 0
0.007161954948308302 0.4956370607785716 0
0.3417782425234627 0.3609180311550237 0
0.7310510313289874 0.3841122386471423 0
0.01616336718150179 0.9259698212374111 0
0.3505898299731765 0.3609105502073567 0
0.3552052168758298 0.3532246543850758 0
0.3769430968385872 0.4226215331514757 0
0.9853590917356868 0.09790315829729099 0
0.900955866642645 0.3839688347775178 0
0.0160176890076437 0.9728201114973182 0
0.5877779176157709 0.3846030629938567 0
0.5025574834465527 0.3762284873025701 0
0.9918480551530493 0.1374333220033916 0
0.7087482598034549 0.3763617619158313 0
0.7936950101547268 0.3842977539880462 0
0.007373646827315913 0.835112249367381 0
0.0161640845327949 0.3997713085815681 0
0.7222610409549498 0.3844591796909761 0
0.01579383354862632 0.6937041886299321 0
0.8250654813050953 0.3919621716628912 0
0.007822502612293837 0.9415075502117396 0
0.5341730076237009 0.3844558710208957 0
0.869834283193349 0.3919305612271669 0
0.01597454020871472 0.1675157513782909 0
0.6327972281807976 0.3846863840976772 0
0.6193528234578606 0.392445560871706 0
0.5071657868592808 0.3839856423278863 0
0.007554155655214456 0.2286008603577289 0
0.0155062733355171 0.6000699073754112 0
0.01701360106846429 0.7714904001480527 0
0.008379251894426003 0.8795157992366974 0
0.007234119890995508 0.7538834168841415 0
0.007226579100728198 0.4596426447809229 0
0.01610711007947019 0.1365038937213863 0
0.01600741188341786 0.3685310159113698 0
0.2895898449248007 0.006827015732690974 0
0.02075918291260629 0.9487291517567004 0
0.01699680296793128 0.5857376614364225 0
0.3926998191114316 0.4137644087104544 0
0.7490646690839116 0.3844526909948557 0
0.01357062927097307 0.007082526154272831 0
0.01340385042159331 0.9916988168610329 0
0.992053811187958 0.01405141533656095 0
0.9849514903477323 0.03755187266447889 0
0.9933019865384001 0.3863177163341836 0
0.3861954640229128 0.9930475318268718 0
0.01544953741133912 0.06058228735106959 0
0.9456827306159956 0.3839379724653383 0
0.00755014633134827 0.2908307397208164 0
0.9503528577411149 0.3917530119246136 0
0.007664178794609716 0.1210149667880453 0
0.01634422805895969 0.3065729793730879 0
0.01696158726917318 0.07489821355930312 0
0.9852681418421552 0.3292739925254463 0
0.05724794804348679 0.9931525163275918 0
0.0154245096139412 0.5248051195310359 0
0.007651539928070162 0.3531129930778271 0
0.9675602017585687 0.02127745514149508 0
0.01691411308049211 0.5391586555109045 0
0.01641220729921852 0.2445537805651238 0
0.1372758638288037 0.9932216641054268 0
0.0071416343928036 0.4151785714302991 0
0.9457854978654661 0.01380745504339782 0
0.3204186187532632 0.01383530307049096 0
0.1639427451275197 0.9932229840592606 0
0.3829305925545014 0.01358064812537602 0
0.4064764590924314 0.007348076809959408 0
0.4331568842319521 0.007324130244481503 0
0.1906811938478116 0.9932607626701266 0
0.01690564492223591 0.4771102369499901 0
0.5313783429833315 0.007321850927117023 0
0.5939772295621212 0.007361205477216111 0
0.6146897300098462 0.3845163443142937 0
0.6206556438882624 0.007328860876655142 0
0.8739319329739526 0.02903563358242526 0
0.815450604379499 0.02124739086798529 0
0.8116730101218002 0.01396177607843684 0
0.7189851927936564 0.007358232031514321 0
0.749360839622744 0.01375628189897138 0
0.8745021793794889 0.01455837490118445 0
0.8654055194937317 0.01403897682511171 0
0.9931623183909741 0.2799969193406283 0
0.9853423093124098 0.2672996816451516 0
0.377658977515274 0.9514571488462873 0
0.3766777638763453 0.4381316295523701 0
0.7980622866928725 0.3764048546388575 0
0.3851811383999367 0.9013002775762651 0
0.9930307646873806 0.04888888888880398 0
0.3760757922673831 0.9652545323195776 0
0.2174476117876391 0.9932926609429661 0
0.9930929826709941 0.3422222222220683 0
0.9931017485999404 0.1111111111108456 0
0.2440855525725812 0.9932209647791594 0
0.3853257615444778 0.8567164819751683 0
0.3856813106456761 0.4551423257487128 0
0.9845535111515133 0.1757358058653754 0
0.9845909084320004 0.08242594362016789 0
0.9842713883741008 0.1438776853410165 0
0.2885938209946426 0.993259652548928 0
0.992835459080025 0.2352237089287376 0
0.3508772810711041 0.9932978113030903 0
0.9845387319063241 0.313801034296924 0
0.9847061788788696 0.3758036689070069 0
0.9934095244337273 0.1911091567603031 0
0.984433389984096 0.2992997202878471 0
0.9843531560416355 0.06767753413419957 0
0.9844055431268932 0.2519884386513093 0
0.3933497385263608 0.9776119402984388 0
0.3694885994132506 0.5441691617287503 0
0.984453182183798 0.3611651208592422 0
0.3849196322866367 0.8110709077346774 0
0.385067350341475 0.8720849761970875 0
0.3628386749524923 0.771512819221713 0
0.3627895385178121 0.7091868899085122 0
0.006671573580774079 0.1994545650965079 0
0.3626510438236727 0.6012406510403203 0
0.00654376340695359 0.4316888242764969 0
0.3850776058435164 0.4690858489195223 0
0.006640757468146011 0.8629860365244113 0
0.3626071287566467 0.6467370561450556 0
0.02186913633202536 0.8260752826795748 0
0.3852340341553894 0.840097794695986 0
0.3937489734555635 0.8253731343278871 0
0.941395822683616 0.006920057462359808 0
0.9641351856801313 0.01405059407599683 0
0.8610572387681463 0.006989478346902404 0
0.8517767525799907 0.007068219478288934 0
0.9138548135565716 0.0224269360376821 0
0.9184487340330066 0.01473314834628221 0
0.9322286329002745 0.007081734874799453 0
0.8297712867937191 0.01452667020723929 0
0.977067326855632 0.02178913944623244 0
0.8074332785748141 0.006972992122396103 0
0.9274685560436184 0.01439483199117246 0
0.9549808785009855 0.01397718275578906 0
0.74496055095646 0.006896196196172781 0
0.7219827809965106 0.014557941123909 0
0.9098771308218444 0.02952572557997344 0
0.9016664727477706 0.02945693270238602 0
0.8473681498752645 0.01426700170335585 0
0.8388358522216746 0.01427449209112569 0
0.6242625144068213 0.01427459667805851 0
0.8927967850284626 0.02946488263287605 0
0.8248343514334505 0.02159414925754211 0
0.5969582761919471 0.01456124423919075 0
0.8835496100416348 0.0294675255698113 0
0.3162903692015312 0.006874532252249771 0
0.5352153391962102 0.01413214715338105 0
0.3625834809615147 0.663431546729657 0
0.4369903885051405 0.01413003065122411 0
0.7982911504438283 0.007068482256980722 0
0.4101750278633851 0.01410853553516203 0
0.7358197427316544 0.007069331764108689 0
0.3788193009850763 0.006811986121418302 0
0.7088281776509315 0.007073606104574697 0
0.6107236578879967 0.007107089579828401 0
0.5838185641781752 0.007070360202451842 0
0.7935100259515147 0.01435544092477854 0
0.7844887331933081 0.0146031193813302 0
0.7756983739297141 0.01449217805082037 0
0.7673325794500068 0.01415337851419019 0
0.7583579032600498 0.01396462240294616 0
0.521589975576618 0.007042487174258601 0
0.7309939741630285 0.01443027252641339 0
0.7046488273726117 0.01418137652824548 0
0.6963135319560361 0.01397351557067605 0
0.6874999999991779 0.01387244296876096 0
0.6785714285705818 0.01387174217084523 0
0.6696428571419881 0.01387120212309065 0
0.6607142857133896 0.01387048247660932 0
0.6517857142847966 0.01386992288500429 0
0.6428571428562041 0.01386917966019549 0
0.6337018199414839 0.01403598239137671 0
0.6059540371351682 0.01450456989296196 0
0.4235933567260049 0.007031203925331589 0
0.5796362047891684 0.01417789604320265 0
0.3967980247373224 0.006983109363725207 0
0.5713112563526459 0.01396566878932336 0
0.5624999999988514 0.01386316401184607 0
0.5535714285702514 0.01386238869046101 0
0.5444933509065486 0.01397425144991237 0
0.370194259778574 0.006917541090220268 0
0.5173009221433974 0.01410025254696965 0
0.5088326090272852 0.01395530323038032 0
0.499999999998692 0.01385835677242251 0
0.4910714285701377 0.01385778592496835 0
0.4821428571415916 0.01385699520355363 0
0.4732142857130451 0.01385642772962174 0
0.4642857142845037 0.01385564610923259 0
0.4553571428559546 0.01385508282278216 0
0.4462761798740221 0.01396838249007642 0
0.3566611832171823 0.01407179597301227 0
0.4189277169672109 0.01408591768827556 0
0.3920169815028052 0.013879468833032 0
0.3653360614348614 0.01397749566813731 0
0.3624541422378939 0.5845320504107105 0
0.02157392278784391 0.6562206860924257 0
0.3708411830419341 0.9100922903579558 0
0.3480930076810708 0.01387662093697498 0
0.3388006522752852 0.01412197849143839 0
0.3295102590114392 0.01405426215789417 0
0.3076629601962739 0.006841805739228589 0
0.3622972883273625 0.7258975876164583 0
0.3622126232304743 0.7549471095860766 0
0.01459657610862796 0.7068609324989694 0
0.9932991726460365 0.2074796619363369 0
0.05165411316863325 0.01451746465655147 0
0.1320237346614386 0.0145062697899999 0
0.1765799928563611 0.01456186563616795 0
0.2035878578547625 0.01437543636304933 0
0.2300912943210584 0.01462760176273141 0
0.2398849566244096 0.01415069774030607 0
0.02547504819028427 0.01418988944145402 0
0.03437975132222605 0.01391548327132555 0
0.03946472224735428 0.007068482112157219 0
0.09598118886367604 0.01480777416318177 0
0.06039824261008499 0.01467994256618441 0
0.06943739069927213 0.01455773811829452 0
0.07812215311230078 0.01480793034404859 0
0.08716960162671929 0.01468573575224032 0
0.1050795690256993 0.01462408723847143 0
0.1146190578569315 0.01399136549233521 0
0.1198058303102609 0.007078857523415354 0
0.1407644828144922 0.01467352670984462 0
0.1499010301060391 0.01443191086106489 0
0.1592943631255554 0.01396123147634857 0
0.1860690287819785 0.01397406698222317 0
0.1644554121073761 0.007066299813457752 0
0.1912453279312007 0.007062577868176327 0
0.2128931974857058 0.01396440402979649 0
0.2180382135761976 0.007068874674532048 0
0.2676241424619836 0.01375228025634419 0
0.2588035878308215 0.01374959160015256 0
0.2495970601640464 0.01390739469994706 0
0.3619758924710236 0.5554809314294761 0
0.02172760386350622 0.7182000056556846 0
0.005875619046668004 0.1830357142864761 0
0.9859068531523132 0.02223225752631251 0
0.3619831804263697 0.6926946796523402 0
0.3379169417657037 0.986822309968942 0
0.2756115555109619 0.986770968397631 0
0.2217084708181088 0.9864693555899976 0
0.0172878241228628 0.01379166024420606 0
0.230811470555621 0.9866466036064436 0
0.02190611523043982 0.8089610180122687 0
0.2479079091369765 0.9861170249310713 0
0.2036269664628455 0.9864498117198439 0
0.3024531055323748 0.01390972489613239 0
0.2924858697631447 0.9861829994331069 0
0.1404645340077829 0.9856419827450922 0
0.06137877025788796 0.9862468484488858 0
0.3622614844946773 0.7879021795973077 0
0.1680649587252195 0.9863535655184015 0
0.1947011518875934 0.9863730516155551 0
0.354666984132794 0.9861048568978525 0
0.01468242728442869 0.6441544486229114 0
0.3619796731181992 0.6176551851269376 0
0.2085860475925582 0.9932372127304611 0
0.23535545584119 0.9932678964583831 0
0.2571552666652439 0.9862438115566563 0
0.2664636626713226 0.9864766031431109 0
0.310861507308745 0.9863507347922906 0
0.2799132889842493 0.9932756339573043 0
0.3016267034141425 0.9862145557380992 0
0.3198580301865179 0.9863853933160895 0
0.08000000000022527 0.9865838454651562 0
0.08888888888913053 0.9865844415599517 0
0.07081491801057621 0.986363421121589 0
0.09777777777805025 0.9865850680110255 0
0.1066666666669543 0.9865857755777927 0
0.3288369451685274 0.9865285710075078 0
0.1155555555558818 0.9865866408802225 0
0.01345594200052614 0.982140953689318 0
0.2809734551713212 0.006814433526715074 0
0.1286721118100145 0.9932429425544919 0
0.1499737287799384 0.9864193500602726 0
0.3707458894150183 0.5075339614789197 0
0.04839719915570326 0.993346424047675 0
0.1550201221967329 0.9931431601277672 0
0.04279915592956785 0.9857901019092653 0
0.1238478992002496 0.9864385313138136 0
0.1773926406665613 0.9865629038215571 0
0.1819341152940714 0.9932342993843726 0
0.03380700019706465 0.9856947911393306 0
0.3620320563505732 0.6304903884971244 0
0.3639330223704036 0.9863688503982908 0
0.3727664028542416 0.9862662355291545 0
0.02549682377137918 0.9861173970452677 0
0.3817134480541829 0.9862171738659719 0
0.3421793313101046 0.9933030379339912 0
0.2760967065454685 0.01374891129003667 0
0.361898027416218 0.6798515150677954 0
0.293592836546571 0.0138286416830706 0
0.3619344909883072 0.5682817359767739 0
0.9943940244368406 0.1288888888885724 0
0.006631804629732296 0.8507439022580654 0
0.3618830408501673 0.7413967963484411 0
0.3770790760163515 0.7966350824823327 0
0.01330420396641345 0.9019790696703048 0
0.01317405101534787 0.7947363061777072 0
0.01338622499527323 0.9194498126028332 0
0.006530629599200282 0.2117872118803375 0
0.01312371845323283 0.5623926289604265 0
0.3704813676383778 0.9272276376970996 0
0.3856386298590469 0.8856474450816558 0
0.3705225464579723 0.5244170561625618 0
0.006521617386065038 0.4439454843914001 0
0.01327878774760543 0.6699845896375941 0
0.3856508987927563 0.4826409910450182 0
0.01324482002509794 0.6872261877677756 0
0.01304638615786148 0.09836724988600112 0
0.01323740772935409 0.3752715947627331 0
0.01302746632607753 0.3305300462040508 0
0.01302811839190216 0.4998959529644847 0
0.01313899401992513 0.6249691780037423 0
0.01329626606313319 0.1432007302847358 0
0.01311926683031569 0.7321835340253027 0
0.02217947567473086 0.9657849715528453 0
0.01308119897540994 0.03578129460058141 0
0.01306222883482052 0.2679465808331794 0
0.0131143709965801 0.1606919511753352 0
0.01310682189130394 0.3928416199581556 0
0.01334528319868866 0.6074332423584914 0
0.3934507545267676 0.9934331781496317 0
0.9934331781496764 0.3934507545267877 0
0.993631714989484 0.006369283067083545 0
0.006532301999964791 0.9934571360971053 0
0.9937489730174898 0.2197096966450361 0
0.3934448186190984 0.406555123388929 0
0.01321660774286792 0.8399354207115892 0
0.006536167924744019 0.006536167924758501 0
0.01330715284246422 0.05327126611572278 0
0.01319412939783538 0.2229369242261396 0
0.01356453232439555 0.5453652829174922 0
0.01295563337852138 0.4549366145213067 0
0.01326173005087165 0.5172713235381057 0
0.01336009918903415 0.3129625995590722 0
0.01392235019413592 0.947863783985052 0
0.01360896389062633 0.5794874337626009 0
0.01353582997214758 0.08112644151925839 0
0.01363117904919648 0.7776937067806107 0
0.01317321416703528 0.7491946641246814 0
0.379308539887002 0.493942516950034 0
0.9873416886845515 0.1060626191941217 0
0.9875568312044573 0.04486335815973248 0
0.9876265650764543 0.3382290188301263 0
0.01340035640206821 0.2849928932548667 0
0.01353407661888741 0.2509722305879554 0
0.9875981308913436 0.2759243260708227 0
0.01364364406435585 0.4834120353868847 0
0.3701580356094161 0.9402886193954438 0
0.01908187177056318 0.9865594856355848 0
0.3789037148627863 0.9589862989468516 0
0.9872541961921678 0.1689177611565364 0
0.3793585635102162 0.431207255692316 0
0.9871464430112111 0.08967146697790639 0
0.3793613208432973 0.8964552602766591 0
0.9871488796787073 0.3210223503516464 0
0.9871750474906709 0.2921880521403813 0
0.9872861364066959 0.1510669651709838 0
0.01354066949262136 0.114912458963913 0
0.3793509594710769 0.4138197139845841 0
0.3874175950190584 0.9726296307061306 0
0.9870048416225157 0.2591045408262857 0
0.01355262097977926 0.3469726498839076 0
0.370586805392754 0.5366432318122974 0
0.01368062446684821 0.8732278479738445 0
0.9871479887068679 0.3544361491230645 0
0.9870350704415494 0.06132284867030136 0
0.0138024150185325 0.8858149489954292 0
0.005189448716996708 0.9331281182126692 0
0.9873792124713057 0.2304126275728094 0
0.01391199472825732 0.01986895302625164 0
0.9875456515527414 0.3829168140775996 0
0.01369944392163858 0.421519103226366 0
0.005025634861287792 0.4064594771870682 0
0.004960022693571885 0.2366497878934264 0
0.00506937085693955 0.1293728378138848 0
0.005060185946254116 0.3614999197698069 0
0.004937256484038637 0.2990870523937854 0
0.9780065326981755 0.138252858552215 0
0.01387933080633904 0.7652556046534353 0
0.01387700355911106 0.5918344758842286 0
0.01375672177220965 0.4709292724908055 0
0.01383112841765444 0.06882137765100188 0
0.01383039197600047 0.1902937004442388 0
0.3876039730731581 0.8653946517856265 0
0.01380661578297975 0.5330593828020467 0
0.3789061624754381 0.8504433901231516 0
0.3875667729261945 0.4623302322591666 0
$EndNodes
$Elements
1 18748 1 18748
2 1 2 18748
1 6019 7483 9228 
2 4433 7209 9069 
3 5440 455 5993 
4 7483 6019 9414 
5 7493 9185 9465 
6 6207 4794 6208 
7 9185 5803 9465 
8 7640 6702 9506 
9 6702 6700 9506 
10 7233 5355 7234 
11 5829 5187 5830 
12 6738 6736 7452 
13 137 138 5441 
14 144 145 5812 
15 8064 5777 9447 
16 6716 6714 7559 
17 7907 5671 9315 
18 6738 7452 9503 
19 3280 3283 6760 
20 5277 5872 5873 
21 5496 3155 5497 
22 5872 5277 9527 
23 6724 6722 7515 
24 553 137 5441 
25 7559 6714 9501 
26 6730 6728 7500 
27 5498 3484 5948 
28 8047 5317 9319 
29 7894 5291 9314 
30 7209 4433 9294 
31 5495 3155 5496 
32 5187 5829 9407 
33 485 5382 8183 
34 6710 6708 7553 
35 3283 3284 6752 
36 5769 9252 9447 
37 5291 7894 9311 
38 5671 7907 9306 
39 4730 7120 7121 
40 3296 3299 6751 
41 5777 8064 9253 
42 455 5922 5993 
43 430 530 7122 
44 4730 7119 7120 
45 4794 6207 9320 
46 6724 7515 9494 
47 5355 7233 9330 
48 3327 3328 6750 
49 6746 7709 9318 
50 5317 8047 9312 
51 8195 5833 9293 
52 3312 3315 6748 
53 144 5812 9309 
54 9252 3497 9447 
55 4076 7042 7706 
56 429 430 7122 
57 276 572 5384 
58 275 276 5384 
59 7500 6728 9466 
60 9069 7209 9304 
61 455 5440 9313 
62 5327 5326 7765 
63 5833 8195 9560 
64 3311 3312 6748 
65 3484 5498 5943 
66 6208 4794 8839 
67 3328 3331 6750 
68 9289 5299 9290 
69 577 9289 9290 
70 7232 4768 7233 
71 7042 4076 9552 
72 4788 4731 7121 
73 3284 3287 6752 
74 3295 3296 6751 
75 6710 7553 9448 
76 353 5386 9328 
77 145 489 5812 
78 7122 530 9233 
79 5386 353 9505 
80 3279 3280 6760 
81 3497 8064 9447 
82 9421 7479 9443 
83 6760 3283 9322 
84 513 7907 9315 
85 7078 9421 9443 
86 7709 6746 9444 
87 7495 2740 9265 
88 5496 5498 5948 
89 463 7478 9238 
90 5499 5497 9222 
91 51 9276 9386 
92 54 9277 9384 
93 65 9280 9372 
94 7351 515 9256 
95 72 9281 9366 
96 75 9283 9365 
97 86 9287 9364 
98 5388 426 9324 
99 7231 5339 7232 
100 4731 4730 7121 
101 5391 400 9326 
102 426 5388 9511 
103 6959 9275 9403 
104 4053 9267 9341 
105 5337 5336 7740 
106 7765 5326 9517 
107 9423 565 9424 
108 5341 9423 9424 
109 5393 563 5455 
110 451 9457 9502 
111 563 165 5455 
112 9431 2686 9432 
113 5342 9431 9432 
114 7103 9435 9437 
115 9435 3153 9437 
116 9436 486 9438 
117 7098 9436 9438 
118 7945 9272 9344 
119 9439 548 9440 
120 5343 9439 9440 
121 400 5391 9516 
122 7266 9288 9371 
123 559 8047 9319 
124 7234 5355 9225 
125 7284 551 9241 
126 6934 9285 9286 
127 539 6934 9286 
128 3501 9284 9355 
129 9222 492 9307 
130 6040 5161 9321 
131 5382 485 9332 
132 5383 538 9226 
133 7495 9265 9597 
134 9457 5680 9502 
135 5499 9222 9307 
136 3674 6986 6987 
137 5431 9456 9463 
138 9238 7478 9592 
139 9222 5497 9504 
140 7351 9256 9594 
141 6020 7489 9414 
142 7040 4869 9327 
143 5828 3760 5829 
144 5804 7465 9465 
145 4809 9255 9498 
146 6012 499 9173 
147 9456 456 9463 
148 2864 2866 6985 
149 5441 138 9313 
150 5395 4594 5840 
151 501 7894 9314 
152 567 5395 5840 
153 166 167 9259 
154 5570 4809 9498 
155 485 8183 9320 
156 7483 550 9228 
157 9192 6778 9227 
158 5396 568 5510 
159 568 174 5510 
160 5769 4806 9252 
161 3283 6752 9322 
162 5332 7466 9242 
163 9460 6061 9477 
164 551 7284 9591 
165 6749 4454 6759 
166 5894 9487 9489 
167 9487 560 9489 
168 6751 3299 9323 
169 5465 4808 5722 
170 514 9460 9477 
171 6698 7595 9506 
172 5397 573 5511 
173 573 179 5511 
174 7034 7031 7429 
175 172 173 5543 
176 3810 6770 6771 
177 5830 5187 9296 
178 9276 5347 9386 
179 9277 6939 9384 
180 9280 6877 9372 
181 3674 6985 6986 
182 9281 6882 9366 
183 9283 6905 9365 
184 7121 7122 9233 
185 5518 9224 9295 
186 9287 7081 9364 
187 5503 507 9218 
188 8126 5760 9203 
189 5507 8773 8952 
190 9485 5979 9488 
191 165 166 5455 
192 491 9485 9488 
193 216 217 8601 
194 563 5393 5464 
195 9462 5980 9491 
196 2866 6982 6985 
197 7206 6988 9234 
198 7894 2834 9311 
199 538 5383 9585 
200 552 9462 9491 
201 177 178 5568 
202 7918 495 9207 
203 6093 5299 9289 
204 5299 6093 9284 
205 5331 5775 9237 
206 5464 5465 5722 
207 175 176 9232 
208 5161 6040 9514 
209 7213 6353 9248 
210 1602 1557 9190 
211 9235 524 9282 
212 9451 5729 9453 
213 3778 5680 5681 
214 9275 547 9403 
215 180 181 9229 
216 4768 7232 9454 
217 9267 5770 9341 
218 573 5397 5512 
219 9183 472 9236 
220 7493 543 9185 
221 2659 6776 9249 
222 3817 7018 7019 
223 7709 3498 9318 
224 4869 7040 9518 
225 1957 5436 5759 
226 9288 534 9371 
227 9272 556 9344 
228 524 6992 9282 
229 217 6251 8601 
230 7740 5336 9526 
231 5839 4610 5841 
232 563 5464 5722 
233 507 5543 9218 
234 4610 5839 5840 
235 478 7004 7005 
236 5496 5497 5498 
237 4594 4610 5840 
238 9284 6093 9355 
239 562 7347 9198 
240 554 9451 9453 
241 2894 2896 6769 
242 5389 510 9213 
243 9173 499 9579 
244 6988 6986 9234 
245 3810 6769 6770 
246 5803 5804 9465 
247 6649 6650 8862 
248 1338 1528 5672 
249 7460 6740 9503 
250 9057 527 9212 
251 495 5568 9207 
252 5455 166 9259 
253 5676 5402 7932 
254 174 175 5510 
255 568 5396 5519 
256 41 9356 9411 
257 3680 2898 6768 
258 6765 3680 6768 
259 4305 5679 6916 
260 4115 5435 9037 
261 2729 7471 9193 
262 7439 9409 9410 
263 9409 5915 9410 
264 5395 567 5842 
265 2658 7024 9231 
266 3674 2864 6985 
267 3327 6750 9325 
268 7121 7120 7122 
269 5339 7231 8999 
270 179 180 5511 
271 454 5392 9244 
272 6700 6698 9506 
273 2866 2868 6982 
274 217 218 6251 
275 3778 5679 5680 
276 7907 3170 9306 
277 5506 484 5508 
278 4808 5465 9583 
279 507 5503 5842 
280 5508 484 5517 
281 553 5441 9305 
282 3811 6774 6775 
283 2258 5453 7140 
284 9178 2659 9249 
285 457 7490 8844 
286 4073 5306 5426 
287 6650 4654 8862 
288 3194 6248 6250 
289 2846 2848 7017 
290 5398 4341 5434 
291 4073 5426 5434 
292 4341 5398 5436 
293 4800 5427 5428 
294 507 172 5543 
295 48 9363 9391 
296 580 6993 9039 
297 4574 8781 9143 
298 3817 7017 7018 
299 493 7215 9243 
300 2890 2892 6773 
301 4088 4804 5430 
302 1912 5445 5899 
303 1912 5899 5900 
304 8963 472 9183 
305 7475 5308 9055 
306 7494 544 8977 
307 4347 5448 7256 
308 7466 5332 9593 
309 4347 5400 5448 
310 89 9345 9362 
311 480 6772 9169 
312 96 9342 9360 
313 5503 5395 5842 
314 1548 1682 5450 
315 1682 5401 5450 
316 4090 4088 5430 
317 8047 3495 9312 
318 3673 2850 7016 
319 5399 4090 5430 
320 7012 3673 7016 
321 478 7003 7004 
322 2860 2862 6989 
323 5453 5452 7140 
324 111 9333 9339 
325 7462 5311 9210 
326 5756 1913 9194 
327 6712 7527 9501 
328 173 568 5543 
329 102 9335 9336 
330 5448 2685 7256 
331 7069 7601 9000 
332 9340 6806 9350 
333 6032 535 9189 
334 7006 9192 9227 
335 9363 5348 9391 
336 5385 575 9328 
337 141 5923 9415 
338 1913 1548 5450 
339 9101 2658 9231 
340 9401 453 9404 
341 4336 6188 9010 
342 5443 3191 6554 
343 6999 7003 7201 
344 5401 1682 5451 
345 9356 5682 9411 
346 5442 5443 6554 
347 4652 5442 6554 
348 7015 7011 9080 
349 5435 4653 9037 
350 495 177 5568 
351 178 573 5568 
352 3818 7022 7023 
353 5967 574 7766 
354 7310 2688 9176 
355 6019 6020 9414 
356 6993 6992 9039 
357 3815 6990 6991 
358 4879 9401 9404 
359 2898 2900 6768 
360 2216 2214 5727 
361 3680 6765 6767 
362 5366 9219 9527 
363 5510 175 9232 
364 8773 5518 9295 
365 219 220 6253 
366 8773 3684 8952 
367 9333 5344 9339 
368 937 935 5733 
369 9345 7177 9362 
370 9342 5346 9360 
371 2842 2844 7021 
372 1678 1619 5728 
373 4803 5773 9025 
374 3191 5443 6555 
375 5511 180 9229 
376 4800 5426 5427 
377 4788 7121 9233 
378 5760 5759 9203 
379 472 216 8601 
380 4841 3842 9001 
381 505 7377 9062 
382 7489 6020 9445 
383 529 7020 9077 
384 7140 5452 8584 
385 1596 5403 7601 
386 4764 9340 9350 
387 3194 6250 6251 
388 3811 6773 6774 
389 6998 3675 7000 
390 6940 9361 9402 
391 7000 3675 7001 
392 5507 5508 8773 
393 9205 520 9224 
394 2598 6866 8792 
395 6984 3813 6997 
396 218 3194 6251 
397 6628 9359 9400 
398 6235 6233 9043 
399 6772 6770 9169 
400 4812 5446 8650 
401 7232 5339 9454 
402 9335 5345 9336 
403 1575 1529 8850 
404 6236 6237 9040 
405 1957 5759 5760 
406 1557 5672 9190 
407 3814 6980 6981 
408 5565 4362 7582 
409 2020 1983 8821 
410 5424 4362 5565 
411 6565 5447 8699 
412 7006 7004 9223 
413 5923 141 9537 
414 6246 497 6247 
415 1620 7642 8824 
416 7210 7209 9294 
417 5420 1609 5422 
418 4105 5449 8733 
419 2024 2022 8841 
420 1549 1559 5513 
421 984 970 5500 
422 9361 483 9402 
423 6353 7213 9571 
424 1056 5446 6567 
425 482 5387 9324 
426 9359 549 9400 
427 6562 9357 9390 
428 2896 3680 6769 
429 3760 5828 9513 
430 3810 2894 6769 
431 575 5385 9576 
432 3805 3804 5758 
433 2728 7468 9046 
434 2210 5413 6866 
435 4399 5447 6804 
436 2850 2852 7016 
437 2742 4399 6804 
438 3673 7012 7014 
439 193 194 7005 
440 4746 3777 5681 
441 3777 3778 5681 
442 5446 1056 8650 
443 1289 1329 5756 
444 1557 1338 5672 
445 1528 5430 5672 
446 4090 5399 5773 
447 5565 2778 9024 
448 2653 7409 9041 
449 194 478 7005 
450 5408 3192 5410 
451 5400 4347 5756 
452 3820 2218 5457 
453 1983 1932 5454 
454 3820 5457 7143 
455 6641 9351 9382 
456 5363 5856 9258 
457 4125 3820 7143 
458 1529 1449 5456 
459 5411 4125 7143 
460 9357 466 9390 
461 5447 4399 8699 
462 7601 5403 9000 
463 5418 2635 5419 
464 4801 5676 7932 
465 3192 5408 5457 
466 5450 5402 5676 
467 2218 3192 5457 
468 956 949 5791 
469 4827 5307 5466 
470 4093 3812 6556 
471 5449 4867 8733 
472 1449 1514 5456 
473 5679 3778 6916 
474 4305 4800 5679 
475 1514 5412 5456 
476 4998 7602 7815 
477 2868 3814 6982 
478 6866 5413 8792 
479 5308 7475 9543 
480 5415 3190 6869 
481 3536 3839 5809 
482 9251 4805 9482 
483 3818 7021 7022 
484 6997 3813 7136 
485 6188 4658 9010 
486 3815 6989 6990 
487 481 5390 9326 
488 9351 542 9382 
489 8871 6650 8876 
490 3675 6998 7136 
491 7020 7018 9077 
492 6980 3814 7161 
493 2884 2886 8501 
494 2264 7895 8797 
495 1020 1012 6568 
496 5452 5513 8584 
497 4662 8871 8876 
498 6235 3409 6239 
499 1932 2082 5454 
500 9251 9482 9561 
501 3813 6984 7161 
502 6239 3409 6240 
503 2082 5416 5454 
504 472 8601 9236 
505 9237 5775 9586 
506 7472 5323 8742 
507 6248 3194 6253 
508 1983 5454 8821 
509 3398 3806 5774 
510 5244 5431 5433 
511 4923 5244 5433 
512 6987 6986 6988 
513 1529 5456 8850 
514 5403 1596 7602 
515 5390 481 9584 
516 7015 9180 9220 
517 5442 4652 7602 
518 3817 2846 7017 
519 2848 3673 7017 
520 5426 5306 5427 
521 5436 5758 5759 
522 5812 5376 9309 
523 135 9099 9208 
524 7496 532 9026 
525 3838 3414 8875 
526 6748 3315 9329 
527 5435 9033 9036 
528 9033 5432 9036 
529 5944 5409 8878 
530 2401 5467 5700 
531 6203 537 8986 
532 4799 5398 5434 
533 3190 2026 6871 
534 5505 3752 6389 
535 2892 3810 6773 
536 3811 2890 6773 
537 3190 5415 6868 
538 221 222 6254 
539 5426 4799 5434 
540 5438 3752 5505 
541 9193 7471 9557 
542 5527 4631 5539 
543 7517 6726 9494 
544 4108 3746 5474 
545 3816 7015 9080 
546 4660 5527 5539 
547 2617 5561 7085 
548 4814 4817 6867 
549 5561 4675 7085 
550 5407 8843 8854 
551 6740 6738 9503 
552 5406 5407 8854 
553 3742 4073 5434 
554 4341 3742 5434 
555 2026 2024 6871 
556 2778 5565 7582 
557 1301 5414 5504 
558 5359 5505 6389 
559 4341 5436 7394 
560 5436 1957 7394 
561 5404 2739 8784 
562 1609 5420 5500 
563 2426 6649 8862 
564 2862 3674 6989 
565 3815 2860 6989 
566 6967 7350 8885 
567 970 1609 5500 
568 2401 1882 8616 
569 6871 2024 8841 
570 6776 9057 9212 
571 1702 1701 8663 
572 3752 5438 5474 
573 7003 478 7201 
574 5416 2082 6059 
575 6352 6353 8883 
576 517 9257 9259 
577 3746 3752 5474 
578 2266 2838 8446 
579 1856 1633 5900 
580 1633 1912 5900 
581 2886 6777 8501 
582 1682 1549 5513 
583 3193 7693 8622 
584 1916 1866 5853 
585 5353 8048 9577 
586 5366 5367 9219 
587 2778 5733 9024 
588 5524 1701 6963 
589 6118 1835 8642 
590 6999 7000 7003 
591 5773 4803 8966 
592 6998 6997 7136 
593 5728 1620 8824 
594 3192 2216 5727 
595 2214 3180 5727 
596 3409 6235 9043 
597 5472 4880 7673 
598 6984 6980 7161 
599 3363 6236 9040 
600 3193 5472 7673 
601 4827 5466 5901 
602 4125 5411 7144 
603 4897 4850 5523 
604 3194 219 6253 
605 220 497 6253 
606 6771 6770 6772 
607 4897 5523 5524 
608 7465 5804 9406 
609 5412 1514 5944 
610 5413 2210 6867 
611 7429 7031 9515 
612 4559 5444 7708 
613 5467 2401 8616 
614 2778 937 5733 
615 5444 4559 5467 
616 4362 5424 5791 
617 935 1301 5733 
618 2635 5418 5853 
619 1913 5676 9194 
620 5311 7462 9559 
621 5414 1301 7088 
622 5467 4559 5700 
623 2653 5563 7088 
624 1619 1620 5728 
625 3818 2842 7021 
626 2844 3817 7021 
627 2635 1678 5728 
628 517 5839 9257 
629 7233 4768 9330 
630 5422 1609 5791 
631 497 6246 6253 
632 3674 6987 6989 
633 1056 6567 6568 
634 4106 8768 9083 
635 3791 7144 7247 
636 1701 5524 8663 
637 7487 5328 7491 
638 4024 3821 5901 
639 8829 4502 8836 
640 5430 4804 5672 
641 5472 3193 8622 
642 3615 8126 9203 
643 3565 5959 8604 
644 6188 9005 9009 
645 4091 5401 5451 
646 4112 4091 5451 
647 9005 5171 9009 
648 6566 2783 6568 
649 4897 5524 6963 
650 2886 2888 6777 
651 2426 5406 8854 
652 3541 3137 5704 
653 4815 4813 6869 
654 6247 497 6254 
655 1447 1446 5945 
656 5406 2426 8862 
657 1835 5492 8642 
658 9192 7006 9223 
659 4654 6650 8871 
660 7024 8963 9183 
661 2274 3570 5509 
662 1912 1602 9190 
663 2838 7025 8446 
664 6352 4662 8876 
665 3155 5495 9301 
666 7355 4930 8649 
667 4662 6352 8883 
668 5563 2653 9041 
669 5398 3805 5758 
670 4914 4115 9037 
671 3804 4650 5758 
672 4923 5433 5879 
673 4483 5460 5650 
674 5686 6010 8825 
675 1977 2191 5966 
676 2258 2250 6555 
677 2250 3191 6555 
678 4813 5415 6869 
679 4100 4098 6059 
680 3842 5809 9001 
681 7019 7018 7020 
682 3414 7246 8875 
683 4347 1289 5756 
684 1329 1913 5756 
685 5959 4889 8604 
686 4746 5681 5682 
687 6616 8979 9096 
688 5471 4879 5697 
689 3414 5879 7246 
690 5563 5414 7088 
691 4863 5476 5696 
692 6556 4574 9143 
693 3619 5479 5480 
694 7005 7004 7006 
695 1913 5450 5676 
696 1609 956 5791 
697 949 4362 5791 
698 5520 3456 7802 
699 5475 5520 7802 
700 6776 6774 9249 
701 5498 5497 5499 
702 4086 4795 5464 
703 3812 4574 6556 
704 8878 5410 9100 
705 5443 4093 6556 
706 1631 1855 8833 
707 573 5512 5568 
708 3810 6771 6773 
709 5500 4812 8650 
710 4998 5442 7602 
711 7602 1596 7815 
712 3842 3536 5809 
713 7283 7282 8840 
714 4807 4803 9025 
715 3839 5523 5809 
716 2838 2840 7025 
717 3196 5475 7802 
718 5448 4807 9029 
719 8934 5965 8944 
720 4807 9025 9029 
721 2591 8203 8757 
722 5460 4483 5651 
723 167 517 9259 
724 6925 9016 9023 
725 5774 5773 8966 
726 5393 4086 5464 
727 5409 5944 8863 
728 5475 3196 5481 
729 2030 2028 6868 
730 2783 1020 6568 
731 5841 4610 8712 
732 1012 1056 6568 
733 964 8934 8944 
734 3754 5494 5948 
735 6566 6565 8699 
736 2582 2584 5535 
737 5494 5496 5948 
738 2874 2876 7136 
739 5513 1559 8584 
740 6869 3190 6871 
741 9016 3893 9023 
742 4128 5514 5515 
743 3196 4484 5481 
744 3528 2274 5509 
745 5540 1071 5651 
746 3398 5774 7055 
747 2870 2872 7161 
748 5458 3528 5509 
749 6988 9235 9282 
750 3754 5462 5494 
751 4128 4872 5514 
752 3528 5458 5650 
753 3806 4090 5774 
754 8838 6247 8909 
755 5462 3754 5567 
756 510 5389 9580 
757 6052 5468 8050 
758 6804 4105 8733 
759 170 171 5842 
760 6992 524 9039 
761 6052 3670 6053 
762 984 5500 8650 
763 4864 5471 5697 
764 5469 5477 7991 
765 1656 5468 5469 
766 2268 4863 5696 
767 3670 6052 8050 
768 6726 7517 9466 
769 5468 1656 8050 
770 3197 2586 5657 
771 1656 5469 7991 
772 6859 2598 8792 
773 7470 5530 8552 
774 6053 3670 7986 
775 2914 5477 5574 
776 5477 2914 7991 
777 888 8951 9166 
778 5501 3197 5657 
779 631 9031 9035 
780 2914 5574 7975 
781 3540 3803 5950 
782 3811 6775 6777 
783 5330 7908 9578 
784 6819 6927 8801 
785 1403 1402 8673 
786 9031 5561 9035 
787 4672 3825 7768 
788 3679 2884 8501 
789 6775 6774 6776 
790 222 3819 6254 
791 497 221 6254 
792 2888 3811 6777 
793 5522 5303 7078 
794 4072 5522 7078 
795 5481 4484 5482 
796 1415 1414 8648 
797 7546 5690 8679 
798 3716 5841 8712 
799 3849 8418 8518 
800 5415 4814 6867 
801 2783 6566 8699 
802 4817 5413 6867 
803 5574 4434 7975 
804 4784 4062 5516 
805 1419 1418 8633 
806 8994 6592 8998 
807 8992 7572 8993 
808 5419 2635 5728 
809 6099 6100 8404 
810 8781 5453 9143 
811 3740 8992 8993 
812 5318 5726 8444 
813 6153 5659 8672 
814 5428 5427 5429 
815 8815 5896 9022 
816 1439 1438 8615 
817 452 5856 9261 
818 3994 8994 8998 
819 3817 7019 7021 
820 2264 8797 8841 
821 2264 2020 8821 
822 5410 3192 5727 
823 2907 3209 5857 
824 4434 5574 5575 
825 1452 1451 8598 
826 4114 4483 5650 
827 1456 1455 8581 
828 3631 7069 9000 
829 2742 6804 8733 
830 5410 5727 9100 
831 7024 7022 9231 
832 6366 8340 8500 
833 8985 6587 8989 
834 7089 3631 9002 
835 1590 5579 5583 
836 3739 8985 8989 
837 3631 9000 9002 
838 1460 1459 8556 
839 1590 5577 5579 
840 5788 3544 7903 
841 5512 5397 7768 
842 8982 6582 8984 
843 1620 1575 8850 
844 3942 8982 8984 
845 2586 2589 5657 
846 4128 5515 5516 
847 1866 2635 5853 
848 8978 6854 8981 
849 1464 1463 8546 
850 6859 4821 8768 
851 2082 1916 5853 
852 5548 5318 8444 
853 4652 5403 7602 
854 5690 5685 8679 
855 3151 3482 5879 
856 5703 3234 5705 
857 1468 1467 8532 
858 5702 3234 5703 
859 7283 4025 7285 
860 5689 5690 7546 
861 2022 2264 8841 
862 4129 4131 6101 
863 2571 2573 8354 
864 6100 4450 8404 
865 8811 6638 9011 
866 4867 5449 8749 
867 1699 5689 7546 
868 8381 4648 8397 
869 2878 2880 7001 
870 7285 4025 7286 
871 8397 4156 8416 
872 3738 8978 8981 
873 3675 2878 7001 
874 1472 1471 8517 
875 3544 5788 8257 
876 1496 1495 8376 
877 4648 4156 8397 
878 2573 2575 5656 
879 8808 4977 9003 
880 1492 1491 8406 
881 4156 3728 8416 
882 1476 1475 8494 
883 1488 1487 8425 
884 1480 1479 8467 
885 1484 1483 8442 
886 3814 6981 6982 
887 3197 5501 5531 
888 5788 5786 8257 
889 4661 4336 9010 
890 8805 6471 8997 
891 6776 2659 9057 
892 4815 6869 6870 
893 5879 5433 7246 
894 8803 6475 8987 
895 5409 5410 8878 
896 5548 5353 9577 
897 3680 6767 6769 
898 5392 454 9588 
899 8972 6848 8973 
900 8798 6479 8975 
901 3737 8972 8973 
902 9113 4756 9191 
903 5476 4863 5697 
904 5528 4862 5529 
905 3818 7023 7025 
906 8990 4718 9119 
907 5944 5945 8863 
908 5451 1682 5513 
909 7023 7022 7024 
910 8795 6483 8964 
911 4800 5428 5679 
912 5479 3619 5696 
913 8967 7045 8969 
914 4595 5519 7963 
915 2840 3818 7025 
916 6273 8904 8912 
917 6991 6990 6992 
918 8793 6487 8958 
919 2573 5656 8354 
920 3672 2266 8446 
921 5519 5396 7963 
922 3736 8967 8969 
923 3137 3234 5704 
924 3791 4827 7144 
925 4821 6859 8792 
926 2856 2858 7620 
927 8788 6491 8947 
928 5466 4024 5901 
929 5573 4856 5673 
930 7144 5411 7247 
931 3821 4125 5901 
932 1315 1161 8458 
933 3217 5549 5551 
934 8785 6495 8937 
935 7848 9469 9470 
936 1446 2663 5945 
937 5493 1632 7453 
938 1632 5493 6927 
939 4613 6103 7892 
940 1495 5644 8376 
941 8962 3965 8970 
942 484 182 5517 
943 7494 8977 9548 
944 8782 6499 8928 
945 182 183 5517 
946 5554 3848 5555 
947 4144 5547 6976 
948 6532 8962 8970 
949 4112 5451 5452 
950 5541 2403 5736 
951 1491 5640 8406 
952 973 990 6102 
953 8778 6503 8922 
954 3584 3585 8657 
955 2403 1743 5736 
956 5773 5399 9025 
957 1514 1447 5945 
958 6766 6768 9171 
959 176 495 9232 
960 1487 5636 8425 
961 3615 5432 9033 
962 1402 5584 8673 
963 8741 6148 8845 
964 4895 5557 6539 
965 8774 6507 8916 
966 1414 5588 8648 
967 1882 7673 8616 
968 7565 7068 8783 
969 1418 5592 8633 
970 1483 5632 8442 
971 5899 4914 9050 
972 6251 6250 6252 
973 181 484 9229 
974 1438 5596 8615 
975 1451 5600 8598 
976 8771 6511 8906 
977 1479 5628 8467 
978 1455 5604 8581 
979 5657 2589 6104 
980 1459 5608 8556 
981 8957 6526 8959 
982 1475 5624 8494 
983 9469 5515 9470 
984 4062 4128 5516 
985 1463 5612 8546 
986 3734 8957 8959 
987 4653 5435 9036 
988 1471 5620 8517 
989 1467 5616 8532 
990 7771 2375 8434 
991 5567 4116 5573 
992 4483 5540 5651 
993 8955 6521 8956 
994 2269 2912 6240 
995 3409 2269 6240 
996 1709 5686 8825 
997 4381 3844 8873 
998 4388 7720 8707 
999 3971 8955 8956 
1000 3138 2288 8779 
1001 7693 5459 8622 
1002 4895 6539 8211 
1003 5723 4866 7461 
1004 5453 2258 9143 
1005 5724 5723 7461 
1006 5436 5398 5758 
1007 2567 2569 5905 
1008 1835 1702 8663 
1009 5474 4841 9001 
1010 5685 5690 8629 
1011 3538 3203 7095 
1012 5536 2591 8757 
1013 5181 5724 7461 
1014 5458 4114 5650 
1015 2191 3619 5966 
1016 5724 5181 6931 
1017 5277 5873 9246 
1018 1855 1977 5966 
1019 4451 6153 8672 
1020 4098 5416 6059 
1021 8765 6515 8891 
1022 4862 5528 5546 
1023 7024 2658 8963 
1024 5418 4100 6059 
1025 4854 5567 5573 
1026 8948 3732 8950 
1027 5389 5361 9230 
1028 6286 8948 8950 
1029 4434 5575 6089 
1030 2584 3197 5535 
1031 7172 2761 7435 
1032 7895 2264 8821 
1033 5384 572 9331 
1034 6539 5712 8211 
1035 5483 5482 5484 
1036 5559 1025 5767 
1037 1025 806 5767 
1038 3899 3584 5683 
1039 3673 7014 7017 
1040 4116 4856 5573 
1041 4863 4864 5697 
1042 3899 5683 5684 
1043 2591 5536 5656 
1044 5459 5509 8625 
1045 5464 4795 5465 
1046 5577 1590 6089 
1047 5959 6118 8642 
1048 3420 5566 5695 
1049 933 931 7088 
1050 8814 1151 8837 
1051 3619 2268 5696 
1052 2575 2591 5656 
1053 3847 3996 5546 
1054 5555 3848 5558 
1055 4854 5462 5567 
1056 1745 1747 8698 
1057 8936 6280 8941 
1058 2028 3190 6868 
1059 3731 8936 8941 
1060 2284 2220 5558 
1061 4268 5965 8931 
1062 5514 4872 5950 
1063 5481 5482 5483 
1064 567 170 5842 
1065 8622 5459 8625 
1066 8932 6277 8935 
1067 171 507 5842 
1068 7673 4880 8616 
1069 3974 8932 8935 
1070 7120 482 9446 
1071 2589 5673 6104 
1072 7011 7016 9080 
1073 2210 2030 6868 
1074 4131 5525 6101 
1075 7035 528 8341 
1076 5466 5307 9268 
1077 3619 5480 5966 
1078 1128 1103 6089 
1079 8203 5535 8757 
1080 2876 3675 7136 
1081 3813 2874 7136 
1082 5525 1603 6101 
1083 8931 5965 8934 
1084 8924 6195 8927 
1085 3844 3565 8604 
1086 5526 1864 6517 
1087 7332 5655 8664 
1088 5663 5662 5750 
1089 5562 7771 8434 
1090 6747 7032 7035 
1091 1370 1372 5961 
1092 2872 3813 7161 
1093 3814 2870 7161 
1094 3975 8924 8927 
1095 5562 2221 7771 
1096 4025 7283 8840 
1097 2299 5544 6103 
1098 6444 6442 7171 
1099 5673 4856 6104 
1100 2685 5448 9029 
1101 7642 1620 8850 
1102 8560 6048 8566 
1103 6714 6712 9501 
1104 2582 5535 8203 
1105 1819 8560 8566 
1106 3815 6991 7620 
1107 6442 3244 7171 
1108 5662 4146 5750 
1109 5526 6517 7784 
1110 4614 8021 8726 
1111 6517 2403 7784 
1112 5523 4850 5809 
1113 6103 5544 7892 
1114 6075 8562 8569 
1115 193 7005 8870 
1116 3803 5514 5950 
1117 804 802 8666 
1118 6233 6236 9043 
1119 8907 6004 8914 
1120 6237 6919 9040 
1121 7138 4552 8144 
1122 5182 4174 8752 
1123 4890 5521 8564 
1124 3825 3824 7768 
1125 6747 7035 8341 
1126 5492 1835 8663 
1127 6440 3244 6442 
1128 3544 3540 5950 
1129 1161 5583 8458 
1130 3726 8907 8914 
1131 8559 4890 8564 
1132 5397 4672 7768 
1133 5857 5685 8629 
1134 6927 5493 8801 
1135 3850 6097 8153 
1136 9180 6993 9220 
1137 6180 8722 8729 
1138 2403 5541 7784 
1139 3215 2907 5857 
1140 5522 4072 7565 
1141 3404 3923 7228 
1142 1603 5525 6102 
1143 8930 6332 9051 
1144 8900 6266 9008 
1145 5566 4882 5695 
1146 6555 5443 6556 
1147 8852 6086 8919 
1148 5518 9205 9224 
1149 8996 6372 9066 
1150 5704 8829 8836 
1151 5387 482 9595 
1152 5556 5555 8731 
1153 9028 2181 9087 
1154 6152 8717 8725 
1155 2221 5562 5754 
1156 5683 3584 8657 
1157 3209 3899 5857 
1158 1743 1745 5736 
1159 4146 5662 7997 
1160 1855 5966 8833 
1161 6552 6837 8308 
1162 8562 1820 8569 
1163 3753 4146 7997 
1164 3996 4862 5546 
1165 3853 5789 5817 
1166 2545 7138 8144 
1167 3754 3417 5567 
1168 9097 4745 9172 
1169 5652 4374 6837 
1170 8887 6264 8988 
1171 5544 2299 6102 
1172 8917 6334 9027 
1173 8961 6374 9059 
1174 5579 5581 5583 
1175 8717 1416 8725 
1176 3417 4116 5567 
1177 6288 2370 8626 
1178 5654 3629 5655 
1179 3482 4923 5879 
1180 1819 5521 8560 
1181 9017 6795 9076 
1182 9045 6459 9086 
1183 4947 8118 8732 
1184 8737 6150 8830 
1185 9105 958 9106 
1186 5412 5944 8878 
1187 9061 6602 9103 
1188 3544 5950 7903 
1189 3848 2284 5558 
1190 8722 1589 8729 
1191 3217 5551 5905 
1192 5547 5546 6976 
1193 3414 3151 5879 
1194 9021 6461 9074 
1195 9007 656 9072 
1196 8874 6270 8943 
1197 1071 5540 8454 
1198 5444 3838 8875 
1199 9085 6673 9157 
1200 8835 6085 8901 
1201 5152 5694 6645 
1202 4373 7818 8099 
1203 5694 1286 6645 
1204 5666 4903 7185 
1205 2371 5666 7185 
1206 8418 5547 8518 
1207 1148 1590 5583 
1208 9089 6610 9167 
1209 7000 7001 7002 
1210 6097 3850 8209 
1211 5545 2387 6578 
1212 6435 3240 6438 
1213 1161 1148 5583 
1214 5663 5750 5751 
1215 5553 3219 5905 
1216 6837 4374 8308 
1217 3845 5573 5673 
1218 8340 6103 8500 
1219 9068 6895 9108 
1220 9058 6604 9092 
1221 5509 3570 8625 
1222 1499 5648 8346 
1223 5540 8439 8454 
1224 9071 6891 9127 
1225 5757 4630 8896 
1226 3848 5554 7095 
1227 8153 5182 8165 
1228 8561 6072 8563 
1229 6578 1025 7532 
1230 5545 6578 7532 
1231 4889 5959 8642 
1232 5460 3861 5650 
1233 3861 3528 5650 
1234 6048 6047 8573 
1235 2960 2764 6448 
1236 9075 6887 9139 
1237 6657 6658 8294 
1238 2832 8561 8563 
1239 9078 6671 9149 
1240 5557 4895 7095 
1241 6301 8537 8544 
1242 5415 6867 6868 
1243 5687 4912 8240 
1244 6101 6099 8404 
1245 8566 6048 8573 
1246 1025 5559 7532 
1247 4857 4860 6104 
1248 6172 8719 8720 
1249 6024 8218 8724 
1250 5508 5517 5518 
1251 275 5384 9332 
1252 2858 3815 7620 
1253 3816 2856 7620 
1254 3845 4854 5573 
1255 806 804 5767 
1256 8719 2809 8720 
1257 2964 2962 6446 
1258 990 1603 6102 
1259 1301 5504 5733 
1260 5786 5789 8257 
1261 5521 1819 8564 
1262 7005 7006 8870 
1263 5748 9105 9106 
1264 5584 1402 8458 
1265 8570 6078 8575 
1266 3850 8153 8165 
1267 1763 8570 8575 
1268 2299 973 6102 
1269 568 5519 5543 
1270 3456 5520 8611 
1271 1004 1024 8281 
1272 6175 8714 8718 
1273 5726 3188 8444 
1274 3219 5553 8118 
1275 3847 5546 5547 
1276 7409 7085 9041 
1277 8714 1532 8718 
1278 5709 5927 8867 
1279 5572 3188 8350 
1280 2966 2964 8136 
1281 1499 1496 8376 
1282 8768 4821 9083 
1283 3217 2571 8354 
1284 6567 6566 6568 
1285 9028 5195 9032 
1286 6221 8686 8691 
1287 1078 7113 7363 
1288 5651 1071 6108 
1289 6054 2916 8528 
1290 2569 3217 5905 
1291 5380 5837 9572 
1292 7113 5664 7363 
1293 5946 3849 8518 
1294 5195 5571 9032 
1295 5569 1607 6288 
1296 3219 2567 5905 
1297 1495 1492 8406 
1298 6422 6421 8624 
1299 4671 8881 8939 
1300 8439 6100 8454 
1301 5664 2654 7363 
1302 8844 7490 9550 
1303 9007 5229 9012 
1304 5039 5914 8083 
1305 2964 6446 8136 
1306 6240 2912 6241 
1307 1366 1368 5913 
1308 3588 5564 8218 
1309 5837 564 9572 
1310 1082 5687 8240 
1311 6161 8253 8275 
1312 2654 5664 7178 
1313 3203 3848 7095 
1314 5667 3215 8629 
1315 1607 5569 7898 
1316 6658 4575 8294 
1317 4895 3538 7095 
1318 6157 5926 8447 
1319 5720 5719 8486 
1320 2654 7178 7374 
1321 4661 5461 8979 
1322 1491 1488 8425 
1323 7369 8117 8248 
1324 5575 5577 6089 
1325 998 1003 7182 
1326 7189 5491 8262 
1327 2407 3215 5814 
1328 7178 7179 7374 
1329 3215 5667 5814 
1330 7171 2761 7172 
1331 4388 7172 7435 
1332 5424 5422 5791 
1333 8686 1588 8691 
1334 4582 6915 8705 
1335 5675 4637 8822 
1336 5566 3420 6054 
1337 5229 4667 9012 
1338 3197 5531 5535 
1339 7179 1317 7374 
1340 1487 1484 8442 
1341 4129 6101 8404 
1342 8787 6645 8789 
1343 5808 5946 8358 
1344 8537 1821 8544 
1345 1856 5900 8810 
1346 6785 4271 6787 
1347 1317 7179 7181 
1348 5808 2774 8304 
1349 6787 4271 6788 
1350 5180 8787 8789 
1351 1971 6114 8777 
1352 5648 1499 8376 
1353 1483 1480 8467 
1354 2221 5754 8035 
1355 4450 6100 8439 
1356 5665 4040 5670 
1357 6350 8674 8683 
1358 7089 5171 9005 
1359 5171 7089 9002 
1360 1024 5693 8281 
1361 3885 3428 8661 
1362 1301 933 7088 
1363 5660 2247 8046 
1364 3588 6366 8500 
1365 1479 1476 8494 
1366 6514 6149 6515 
1367 5653 8304 8316 
1368 931 2653 7088 
1369 5836 564 5837 
1370 8304 2774 8316 
1371 4192 5851 6596 
1372 4882 5460 5695 
1373 5483 5484 8151 
1374 4040 5665 5671 
1375 6583 6582 8983 
1376 1475 1472 8517 
1377 1894 7332 8664 
1378 5736 1745 8698 
1379 6582 8982 8983 
1380 1471 1468 8532 
1381 5644 1495 8406 
1382 1820 6047 8569 
1383 5851 5165 6596 
1384 6785 6783 7713 
1385 1467 1464 8546 
1386 4891 5665 5670 
1387 1103 4434 6089 
1388 4271 6785 7713 
1389 6429 3255 6431 
1390 1463 1460 8556 
1391 5549 3217 8354 
1392 1372 1375 5961 
1393 6915 8324 8334 
1394 1459 1456 8581 
1395 8324 2222 8334 
1396 940 942 6615 
1397 1455 1452 8598 
1398 5048 6388 8730 
1399 1451 1439 8615 
1400 3244 6440 6448 
1401 8674 2808 8683 
1402 1438 1419 8633 
1403 6149 6514 7794 
1404 5648 5649 8346 
1405 4269 4268 9098 
1406 8727 5048 8730 
1407 5789 5784 5817 
1408 1418 1415 8648 
1409 1590 1128 6089 
1410 1414 1403 8673 
1411 3629 5654 5913 
1412 3629 1370 5961 
1413 5640 1491 8425 
1414 3240 6435 6446 
1415 1402 1315 8458 
1416 8769 1971 8777 
1417 2589 2590 5673 
1418 5720 1969 7369 
1419 5489 7734 8262 
1420 5652 4900 8618 
1421 3205 5782 5784 
1422 6047 1820 8573 
1423 7227 3775 7228 
1424 6783 7396 7713 
1425 6239 8838 8909 
1426 290 564 5836 
1427 7172 4388 8707 
1428 3775 3404 7228 
1429 2375 7734 8434 
1430 7215 493 9587 
1431 6783 6782 7396 
1432 6853 6854 8976 
1433 6114 6112 8777 
1434 2774 5808 8358 
1435 5636 1487 8442 
1436 5491 5489 8262 
1437 5460 5651 5695 
1438 2962 3240 6446 
1439 4374 5652 7818 
1440 8976 6854 8978 
1441 4891 5670 5706 
1442 7369 1969 8117 
1443 9198 7347 9582 
1444 4658 6188 9009 
1445 6152 6153 8704 
1446 610 603 8530 
1447 5649 8290 8346 
1448 6444 7171 7172 
1449 5023 5658 8653 
1450 6078 6079 8579 
1451 4520 6782 7847 
1452 3205 5784 5785 
1453 3899 5684 5685 
1454 8575 6078 8579 
1455 5632 1483 8467 
1456 5522 7565 8783 
1457 6438 3240 6448 
1458 6777 6775 6778 
1459 6992 6990 9282 
1460 9062 7377 9549 
1461 4153 6355 7669 
1462 5461 4661 9010 
1463 6782 4520 7396 
1464 1996 5678 5914 
1465 6849 6848 8971 
1466 4871 8105 8144 
1467 5659 5658 8672 
1468 5767 804 8666 
1469 5328 4054 6021 
1470 6152 8704 8717 
1471 8971 6848 8972 
1472 5782 3205 6155 
1473 4871 7228 8105 
1474 2082 5853 6059 
1475 5914 5678 8083 
1476 5678 1996 5913 
1477 5628 1479 8494 
1478 5712 4165 8211 
1479 2590 3845 5673 
1480 4055 6016 6018 
1481 4623 8181 8767 
1482 5653 2222 8324 
1483 4165 3885 8214 
1484 7847 6901 7995 
1485 6742 7205 8329 
1486 8211 4165 8214 
1487 8321 2542 8336 
1488 6772 9178 9249 
1489 7919 3138 8779 
1490 4520 7847 7995 
1491 2970 2968 6449 
1492 7189 4169 8493 
1493 6081 2408 7834 
1494 528 7205 8341 
1495 8501 6778 9192 
1496 4552 4871 8144 
1497 6246 6248 6253 
1498 5482 4484 5754 
1499 5783 5782 6155 
1500 2222 5653 8316 
1501 9099 5358 9208 
1502 5624 1475 8517 
1503 4907 8348 8360 
1504 5490 7255 7440 
1505 4914 9037 9050 
1506 8348 2544 8360 
1507 3429 8244 8310 
1508 6533 6532 8965 
1509 2408 2407 5814 
1510 5484 5490 8151 
1511 4898 7138 8197 
1512 2832 6075 8561 
1513 5547 4144 8518 
1514 6425 3256 6427 
1515 1003 1317 7182 
1516 7818 5041 8099 
1517 2925 3154 8391 
1518 4065 5800 5802 
1519 3294 3293 8380 
1520 5754 4484 8035 
1521 8363 2615 8367 
1522 5695 5651 6108 
1523 4898 8197 8223 
1524 5674 8363 8367 
1525 5620 1471 8532 
1526 5569 6288 8626 
1527 6753 473 8320 
1528 6103 4613 8500 
1529 5789 3853 8257 
1530 6514 7371 7794 
1531 5924 5783 6155 
1532 8223 2529 8250 
1533 6005 4616 8586 
1534 2529 7264 8250 
1535 6982 6981 6983 
1536 3154 3753 7997 
1537 8327 6742 8329 
1538 1040 1042 6054 
1539 4055 6018 6021 
1540 7228 3923 8105 
1541 8254 5572 8350 
1542 4885 6157 8447 
1543 8234 7187 8595 
1544 2764 3244 6448 
1545 3240 2960 6448 
1546 4562 6901 8078 
1547 4902 7264 8272 
1548 5323 4064 5805 
1549 5655 3629 5961 
1550 4856 4857 6104 
1551 6870 6869 6871 
1552 6901 4562 7995 
1553 4902 8272 8296 
1554 6075 2832 8562 
1555 5747 3563 6623 
1556 2408 5814 7834 
1557 1863 1617 5785 
1558 930 932 5742 
1559 5616 1467 8546 
1560 7015 3816 9180 
1561 7025 7023 7026 
1562 1934 5675 8822 
1563 8358 5946 8518 
1564 1969 5720 8486 
1565 6621 5748 6623 
1566 5558 2220 8398 
1567 8296 2542 8321 
1568 1317 7181 7182 
1569 7138 2545 8197 
1570 6991 6992 6993 
1571 4860 5657 6104 
1572 5745 5231 5932 
1573 6754 2656 8303 
1574 8078 6972 8112 
1575 5666 2371 8234 
1576 3429 7185 8244 
1577 5612 1463 8556 
1578 4621 5199 8489 
1579 1821 6079 8544 
1580 8965 6532 8970 
1581 4373 4374 7818 
1582 4920 6036 7750 
1583 6175 6176 8711 
1584 2542 7301 8336 
1585 8317 6753 8320 
1586 4065 5802 5805 
1587 4879 3776 5697 
1588 3188 5572 8444 
1589 3298 3297 8353 
1590 4293 6081 7834 
1591 2061 2000 5717 
1592 3776 5476 5697 
1593 5583 5581 8458 
1594 5748 5747 6623 
1595 1763 6072 8570 
1596 5692 3627 5719 
1597 5817 5790 7902 
1598 5452 5451 5513 
1599 2247 8254 8350 
1600 1368 3629 5913 
1601 8021 3961 8726 
1602 6175 8711 8714 
1603 5479 5696 7278 
1604 5608 1459 8581 
1605 4898 8223 8250 
1606 5696 5476 7278 
1607 6553 4577 8301 
1608 6010 5675 8825 
1609 4112 5452 5453 
1610 3853 5817 7902 
1611 1349 1347 6225 
1612 4562 8078 8112 
1613 5800 4065 7190 
1614 6513 3293 7371 
1615 6659 6345 8614 
1616 6350 6348 8646 
1617 5860 5859 8582 
1618 3563 5747 5752 
1619 6514 6513 7371 
1620 3883 3563 5752 
1621 5718 7978 8030 
1622 6225 1347 7380 
1623 1098 2821 6185 
1624 1347 1345 7380 
1625 3982 3764 5858 
1626 7205 6742 8341 
1627 4342 8290 8763 
1628 8117 7182 8248 
1629 1825 6643 8497 
1630 6228 3690 7775 
1631 7264 2529 8272 
1632 5604 1455 8598 
1633 6072 1763 8563 
1634 6553 6552 8308 
1635 8299 6754 8303 
1636 1996 1366 5913 
1637 6743 7207 8273 
1638 6227 3690 6228 
1639 6972 4275 8112 
1640 3255 6429 6449 
1641 7734 5489 8434 
1642 4054 4055 6021 
1643 8143 6831 8159 
1644 5564 3588 8500 
1645 289 290 5836 
1646 4454 6749 9507 
1647 5677 2615 8365 
1648 473 8327 8329 
1649 3883 5752 7637 
1650 2821 6183 6185 
1651 523 7207 8288 
1652 4275 6972 8143 
1653 3302 3301 8305 
1654 3234 5702 5704 
1655 3234 2724 5705 
1656 6122 3883 7637 
1657 5638 8701 8708 
1658 2724 2722 5705 
1659 5600 1451 8615 
1660 2247 5660 8254 
1661 1096 1098 6185 
1662 969 983 8555 
1663 5189 5686 8848 
1664 4293 6036 6081 
1665 1555 6350 8646 
1666 8159 6831 8176 
1667 8828 7199 8865 
1668 5669 5689 8812 
1669 4902 8296 8321 
1670 1822 6300 8529 
1671 1697 5903 6963 
1672 523 8288 8299 
1673 7808 5661 8046 
1674 2592 5706 7054 
1675 6122 6974 8110 
1676 5688 2530 8361 
1677 473 6753 8327 
1678 1617 3205 5785 
1679 8212 5556 8731 
1680 7185 4903 8244 
1681 6003 6005 8586 
1682 5714 3689 5716 
1683 3585 3856 8657 
1684 8364 5677 8365 
1685 2974 2972 6450 
1686 5718 5717 7978 
1687 5214 7400 8422 
1688 5596 1438 8633 
1689 8301 4577 8307 
1690 6301 6300 8533 
1691 4276 6830 8180 
1692 2656 8317 8320 
1693 8253 5914 8275 
1694 4808 163 5722 
1695 6302 6080 6306 
1696 5658 3275 8653 
1697 3692 3128 6976 
1698 5661 5660 8046 
1699 5706 2592 5885 
1700 5785 5784 5789 
1701 9214 2613 9215 
1702 3187 3188 5726 
1703 4912 7113 8240 
1704 5783 5924 5925 
1705 3255 2966 8136 
1706 7166 7262 8384 
1707 2821 5845 6183 
1708 4907 7301 8348 
1709 5798 5800 7190 
1710 5485 5482 5754 
1711 2708 7297 8423 
1712 2011 2188 5975 
1713 4275 8143 8159 
1714 5691 2596 8347 
1715 942 992 6615 
1716 6831 6830 8176 
1717 8269 6743 8273 
1718 4064 4065 5805 
1719 7301 4907 8336 
1720 3627 5692 6354 
1721 4573 2207 8268 
1722 6301 8533 8537 
1723 6744 7202 8251 
1724 3627 940 6615 
1725 5484 5482 5485 
1726 9219 5872 9527 
1727 5903 4897 6963 
1728 3856 4874 8640 
1729 3306 3305 8265 
1730 8816 1934 8822 
1731 3689 5714 5730 
1732 2798 6659 8614 
1733 8357 5688 8361 
1734 5592 1418 8648 
1735 1024 6657 8294 
1736 2656 6754 8317 
1737 8286 5742 8389 
1738 475 7202 8264 
1739 6297 6643 8514 
1740 8521 1822 8529 
1741 4164 7508 7520 
1742 2247 1987 8046 
1743 3755 3823 7286 
1744 4025 3755 7286 
1745 3048 5824 6468 
1746 1286 5694 8515 
1747 8118 5553 8732 
1748 6016 4055 7216 
1749 523 8299 8303 
1750 5725 4937 7867 
1751 6200 1525 7679 
1752 6953 6952 8541 
1753 6355 5810 7669 
1754 5189 8848 8860 
1755 8165 5182 8752 
1756 5669 8812 8816 
1757 6522 6521 8954 
1758 5822 961 5952 
1759 4874 7332 8630 
1760 2256 5860 8582 
1761 5885 2592 5928 
1762 5810 1564 6354 
1763 5824 4714 6468 
1764 5674 2544 8363 
1765 4938 6975 8322 
1766 475 8264 8269 
1767 5714 4910 5730 
1768 998 7182 8117 
1769 4936 4412 5737 
1770 983 1004 8281 
1771 6297 8514 8521 
1772 6079 1821 8579 
1773 8344 5691 8347 
1774 6420 3238 6423 
1775 5588 1414 8673 
1776 1826 6319 8399 
1777 1036 1038 6108 
1778 6287 6286 8946 
1779 2544 5674 8360 
1780 1967 5710 5849 
1781 8954 6521 8955 
1782 4936 5737 7111 
1783 6643 6294 8497 
1784 5706 5670 7054 
1785 3188 2257 8350 
1786 4577 6553 8308 
1787 4166 5316 5743 
1788 2531 6975 8338 
1789 5710 1967 5741 
1790 3883 6122 8110 
1791 1862 5709 8867 
1792 6427 3256 6449 
1793 7020 9101 9231 
1794 3690 6227 7904 
1795 4277 6574 8179 
1796 1863 5785 5786 
1797 2401 5700 8189 
1798 1440 8741 8845 
1799 6755 526 8226 
1800 6769 6767 6770 
1801 5746 5335 6256 
1802 5687 1082 8239 
1803 5925 1547 7929 
1804 2411 5698 8511 
1805 2531 8338 8344 
1806 3310 3309 8227 
1807 3293 6513 8380 
1808 5335 5998 6256 
1809 5562 5485 5754 
1810 6227 5909 7904 
1811 4077 5744 5745 
1812 3856 8640 8657 
1813 4276 8180 8182 
1814 8860 1862 8867 
1815 1632 1631 8833 
1816 1959 5909 8173 
1817 3256 6425 6450 
1818 1500 1499 8346 
1819 7207 6743 8288 
1820 3557 5701 7262 
1821 5679 5428 5680 
1822 3633 9200 9201 
1823 7647 6422 8624 
1824 8247 6744 8251 
1825 4192 599 8600 
1826 5694 8513 8515 
1827 3567 3582 8297 
1828 9195 659 9196 
1829 5739 3888 6095 
1830 3689 2061 5717 
1831 2615 5677 8367 
1832 4945 6957 8284 
1833 7113 1078 8240 
1834 7936 7297 7977 
1835 1589 6388 8729 
1836 6575 6574 8191 
1837 6658 8301 8307 
1838 4874 8630 8640 
1839 6041 6040 9321 
1840 4096 3807 8204 
1841 4660 5539 8904 
1842 6403 6399 8596 
1843 5830 506 6120 
1844 8701 3062 8708 
1845 2280 5790 5975 
1846 5734 5845 7743 
1847 6635 6397 8577 
1848 3888 3898 6095 
1849 475 8269 8273 
1850 5699 4908 7977 
1851 4909 5798 7190 
1852 2802 6384 7863 
1853 8313 4938 8322 
1854 8182 6575 8191 
1855 2806 6323 8469 
1856 5909 5908 8173 
1857 6830 4276 8176 
1858 6384 6383 7863 
1859 5845 2821 7743 
1860 4790 4052 5795 
1861 2968 3255 6449 
1862 7877 5849 8236 
1863 3256 2970 6449 
1864 2530 8364 8365 
1865 4922 4921 5763 
1866 2543 6957 8306 
1867 2916 6157 8528 
1868 3420 1040 6054 
1869 4908 7936 7977 
1870 1281 5707 8504 
1871 5761 1525 6200 
1872 4575 6658 8307 
1873 5778 2011 5975 
1874 5888 610 8530 
1875 3297 6509 8353 
1876 7255 5490 7441 
1877 5546 5528 6976 
1878 6431 3255 8136 
1879 1909 8189 8478 
1880 1905 1957 5760 
1881 6756 578 8198 
1882 1967 930 5742 
1883 2543 8306 8313 
1884 4502 7887 8836 
1885 1823 6315 8453 
1886 8218 5564 8724 
1887 1672 1905 5760 
1888 2530 5688 8364 
1889 4906 7145 7430 
1890 3541 5704 8836 
1891 7282 5188 8840 
1892 5350 3982 5858 
1893 5566 6054 8528 
1894 6319 6320 8399 
1895 6036 4293 7750 
1896 4908 5699 8006 
1897 5698 8509 8511 
1898 6039 4756 6813 
1899 5719 6615 8486 
1900 5708 2541 8263 
1901 5790 2280 7902 
1902 3314 3313 8188 
1903 3613 6819 8801 
1904 5768 4806 5769 
1905 5716 3689 5717 
1906 5734 1604 6560 
1907 6410 6407 8571 
1908 4077 5745 5932 
1909 5192 5709 8880 
1910 961 5822 5953 
1911 2596 8357 8361 
1912 6200 4306 6201 
1913 5834 289 5836 
1914 7720 3634 8707 
1915 6388 1589 8730 
1916 8814 5205 8817 
1917 8216 6755 8226 
1918 6414 6415 8592 
1919 7792 7621 7903 
1920 6347 6659 8635 
1921 8479 1825 8497 
1922 6355 8286 8389 
1923 5783 5925 7929 
1924 8946 6286 8950 
1925 5723 3613 8799 
1926 8180 6575 8182 
1927 5245 5729 5763 
1928 3564 5916 6386 
1929 4077 5743 5744 
1930 4915 5762 7063 
1931 5768 5769 5770 
1932 1604 5734 7743 
1933 7808 1960 8462 
1934 5737 4412 5738 
1935 5743 5316 5744 
1936 1525 5761 6224 
1937 8461 2806 8469 
1938 2170 7145 7555 
1939 3888 5739 6096 
1940 7202 6744 8264 
1941 5914 5039 8275 
1942 8274 4945 8284 
1943 5730 4910 5892 
1944 2416 5711 8499 
1945 2671 2674 5797 
1946 4521 6570 8141 
1947 7145 4906 7555 
1948 2912 2208 8599 
1949 1042 2916 6054 
1950 6269 6087 6270 
1951 288 289 5834 
1952 4482 6383 6386 
1953 7000 7002 7003 
1954 2596 5691 8357 
1955 8639 1555 8646 
1956 4160 4891 5706 
1957 3301 6505 8305 
1958 5491 7189 8493 
1959 5655 5961 8664 
1960 5445 4096 5898 
1961 6383 4482 7863 
1962 3896 3895 7216 
1963 3764 4040 5858 
1964 8799 3613 8801 
1965 5693 1024 8294 
1966 6201 4306 7790 
1967 5713 2595 8238 
1968 1857 5712 6539 
1969 5692 5810 6354 
1970 5712 1857 6225 
1971 5445 5898 5899 
1972 5205 4624 8817 
1973 3567 6038 6813 
1974 4579 3223 6096 
1975 6038 6039 6813 
1976 5762 4915 7167 
1977 6347 8635 8639 
1978 6543 9161 9164 
1979 2531 8344 8347 
1980 3557 6161 8275 
1981 5707 8502 8504 
1982 526 8247 8251 
1983 5581 5584 8458 
1984 8164 4277 8179 
1985 1857 1349 6225 
1986 3154 7997 8391 
1987 5764 2170 7555 
1988 3887 5725 7867 
1989 6789 9158 9160 
1990 6571 6570 8156 
1991 3701 8440 8681 
1992 5916 4482 6386 
1993 3717 3187 5726 
1994 2978 2976 7449 
1995 6300 6296 8529 
1996 4920 5822 6036 
1997 8448 1823 8453 
1998 5763 4921 7339 
1999 4080 5793 5794 
2000 4407 5806 5807 
2001 6053 7986 8769 
2002 2170 5764 7218 
2003 8255 5708 8263 
2004 4733 4788 7984 
2005 6318 6319 8443 
2006 1034 1071 8454 
2007 3318 3317 8145 
2008 5729 4922 5763 
2009 5525 5544 6102 
2010 6559 4917 6560 
2011 4407 4406 5806 
2012 1280 5721 8487 
2013 5490 7440 8151 
2014 6437 6436 8652 
2015 4915 7160 7167 
2016 5820 2290 5953 
2017 4751 5737 5738 
2018 6571 8156 8164 
2019 3909 5876 7046 
2020 2583 2581 5928 
2021 116 4806 5768 
2022 4805 339 5771 
2023 6745 7204 8133 
2024 1262 1286 8515 
2025 3420 5695 6108 
2026 4172 4792 5792 
2027 3305 6501 8265 
2028 6574 4277 8191 
2029 6975 4938 8338 
2030 3228 2720 6013 
2031 1258 2411 8511 
2032 8185 6756 8198 
2033 1345 1563 7380 
2034 4490 6550 8103 
2035 6241 2912 6242 
2036 5731 1851 8315 
2037 5192 8880 8889 
2038 4955 6884 8192 
2039 2290 5820 5821 
2040 1554 6403 8596 
2041 2188 2280 5975 
2042 7017 7014 7018 
2043 5973 5974 6092 
2044 2922 2925 6027 
2045 5765 3228 6013 
2046 1254 1281 8504 
2047 6318 8443 8448 
2048 526 6755 8247 
2049 3516 2249 5929 
2050 6423 3238 6450 
2051 1565 8815 9022 
2052 2801 6363 8382 
2053 5711 8495 8499 
2054 5891 4573 8268 
2055 1250 2416 8499 
2056 1968 609 8485 
2057 7218 5764 7370 
2058 7507 1563 7508 
2059 6363 6362 8382 
2060 2543 8313 8322 
2061 2788 6635 8577 
2062 2972 3256 6450 
2063 4078 5226 5749 
2064 7380 1563 7507 
2065 3238 2974 6450 
2066 477 7204 8160 
2067 9174 682 9175 
2068 4306 6200 7679 
2069 8228 5713 8238 
2070 1246 1280 8487 
2071 3225 2671 5797 
2072 500 5973 6092 
2073 578 8216 8226 
2074 7406 2396 8208 
2075 5658 5023 8672 
2076 9014 4709 9019 
2077 6206 6205 8051 
2078 4121 3854 6838 
2079 936 938 6354 
2080 6558 4917 6559 
2081 2532 6884 8215 
2082 1071 1036 6108 
2083 4040 5671 5858 
2084 5528 3692 6976 
2085 6879 7218 7370 
2086 4164 7507 7508 
2087 1242 2418 8477 
2088 5731 5732 8345 
2089 4166 5743 5929 
2090 642 3587 8200 
2091 5753 3225 5797 
2092 4407 5807 5808 
2093 2418 5735 8477 
2094 1526 6090 8401 
2095 4788 5843 7984 
2096 4827 5901 7144 
2097 4936 7111 7406 
2098 5943 5357 6326 
2099 4900 8359 8618 
2100 6323 6311 8469 
2101 3612 4027 8069 
2102 3309 6497 8227 
2103 2290 5821 5911 
2104 5180 8789 8791 
2105 5400 5756 9194 
2106 3128 4144 6976 
2107 5811 3900 7849 
2108 6305 6306 8015 
2109 292 293 4809 
2110 162 163 4808 
2111 8131 4521 8141 
2112 1236 6863 8464 
2113 1914 2011 5778 
2114 3898 4906 6095 
2115 6571 8164 8179 
2116 5901 4125 7144 
2117 3223 3888 6096 
2118 2532 8215 8228 
2119 6957 4945 8306 
2120 3322 3321 8102 
2121 8979 5461 9096 
2122 5926 3560 8447 
2123 1453 8765 8891 
2124 4160 5706 5885 
2125 4925 6258 7537 
2126 5740 2540 8161 
2127 1365 1363 5850 
2128 4950 5811 7849 
2129 8606 2798 8614 
2130 6315 6312 8453 
2131 6400 6635 8583 
2132 1232 1279 8450 
2133 3225 5753 5985 
2134 4909 5797 5798 
2135 4080 5792 5793 
2136 6773 6771 6774 
2137 164 563 5722 
2138 5898 4096 8204 
2139 1697 1694 8386 
2140 5654 5678 5913 
2141 6023 7957 8326 
2142 5761 6119 6224 
2143 4477 6466 8072 
2144 5721 8483 8487 
2145 5883 4027 6937 
2146 6894 6603 6895 
2147 477 8160 8185 
2148 6087 6269 7927 
2149 6074 6046 6160 
2150 6302 6306 7135 
2151 5551 5553 5905 
2152 2541 8274 8284 
2153 5105 8488 8549 
2154 8587 1554 8596 
2155 6095 4906 7430 
2156 1228 2419 8441 
2157 6179 4604 6632 
2158 6447 2978 7449 
2159 6177 6217 6219 
2160 6258 5876 7537 
2161 3238 6420 7449 
2162 578 6756 8216 
2163 8723 5642 8744 
2164 8889 1838 8896 
2165 7116 8237 8463 
2166 5181 5180 8791 
2167 7286 3823 7287 
2168 1038 3420 6108 
2169 6654 6653 8086 
2170 6181 4956 6186 
2171 1010 3586 6912 
2172 566 5825 5826 
2173 8345 5732 8370 
2174 3887 6124 6130 
2175 6989 6987 6990 
2176 6329 6267 6334 
2177 6656 3897 6825 
2178 5792 4792 5793 
2179 5865 4169 7189 
2180 1945 6787 8685 
2181 7400 3446 8422 
2182 6558 6452 7725 
2183 2592 2583 5928 
2184 6570 4521 8156 
2185 8184 4955 8192 
2186 6223 6348 6350 
2187 6757 525 8080 
2188 6400 8583 8587 
2189 3902 6654 8086 
2190 4795 4087 5317 
2191 8653 3271 8780 
2192 2541 5708 8274 
2193 1533 6410 8571 
2194 9122 967 9133 
2195 6053 8769 8777 
2196 477 8185 8198 
2197 3313 6493 8188 
2198 1222 6883 8429 
2199 813 9118 9120 
2200 1588 6176 8691 
2201 4954 5985 8036 
2202 916 919 5911 
2203 1824 6843 8298 
2204 5717 2000 7978 
2205 1028 1010 6912 
2206 4921 6055 7339 
2207 5755 2594 8125 
2208 8214 3885 8661 
2209 5321 5855 7248 
2210 9140 1970 9141 
2211 6124 3887 7867 
2212 6306 6304 7135 
2213 6222 3266 6349 
2214 1216 7253 8413 
2215 6651 2001 7344 
2216 2595 8255 8263 
2217 5822 5952 6036 
2218 5797 2674 5798 
2219 6216 6217 7917 
2220 3894 6206 8051 
2221 6603 6894 7793 
2222 5892 6007 7861 
2223 6153 4451 8704 
2224 6306 6080 8015 
2225 6440 6438 6448 
2226 6300 1822 8533 
2227 4721 5897 7591 
2228 4068 5663 5823 
2229 6369 6333 6374 
2230 1655 5844 8124 
2231 2720 2725 6013 
2232 1851 8302 8315 
2233 6297 8521 8529 
2234 6092 5974 6093 
2235 566 286 5825 
2236 169 567 5838 
2237 2588 3401 5772 
2238 6136 6135 8155 
2239 2211 2212 7055 
2240 6178 6179 6632 
2241 6320 6359 6361 
2242 4579 6096 6097 
2243 5554 5557 7095 
2244 8392 1826 8399 
2245 8572 2788 8577 
2246 1838 5757 8896 
2247 6863 5155 8464 
2248 6858 4168 7806 
2249 7508 6683 7520 
2250 4122 3801 6034 
2251 7262 5701 8384 
2252 8092 4490 8103 
2253 4172 5792 5884 
2254 3897 6656 6824 
2255 5735 8475 8477 
2256 5838 567 5840 
2257 4609 5859 5860 
2258 6843 6385 8298 
2259 1747 1945 8698 
2260 2809 6180 8720 
2261 8114 6745 8133 
2262 3586 6910 6912 
2263 6863 1354 8472 
2264 1564 5810 6355 
2265 4183 6044 6215 
2266 8594 5851 8600 
2267 1817 4169 5865 
2268 6550 8131 8141 
2269 5705 2722 8231 
2270 3641 9128 9136 
2271 5994 3391 5995 
2272 3326 3325 8060 
2273 2595 5713 8255 
2274 3587 5866 8200 
2275 5844 4996 8124 
2276 6269 6271 7927 
2277 3172 2833 5910 
2278 3391 5994 7324 
2279 1363 1538 5850 
2280 5822 5820 5953 
2281 7110 6107 7391 
2282 5051 4565 8167 
2283 5806 4406 6186 
2284 2299 6103 8340 
2285 4720 4721 7591 
2286 4744 4743 6031 
2287 4623 5816 7672 
2288 922 924 5953 
2289 3950 5989 7658 
2290 6038 3567 8297 
2291 8147 5740 8161 
2292 6348 6223 6349 
2293 2249 2248 5929 
2294 2369 2311 8271 
2295 5998 3458 6256 
2296 6902 8261 8506 
2297 5819 3158 8028 
2298 2980 2978 6447 
2299 6002 6193 6196 
2300 1952 2012 6210 
2301 2588 5772 5928 
2302 5369 7215 9260 
2303 570 5768 5770 
2304 2532 8228 8238 
2305 4313 5878 6928 
2306 6185 6184 8292 
2307 6643 1825 8514 
2308 6217 6177 7917 
2309 4458 6391 8018 
2310 3751 2204 5884 
2311 945 3588 8218 
2312 6097 6096 8153 
2313 1841 5863 5874 
2314 3317 6489 8145 
2315 5863 4199 5874 
2316 4916 5734 6560 
2317 1319 6181 6186 
2318 5831 516 5832 
2319 5862 5321 7248 
2320 4935 6013 6014 
2321 5815 2369 8271 
2322 4744 6031 6033 
2323 5849 5710 8236 
2324 7924 5787 8170 
2325 6456 6373 6461 
2326 3899 5685 5857 
2327 1297 1340 6094 
2328 6138 4787 7803 
2329 5743 3516 5929 
2330 6840 9122 9133 
2331 5766 2533 8084 
2332 5199 7976 8489 
2333 4052 4080 5795 
2334 1533 8571 8574 
2335 7061 1608 7062 
2336 3390 3784 7326 
2337 7062 1608 7424 
2338 4027 5883 8069 
2339 1505 8811 9011 
2340 6550 4490 8131 
2341 1618 1863 7924 
2342 4754 5846 6032 
2343 1501 8808 9003 
2344 4340 6049 7387 
2345 6982 6983 6985 
2346 5940 5941 6833 
2347 6684 6683 7605 
2348 4323 5862 7248 
2349 4609 3973 5859 
2350 5772 5885 5928 
2351 4935 6014 7216 
2352 5989 3950 7657 
2353 6358 6359 7788 
2354 6836 3616 8093 
2355 6894 7075 7793 
2356 5317 4087 5318 
2357 2927 8526 8536 
2358 8472 1354 8475 
2359 4146 4078 5749 
2360 3753 4078 4146 
2361 7114 6553 8301 
2362 4055 3896 7216 
2363 5330 4161 5895 
2364 6910 3586 6913 
2365 5934 4326 7399 
2366 5876 3909 7537 
2367 3228 5765 7110 
2368 5909 1959 7904 
2369 5893 5279 5894 
2370 7061 5852 7433 
2371 1457 8771 8906 
2372 3844 8604 8873 
2373 6223 6222 6349 
2374 6359 6320 7788 
2375 3895 4935 7216 
2376 506 284 6120 
2377 4146 5749 5750 
2378 5741 1967 5742 
2379 6355 4153 8286 
2380 6402 6345 6827 
2381 6683 7508 7605 
2382 1497 8805 8997 
2383 7204 6745 8160 
2384 5730 5892 7861 
2385 4616 6005 8605 
2386 6915 8334 8705 
2387 1493 8803 8987 
2388 3903 5877 6257 
2389 5878 4313 6943 
2390 3215 5857 8629 
2391 8292 6184 8302 
2392 6625 4177 7236 
2393 1279 5796 8450 
2394 1461 8774 8916 
2395 1489 8798 8975 
2396 4937 5725 8138 
2397 5952 5951 6822 
2398 6106 3219 8118 
2399 1608 7061 7433 
2400 4989 5731 8315 
2401 4170 6136 8155 
2402 5847 1538 5984 
2403 7160 6206 7167 
2404 6884 4955 8215 
2405 7021 7019 7022 
2406 1485 8795 8964 
2407 1668 1841 6636 
2408 4917 6558 7725 
2409 1841 5874 6636 
2410 4278 6817 7952 
2411 5776 4053 5777 
2412 2530 2470 8361 
2413 6858 6857 7843 
2414 1465 8778 8922 
2415 5555 5558 8731 
2416 2615 2466 8365 
2417 6125 3423 7328 
2418 928 1967 5849 
2419 6758 2655 7987 
2420 4313 5954 6943 
2421 1481 8793 8958 
2422 5896 4944 7220 
2423 5719 3627 6615 
2424 4340 5869 6049 
2425 6180 2809 8722 
2426 1572 2001 6651 
2427 1469 8782 8928 
2428 5742 932 8389 
2429 2596 2474 8347 
2430 5825 516 5831 
2431 1477 8788 8947 
2432 5973 500 6973 
2433 8107 5755 8125 
2434 1538 5847 5850 
2435 556 113 5870 
2436 342 557 5871 
2437 6975 2480 8322 
2438 1532 6172 8718 
2439 1473 8785 8937 
2440 6014 6016 7216 
2441 1663 1914 5778 
2442 5265 5279 5893 
2443 5521 4121 6838 
2444 4075 4849 5981 
2445 290 291 564 
2446 164 165 563 
2447 6124 6123 6130 
2448 2692 6050 7367 
2449 6466 8092 8103 
2450 4608 3704 6119 
2451 639 928 5849 
2452 6197 5324 6198 
2453 6413 6414 8580 
2454 5862 4323 6807 
2455 985 2400 8295 
2456 3321 6485 8102 
2457 6267 6329 7870 
2458 2692 6049 6050 
2459 4177 7083 7236 
2460 9067 4715 9070 
2461 4199 5863 5876 
2462 4944 7118 7220 
2463 802 1607 8666 
2464 919 2290 5911 
2465 1863 5786 5787 
2466 116 117 4806 
2467 338 339 4805 
2468 5701 3557 8275 
2469 3235 2980 6447 
2470 2540 8184 8192 
2471 6611 6668 6673 
2472 7205 245 8329 
2473 8052 4477 8072 
2474 5942 5943 6326 
2475 2370 6596 8626 
2476 5813 2593 8039 
2477 8513 2411 8515 
2478 4720 5868 6111 
2479 2171 6684 7605 
2480 4086 3717 4087 
2481 2976 3238 7449 
2482 4917 4916 6560 
2483 566 5827 6120 
2484 5831 5832 5833 
2485 5910 2833 6088 
2486 5986 6576 7831 
2487 163 164 5722 
2488 1706 1704 6118 
2489 6957 2486 8284 
2490 283 506 5889 
2491 4326 5934 5935 
2492 4744 6033 6035 
2493 938 3627 6354 
2494 6574 6573 8179 
2495 6599 6460 6604 
2496 924 961 5953 
2497 6123 1585 6130 
2498 2916 6156 6157 
2499 525 8114 8133 
2500 3330 3329 7989 
2501 5871 557 5873 
2502 4964 6212 7738 
2503 3904 3903 6257 
2504 5302 5931 7279 
2505 5981 4849 5982 
2506 588 590 6922 
2507 6329 6327 7870 
2508 473 247 8320 
2509 5954 3146 6943 
2510 5868 4720 7591 
2511 8574 6413 8580 
2512 1688 2401 8189 
2513 5324 6197 7265 
2514 5155 8459 8464 
2515 5666 8234 8595 
2516 6044 4183 6375 
2517 4622 5927 7636 
2518 5824 3048 8260 
2519 5792 3751 5884 
2520 7297 7936 8423 
2521 2581 2588 5928 
2522 6684 2171 7883 
2523 4057 3426 5983 
2524 5852 2689 7433 
2525 4956 5806 6186 
2526 3134 2076 7259 
2527 6528 6530 6533 
2528 3780 3519 5932 
2529 1340 4349 6094 
2530 5231 3780 5932 
2531 3109 3112 6271 
2532 6049 2692 7387 
2533 517 5838 5839 
2534 2656 249 8303 
2535 1672 5760 8126 
2536 3435 5902 7379 
2537 6411 3235 6417 
2538 1564 936 6354 
2539 1165 6023 7250 
2540 5716 5717 5718 
2541 4161 4159 5895 
2542 4086 4087 4795 
2543 5846 4754 6031 
2544 6333 6369 7872 
2545 5851 4192 8600 
2546 6466 4477 8092 
2547 2689 5852 5934 
2548 6115 6085 7760 
2549 5850 5848 7882 
2550 5931 5930 7279 
2551 918 916 5911 
2552 5876 5863 7046 
2553 6196 6195 8923 
2554 4009 4720 6111 
2555 570 115 5768 
2556 340 571 5771 
2557 4263 4265 6788 
2558 1863 5787 7924 
2559 7207 252 8273 
2560 4048 4053 5776 
2561 6830 6829 8180 
2562 2540 5740 8184 
2563 6974 6654 8110 
2564 6282 6284 6287 
2565 7957 5050 8326 
2566 5978 5325 5983 
2567 5881 3434 7151 
2568 5827 5830 6120 
2569 5903 1697 8386 
2570 5661 7808 8462 
2571 6369 6367 7872 
2572 1834 1817 5865 
2573 5927 3963 7636 
2574 2375 7733 7734 
2575 5930 3510 7279 
2576 3374 3376 6825 
2577 3048 664 8260 
2578 8899 7094 8910 
2579 3158 2307 8028 
2580 6238 3819 6255 
2581 6560 1604 7970 
2582 2541 2490 8263 
2583 6002 6192 6193 
2584 6833 5941 7933 
2585 6656 6655 6824 
2586 5758 4650 5759 
2587 6365 6385 6843 
2588 3616 6879 7370 
2589 5962 5964 6022 
2590 5994 5861 7324 
2591 6385 6365 6842 
2592 5902 3435 7125 
2593 4743 5846 6031 
2594 2594 8147 8161 
2595 4078 4079 5226 
2596 5127 5177 8554 
2597 7342 6138 7803 
2598 2419 5854 8441 
2599 7202 255 8251 
2600 8054 6757 8080 
2601 3854 4183 6838 
2602 7733 5818 7734 
2603 5698 2411 8513 
2604 987 1009 6821 
2605 3891 7621 7792 
2606 3187 2257 3188 
2607 6911 7883 7999 
2608 6315 8461 8469 
2609 2186 1987 2247 
2610 2290 922 5953 
2611 2689 5934 7399 
2612 3819 223 6255 
2613 8075 5766 8084 
2614 3897 3374 6825 
2615 6589 6591 6592 
2616 4158 4048 4159 
2617 2797 5990 5991 
2618 6298 3213 7043 
2619 3325 6481 8060 
2620 3133 3510 7504 
2621 4045 4047 4048 
2622 6085 6082 7760 
2623 6584 6855 6862 
2624 2371 2224 8234 
2625 3510 5930 7504 
2626 2595 2494 8238 
2627 6323 2806 8479 
2628 4168 6858 7843 
2629 6206 3894 7167 
2630 4723 5904 5917 
2631 6401 6402 6827 
2632 5786 5785 5789 
2633 3213 2879 7043 
2634 6456 6454 7874 
2635 1591 6003 6116 
2636 3228 7110 7391 
2637 5425 5986 7831 
2638 6081 5952 6822 
2639 5861 4184 6257 
2640 3622 4009 6111 
2641 5811 4950 7557 
2642 3434 5881 7454 
2643 4184 5861 5994 
2644 1871 3221 5818 
2645 6322 6294 6387 
2646 516 288 5834 
2647 3235 6411 6416 
2648 2797 5991 7701 
2649 3108 3109 6271 
2650 5864 670 8210 
2651 2012 2417 6210 
2652 5236 5997 7326 
2653 1093 1089 7149 
2654 6373 6456 7874 
2655 6323 8479 8497 
2656 5882 2422 8199 
2657 3263 6401 6827 
2658 2887 3208 7890 
2659 5835 5836 5837 
2660 1343 1547 5925 
2661 7883 2171 7999 
2662 6035 2636 7791 
2663 1987 1954 8046 
2664 6559 6560 7970 
2665 3753 3779 4078 
2666 3297 3294 8380 
2667 5111 8484 8578 
2668 1598 6414 8592 
2669 6172 1532 8719 
2670 5904 4187 5917 
2671 1704 1835 6118 
2672 5892 3561 6007 
2673 3766 4082 5920 
2674 6570 6569 8141 
2675 5032 7072 8130 
2676 6884 2500 8192 
2677 6817 6816 7952 
2678 3723 4647 8085 
2679 2422 6970 8199 
2680 5686 4140 6010 
2681 6391 8052 8072 
2682 1567 1597 5992 
2683 5985 4965 7319 
2684 5826 5825 5831 
2685 5958 1706 6118 
2686 5761 4608 6119 
2687 4190 4623 7672 
2688 6655 6537 6824 
2689 4271 4263 6788 
2690 1945 6786 6787 
2691 526 257 8226 
2692 6349 3266 7133 
2693 6920 6922 6923 
2694 670 668 8210 
2695 6114 1971 8790 
2696 287 516 5825 
2697 517 168 5838 
2698 8356 2801 8382 
2699 5985 5753 8036 
2700 571 5871 5872 
2701 2984 2982 6416 
2702 5880 1968 8485 
2703 6022 5964 6023 
2704 9030 2043 9034 
2705 5918 4206 6464 
2706 2594 5755 8147 
2707 3266 3006 7133 
2708 1547 1594 7929 
2709 5781 5790 5817 
2710 4090 5773 5774 
2711 3154 3415 3753 
2712 6530 6532 6533 
2713 5920 4082 5921 
2714 6429 6427 6449 
2715 3900 7236 7849 
2716 4045 4048 4158 
2717 4166 4067 5227 
2718 6315 1823 8461 
2719 6212 4934 7738 
2720 4963 4733 7984 
2721 5995 3391 7326 
2722 3208 6076 7890 
2723 4952 7110 7816 
2724 6557 4973 7112 
2725 2212 3398 7055 
2726 4975 6896 7922 
2727 572 5936 5937 
2728 5490 5486 7441 
2729 6205 6210 8051 
2730 8509 1281 8511 
2731 7959 7086 8150 
2732 8285 1824 8298 
2733 6550 6549 8103 
2734 8001 4458 8018 
2735 1598 8592 8612 
2736 7072 7071 8130 
2737 1874 1873 1875 
2738 6284 6286 6287 
2739 7046 6627 7819 
2740 2062 2065 7344 
2741 4936 7406 8208 
2742 3801 4754 6034 
2743 3061 3064 7939 
2744 871 907 6283 
2745 5922 4082 5993 
2746 6304 3213 7135 
2747 1914 2009 2011 
2748 4179 5920 5921 
2749 4587 7346 8022 
2750 3458 3459 7916 
2751 1165 6022 6023 
2752 6893 3064 7075 
2753 2011 2009 2187 
2754 6894 6893 7075 
2755 2293 1657 5940 
2756 6151 5659 6153 
2757 2533 8107 8125 
2758 6272 5887 6577 
2759 3269 6178 6632 
2760 2722 2719 8231 
2761 6609 6613 7254 
2762 5796 8449 8450 
2763 7264 4546 8250 
2764 855 2415 6529 
2765 525 6757 8114 
2766 578 259 8198 
2767 5942 3484 5943 
2768 3301 3298 8353 
2769 6043 6042 6160 
2770 2188 2187 2248 
2771 6318 8448 8453 
2772 4182 6125 7328 
2773 4993 7260 7261 
2774 1876 1875 1903 
2775 6661 5912 7451 
2776 1319 1302 6181 
2777 6138 4963 7981 
2778 5955 3135 7316 
2779 6090 5059 8401 
2780 494 279 6041 
2781 2003 2004 7871 
2782 6528 6529 6530 
2783 8923 6195 8924 
2784 6618 6109 7757 
2785 7621 5788 7903 
2786 3150 2197 6055 
2787 3176 2211 7055 
2788 4159 5776 5895 
2789 4183 6215 6838 
2790 1670 1668 6636 
2791 6599 6597 7860 
2792 2982 3235 6416 
2793 1594 1663 3545 
2794 6686 2678 7306 
2795 2204 2205 5884 
2796 4937 7862 7867 
2797 3520 4067 4166 
2798 4329 5933 5984 
2799 6946 4180 7375 
2800 5335 4173 5998 
2801 5869 4340 7149 
2802 2384 3484 5942 
2803 6282 6283 6284 
2804 6466 6465 8072 
2805 857 855 6529 
2806 1945 8685 8698 
2807 1851 5731 8345 
2808 1196 1284 8233 
2809 6391 4458 8052 
2810 7033 7034 7041 
2811 3620 3622 6129 
2812 6122 6121 6974 
2813 7076 6858 7806 
2814 6144 6147 6150 
2815 6144 6141 6147 
2816 281 569 6040 
2817 3849 5946 7153 
2818 3135 5955 7291 
2819 6121 1865 6974 
2820 7981 4963 7984 
2821 5304 5915 6105 
2822 2105 6661 7451 
2823 572 277 5936 
2824 2003 6137 7342 
2825 2540 2504 8161 
2826 6137 6138 7342 
2827 4173 3454 5998 
2828 5001 6646 8121 
2829 3914 7052 8137 
2830 6646 675 8121 
2831 287 288 516 
2832 167 168 517 
2833 7510 7245 7617 
2834 1903 1904 1960 
2835 5919 1319 6186 
2836 4910 3708 5892 
2837 3795 3172 5910 
2838 5364 5267 5893 
2839 3329 6477 7989 
2840 6918 1638 6920 
2841 5267 5265 5893 
2842 6613 3050 7254 
2843 962 2298 5951 
2844 2002 5886 6272 
2845 5877 3903 7259 
2846 4166 5227 5316 
2847 824 1587 6590 
2848 1872 1871 1873 
2849 4971 3792 6105 
2850 5908 5910 8173 
2851 1960 1961 2014 
2852 223 224 6255 
2853 6073 6074 6160 
2854 3334 3333 7854 
2855 7204 262 8133 
2856 6140 5659 6151 
2857 2925 3122 3154 
2858 6065 6068 6073 
2859 2011 2187 2188 
2860 576 5968 5969 
2861 5916 3564 8123 
2862 8181 1154 8767 
2863 4160 4159 4161 
2864 1143 1297 6094 
2865 4087 3717 5726 
2866 4177 6625 7158 
2867 6557 6452 6558 
2868 4048 4047 4053 
2869 3216 6173 7799 
2870 6685 2678 6686 
2871 2185 1177 6594 
2872 3545 1663 5778 
2873 6026 2010 6027 
2874 1876 1903 1954 
2875 8024 5813 8039 
2876 4921 3150 6055 
2877 825 824 6590 
2878 4326 5935 6821 
2879 2014 2015 2162 
2880 7052 7053 8137 
2881 1854 1670 7950 
2882 3622 6111 6129 
2883 5906 5907 7457 
2884 2002 1952 6210 
2885 3784 5236 7326 
2886 3972 4465 4598 
2887 2655 8054 8080 
2888 5827 5826 5828 
2889 3305 3302 8305 
2890 3786 5976 5977 
2891 5917 4187 6134 
2892 471 7033 7041 
2893 5325 4057 5983 
2894 5845 4918 6182 
2895 3426 3547 5983 
2896 6589 6590 6591 
2897 6460 6599 7860 
2898 1044 1046 6156 
2899 4698 8974 8980 
2900 8302 6184 8315 
2901 3792 5304 6105 
2902 3391 3390 7326 
2903 4323 6011 6807 
2904 2533 5766 8107 
2905 3564 2843 8123 
2906 5960 2129 7825 
2907 2790 2792 7657 
2908 6011 2130 6807 
2909 566 5826 5827 
2910 3545 5778 5779 
2911 873 871 6283 
2912 114 570 5870 
2913 571 341 5871 
2914 1101 3560 5926 
2915 4315 3610 6211 
2916 5886 2002 6205 
2917 1319 5919 7381 
2918 1874 1875 1876 
2919 3016 3216 7799 
2920 6668 6611 7254 
2921 2534 6896 8002 
2922 5906 1964 7314 
2923 5486 5488 7441 
2924 569 5889 5890 
2925 4158 4159 4160 
2926 4184 3904 6257 
2927 4744 6035 7791 
2928 590 2614 6922 
2929 2594 2508 8125 
2930 6197 3385 7265 
2931 6212 3612 8069 
2932 510 346 5967 
2933 5707 1281 8509 
2934 3520 3550 4067 
2935 4314 6913 7330 
2936 5947 4315 6211 
2937 8249 5824 8260 
2938 2162 2163 2172 
2939 2188 2248 2249 
2940 1945 1749 6786 
2941 115 116 5768 
2942 339 340 5771 
2943 1873 1871 5818 
2944 3225 5985 7319 
2945 5787 5786 5788 
2946 4159 4048 5776 
2947 3517 3516 4077 
2948 6860 6850 6861 
2949 2916 1044 6156 
2950 3909 7046 7819 
2951 2281 2249 3516 
2952 3561 2229 6007 
2953 5955 6009 7291 
2954 6046 6043 6160 
2955 4186 2561 6106 
2956 4965 5956 7319 
2957 7125 3435 7322 
2958 6365 6364 6842 
2959 7037 7041 7042 
2960 1638 6918 6921 
2961 2014 2162 2164 
2962 6000 887 6192 
2963 1871 1869 3221 
2964 6009 4316 7291 
2965 4074 4075 5981 
2966 2164 2162 7056 
2967 7708 5444 8875 
2968 2593 8075 8084 
2969 4168 7603 7806 
2970 576 108 5968 
2971 5845 6182 6183 
2972 3708 3561 5892 
2973 3422 2903 6375 
2974 6415 6412 6417 
2975 6817 8001 8018 
2976 1708 1706 5958 
2977 2207 2092 8268 
2978 6412 6411 6417 
2979 5781 5779 5790 
2980 2092 2422 8252 
2981 4574 4573 8325 
2982 7862 6125 7867 
2983 5957 4338 7150 
2984 5297 5294 6158 
2985 4974 4973 6557 
2986 6364 3248 6842 
2987 1120 5962 6022 
2988 4971 6105 7378 
2989 3224 6316 7631 
2990 4753 6618 7757 
2991 114 115 570 
2992 340 341 571 
2993 285 286 566 
2994 169 170 567 
2995 4640 4264 6029 
2996 2337 6132 6133 
2997 6401 3263 7560 
2998 3468 2204 3751 
2999 3524 3766 5920 
3000 3786 3579 5976 
3001 3285 3282 6142 
3002 5951 2298 6822 
3003 3309 3306 8265 
3004 4068 5662 5663 
3005 9125 1358 9137 
3006 3285 6142 6143 
3007 7457 5907 7538 
3008 7846 2682 7937 
3009 1837 1888 6538 
3010 5839 5838 5840 
3011 4206 5918 6463 
3012 6027 2925 8391 
3013 8846 4354 8851 
3014 2642 918 7811 
3015 2172 2173 2204 
3016 6913 4314 6914 
3017 4052 3751 4080 
3018 5853 5418 6059 
3019 1914 1915 2009 
3020 3972 3797 4465 
3021 6908 6913 6914 
3022 1870 1869 1871 
3023 4383 6802 7188 
3024 3587 7877 8236 
3025 1885 1058 5999 
3026 3208 6305 8015 
3027 6913 3586 7330 
3028 5933 4946 5984 
3029 3610 3612 6211 
3030 1088 5938 7149 
3031 5272 5267 5364 
3032 479 6761 7697 
3033 1872 1873 1874 
3034 4946 5847 5984 
3035 6864 4391 7781 
3036 6946 6947 7604 
3037 2086 2089 7191 
3038 6073 6068 6074 
3039 4952 6107 7110 
3040 5956 4965 7070 
3041 2769 5912 6802 
3042 4080 5794 5795 
3043 4369 5960 7825 
3044 3704 3577 6119 
3045 2281 3516 3517 
3046 1028 6912 8062 
3047 7003 7002 7004 
3048 6002 6000 6192 
3049 5329 4161 5330 
3050 4891 4161 5329 
3051 1611 1672 8126 
3052 6874 4735 7331 
3053 6391 6390 8018 
3054 2814 2812 6463 
3055 5230 5231 5377 
3056 1651 988 7948 
3057 6256 3458 7916 
3058 2533 2512 8084 
3059 3468 4175 7056 
3060 1297 1339 1340 
3061 5886 5887 6272 
3062 3401 4044 4045 
3063 1663 1664 1914 
3064 7050 7049 7573 
3065 5260 5259 6061 
3066 224 225 7800 
3067 6800 7314 7550 
3068 4338 5957 7151 
3069 5784 5781 5817 
3070 5205 8814 8837 
3071 4407 5808 8304 
3072 4497 7050 7573 
3073 5808 5807 5946 
3074 2337 6131 6132 
3075 3657 6190 7798 
3076 5912 2769 7451 
3077 4036 5239 7104 
3078 4207 6377 7401 
3079 2296 3149 6159 
3080 569 282 5889 
3081 2248 2286 3520 
3082 6137 2003 7871 
3083 2582 2581 2583 
3084 4993 7261 7510 
3085 6283 907 6284 
3086 3401 4045 5772 
3087 2001 2062 7344 
3088 2584 2583 2585 
3089 7260 3236 7261 
3090 7603 6947 7806 
3091 3216 6216 7917 
3092 3519 3517 5932 
3093 3026 3269 7735 
3094 4315 5947 6303 
3095 3041 6646 8175 
3096 2797 1567 5992 
3097 2579 2580 2581 
3098 3057 3060 7839 
3099 6319 1826 8443 
3100 1340 1339 1539 
3101 5787 7621 8170 
3102 1638 588 6922 
3103 525 264 8080 
3104 2791 2789 6088 
3105 3903 3134 7259 
3106 3468 3751 4052 
3107 5988 5214 5989 
3108 1657 1612 5940 
3109 6165 6168 6178 
3110 3807 4931 8204 
3111 6883 5156 8429 
3112 2335 6864 7781 
3113 3803 3780 5230 
3114 8502 2416 8504 
3115 2172 3468 7056 
3116 5782 5781 5784 
3117 5772 4158 5885 
3118 6119 6006 6224 
3119 2333 2334 6133 
3120 4385 6627 7132 
3121 8660 3716 8712 
3122 5946 5807 7153 
3123 1009 4326 6821 
3124 5780 5779 5781 
3125 5933 4329 6798 
3126 6142 6141 6144 
3127 2577 2578 2579 
3128 3385 5949 6546 
3129 6425 6423 6450 
3130 4640 6029 6030 
3131 1674 2294 5987 
3132 1960 1904 1961 
3133 2879 2877 7043 
3134 904 897 6063 
3135 3224 6358 7788 
3136 1302 1303 7865 
3137 2292 901 6062 
3138 6537 6655 7773 
3139 2172 2204 3468 
3140 5263 5260 6061 
3141 2534 8002 8024 
3142 6932 4971 7378 
3143 349 499 6012 
3144 2590 3416 3764 
3145 2010 2922 6027 
3146 2293 5940 6833 
3147 4158 4160 5885 
3148 3064 6893 7939 
3149 5938 1088 7767 
3150 2076 3236 7259 
3151 6625 6060 7158 
3152 4931 7052 8190 
3153 2984 6416 7196 
3154 639 5849 7877 
3155 3517 4077 5932 
3156 4172 3454 4173 
3157 3200 6042 6043 
3158 1865 6121 7687 
3159 500 106 6973 
3160 4997 6648 8003 
3161 3313 3310 8227 
3162 7101 4325 7102 
3163 7041 7034 7042 
3164 1060 1028 8062 
3165 6648 681 8003 
3166 1903 1875 1904 
3167 2593 5813 8075 
3168 3333 6473 7854 
3169 2294 2296 6159 
3170 7118 3472 7220 
3171 4792 4173 5334 
3172 1873 5818 7733 
3173 3200 2899 6042 
3174 2014 1961 2015 
3175 891 1591 6116 
3176 4964 6211 6212 
3177 4852 6959 6960 
3178 6064 6065 6073 
3179 5902 4952 7816 
3180 5352 5351 5353 
3181 2033 8991 8995 
3182 4082 4041 5993 
3183 4787 6138 7981 
3184 1954 1903 7808 
3185 6241 6242 6243 
3186 4183 3422 6375 
3187 4337 4556 5047 
3188 1996 5914 8253 
3189 5854 8438 8441 
3190 4842 5440 5993 
3191 1101 1143 3560 
3192 5980 4074 5981 
3193 4953 5881 7151 
3194 901 899 6062 
3195 479 268 6761 
3196 918 5911 7811 
3197 5921 4082 5922 
3198 1830 1837 6538 
3199 4325 7101 7152 
3200 3577 1306 6006 
3201 4027 3611 6936 
3202 4067 4068 5823 
3203 3396 3754 5948 
3204 1964 5906 7457 
3205 3570 1921 6037 
3206 6883 1285 8433 
3207 2174 7059 7731 
3208 1749 1751 6786 
3209 5939 2780 8076 
3210 3616 7370 8093 
3211 1540 1539 1576 
3212 2130 6011 7298 
3213 3950 2790 7657 
3214 897 895 6063 
3215 8196 5864 8210 
3216 6265 6261 6268 
3217 2579 2581 2582 
3218 3798 3797 3972 
3219 2861 3224 7631 
3220 6276 6194 6335 
3221 3260 6064 6073 
3222 4172 4173 4792 
3223 6551 4968 6552 
3224 8172 5882 8199 
3225 4683 4210 6542 
3226 2593 2516 8039 
3227 2833 2791 6088 
3228 5294 5292 6158 
3229 3764 3416 4040 
3230 988 987 6821 
3231 171 172 507 
3232 283 284 506 
3233 6529 2415 6530 
3234 2182 6955 6956 
3235 6611 6609 7254 
3236 1675 5987 6135 
3237 2812 4206 6463 
3238 4340 1093 7149 
3239 6527 857 6529 
3240 4322 7125 7322 
3241 3564 6386 7226 
3242 6091 500 6092 
3243 2162 2015 2163 
3244 1814 1865 7687 
3245 3932 5214 5988 
3246 5832 5834 5835 
3247 7734 5818 8262 
3248 977 981 6025 
3249 2725 2721 8142 
3250 7921 6758 7987 
3251 6674 5010 7946 
3252 6516 9125 9137 
3253 4979 6906 7448 
3254 3540 3519 3780 
3255 3803 5230 5312 
3256 5379 4124 6110 
3257 1340 1539 1540 
3258 4383 2769 6802 
3259 2009 2010 6026 
3260 3260 2895 6064 
3261 3213 6298 7135 
3262 2534 8024 8039 
3263 3540 3780 3803 
3264 4338 7151 7442 
3265 3006 3004 7133 
3266 1577 1576 1617 
3267 7137 6815 7755 
3268 2280 2249 2281 
3269 105 500 6091 
3270 6817 4278 8001 
3271 4264 4262 6029 
3272 6947 7603 7604 
3273 5279 5263 6061 
3274 6255 224 7800 
3275 5988 5989 7657 
3276 6686 7509 7520 
3277 5484 5485 5486 
3278 3973 3972 5859 
3279 6588 825 6590 
3280 5738 4412 7294 
3281 4194 6060 6625 
3282 1618 1617 1863 
3283 5724 6931 7420 
3284 3263 2996 7560 
3285 2297 2384 5942 
3286 5949 3385 6197 
3287 7509 4164 7520 
3288 4329 5984 7337 
3289 1594 1614 1663 
3290 4291 5675 6010 
3291 5357 4056 6326 
3292 7314 1964 7550 
3293 6178 6168 6179 
3294 1374 1530 6090 
3295 6013 2725 6014 
3296 1365 5850 7882 
3297 6674 3239 8019 
3298 1065 1101 5926 
3299 2334 2337 6133 
3300 3141 3454 4172 
3301 5798 2674 5799 
3302 4855 3982 5350 
3303 6847 6852 6853 
3304 2575 2576 2577 
3305 3050 6613 6634 
3306 597 4192 6595 
3307 6590 1587 6591 
3308 1089 1088 7149 
3309 2586 2585 2587 
3310 273 485 6207 
3311 3141 3142 3454 
3312 2092 8252 8268 
3313 5475 4381 5520 
3314 3416 2587 7054 
3315 2172 2163 2173 
3316 908 883 6335 
3317 6290 6289 6387 
3318 3563 3490 6623 
3319 4594 3973 4609 
3320 6176 1588 8711 
3321 4045 4044 4047 
3322 5265 5263 5279 
3323 6181 1302 7865 
3324 6190 4417 7798 
3325 4316 6009 7307 
3326 6417 3235 6447 
3327 2575 2577 2591 
3328 3146 5954 7059 
3329 3577 6006 6119 
3330 4066 5359 6389 
3331 4140 3852 6010 
3332 6098 2649 7186 
3333 576 5970 6973 
3334 2590 2587 3416 
3335 6377 6376 7401 
3336 1574 1585 6123 
3337 5921 5922 5923 
3338 5245 4784 5373 
3339 6523 6285 7395 
3340 6141 6140 6151 
3341 3317 3314 8188 
3342 6847 6851 6852 
3343 4027 6936 6937 
3344 2919 1711 3565 
3345 6850 6860 7386 
3346 859 857 6527 
3347 2585 2592 7054 
3348 3266 6222 7418 
3349 4500 5939 8076 
3350 1177 1175 6594 
3351 1716 1729 7440 
3352 8028 2328 8066 
3353 7858 5051 8167 
3354 112 113 556 
3355 342 343 557 
3356 3350 7672 7807 
3357 272 6207 6208 
3358 3118 3120 6082 
3359 4160 4161 4891 
3360 6867 2210 6868 
3361 5962 1885 5963 
3362 5872 5871 5873 
3363 951 962 5951 
3364 4684 4258 6154 
3365 6908 6910 6913 
3366 914 912 6226 
3367 2248 3520 5929 
3368 907 869 7395 
3369 5990 2797 5992 
3370 2877 2875 7722 
3371 5976 4074 5980 
3372 2655 266 7987 
3373 7102 4325 7104 
3374 6008 4322 7124 
3375 281 282 569 
3376 173 174 568 
3377 6099 1033 6100 
3378 2197 2196 6055 
3379 4598 6227 6228 
3380 2585 2583 2592 
3381 2181 6796 6797 
3382 3250 3700 4337 
3383 3642 7974 8004 
3384 6265 6268 6269 
3385 4056 3165 6326 
3386 3845 3764 3982 
3387 6896 2522 7922 
3388 917 914 6226 
3389 1368 1369 1370 
3390 479 7921 7987 
3391 6595 4192 6596 
3392 1670 6636 7950 
3393 2589 2587 2590 
3394 2400 6213 8295 
3395 6261 6259 6268 
3396 6281 873 6283 
3397 3285 6143 7197 
3398 4063 4062 4784 
3399 8508 5071 8519 
3400 1920 1919 1980 
3401 2337 2338 6131 
3402 1370 1371 1372 
3403 827 825 6588 
3404 2289 8586 8735 
3405 3747 6874 7331 
3406 5670 3416 7054 
3407 6584 6862 7393 
3408 3620 6129 7707 
3409 7398 6640 7852 
3410 2582 2583 2584 
3411 6552 4968 6837 
3412 2776 7857 7868 
3413 6182 4918 7512 
3414 1058 1032 5999 
3415 4993 7510 7617 
3416 3981 4619 6112 
3417 1372 1373 1374 
3418 875 873 6281 
3419 4288 6640 7267 
3420 5984 1538 7337 
3421 3743 4066 6389 
3422 4077 3516 5743 
3423 7346 4589 8022 
3424 3485 3486 4062 
3425 3350 2349 6162 
3426 5987 2294 6159 
3427 1711 1708 5958 
3428 3135 3133 7504 
3429 3600 6051 7219 
3430 4148 5468 6052 
3431 3248 6364 7376 
3432 4854 3982 4855 
3433 6999 7201 7290 
3434 1981 1980 2196 
3435 2649 6098 7187 
3436 3565 5958 5959 
3437 3472 3346 7850 
3438 6920 1638 6922 
3439 4286 5168 7187 
3440 2205 2836 3141 
3441 1612 1662 5940 
3442 280 6040 6041 
3443 3032 3033 3485 
3444 7225 4352 7717 
3445 2294 2295 2296 
3446 5462 4855 5463 
3447 5189 4140 5686 
3448 278 494 5936 
3449 1540 1576 1577 
3450 3281 6140 6141 
3451 5970 5973 6973 
3452 2610 6634 7547 
3453 3705 3561 3708 
3454 168 169 5838 
3455 286 287 5825 
3456 5068 4608 5069 
3457 2296 2297 3148 
3458 6164 6165 6178 
3459 3639 1735 6273 
3460 1114 3557 7262 
3461 4931 8190 8204 
3462 7151 3434 7442 
3463 6271 3112 7927 
3464 8189 5700 8478 
3465 4026 3523 4179 
3466 2430 2432 6798 
3467 4891 5329 5665 
3468 6654 3902 8110 
3469 5244 4924 5372 
3470 4322 6008 7125 
3471 3148 5942 6326 
3472 6126 1997 7813 
3473 1904 1875 7733 
3474 1046 1065 6156 
3475 1374 1373 1530 
3476 5957 7150 7311 
3477 2296 2295 2297 
3478 1998 8089 8096 
3479 4266 4640 5965 
3480 4200 6536 6537 
3481 5711 2416 8502 
3482 2370 6595 6596 
3483 3004 3002 7719 
3484 1001 975 6024 
3485 5957 4953 7151 
3486 1372 1371 1373 
3487 4066 5356 5358 
3488 3041 8175 8196 
3489 1674 2293 2294 
3490 3151 3150 3482 
3491 3653 7137 7755 
3492 4615 4910 4911 
3493 6931 6930 7420 
3494 902 901 903 
3495 2561 2562 6106 
3496 4872 7792 7903 
3497 1015 1033 6099 
3498 4923 4922 4924 
3499 5827 5828 5829 
3500 4169 1732 6189 
3501 6855 909 6862 
3502 1366 1367 1368 
3503 4583 3708 4615 
3504 2655 6758 8054 
3505 6294 6290 6387 
3506 4911 5714 5715 
3507 2294 2293 2295 
3508 5440 5439 5441 
3509 3148 2297 5942 
3510 4325 4036 7104 
3511 4791 4790 5291 
3512 4026 4179 5374 
3513 4066 4056 5356 
3514 3229 2647 3230 
3515 2678 6685 7191 
3516 1075 1885 5962 
3517 2182 993 6955 
3518 7259 3236 7260 
3519 2702 6674 7946 
3520 1143 1144 1297 
3521 1864 1739 6517 
3522 3648 6109 7382 
3523 6143 6142 6144 
3524 6627 6626 7132 
3525 6156 5926 6157 
3526 3269 6164 6178 
3527 1870 1871 1872 
3528 4258 4256 6154 
3529 1370 1369 1371 
3530 6793 1637 6795 
3531 3484 3396 5948 
3532 1869 1834 5865 
3533 5227 4067 5823 
3534 2384 3396 3484 
3535 1693 6135 6136 
3536 5494 5463 5495 
3537 3743 4056 4066 
3538 4011 4718 6872 
3539 6259 3108 6268 
3540 1577 1617 1618 
3541 6945 6946 7375 
3542 6143 6146 7197 
3543 1364 1365 1366 
3544 6630 4346 7670 
3545 4337 3700 4556 
3546 5940 1662 5941 
3547 6128 3412 7562 
3548 1297 1298 1339 
3549 3557 1150 6161 
3550 3230 3553 3554 
3551 6060 4194 6624 
3552 5978 5977 5979 
3553 2922 2924 2925 
3554 5230 3780 5231 
3555 911 903 912 
3556 6606 6612 6614 
3557 993 950 6955 
3558 3321 3318 8145 
3559 6547 6546 7513 
3560 3482 4921 4922 
3561 7199 7198 7776 
3562 7197 6146 7794 
3563 1918 1919 1920 
3564 3462 3523 4026 
3565 4607 4608 5068 
3566 1920 1980 1981 
3567 5298 5297 5351 
3568 3747 6873 6874 
3569 1612 1570 1662 
3570 6363 8392 8399 
3571 2276 2197 3150 
3572 2919 3565 3844 
3573 3348 2229 3561 
3574 3269 6632 7735 
3575 1751 6784 6786 
3576 6691 6749 6759 
3577 2645 7811 7900 
3578 2394 2392 7235 
3579 2637 7381 7567 
3580 3518 3517 3519 
3581 7879 4975 7922 
3582 4465 5909 6227 
3583 6688 519 6689 
3584 913 912 914 
3585 3743 3165 4056 
3586 4041 4842 5993 
3587 3766 4041 4082 
3588 3796 3795 3797 
3589 3060 6889 7839 
3590 5272 5364 5365 
3591 5669 5668 5689 
3592 7033 471 7325 
3593 2375 1904 7733 
3594 4398 7398 7852 
3595 1375 1374 1526 
3596 5247 4752 5370 
3597 2196 2198 3032 
3598 4842 5439 5440 
3599 6872 4718 6873 
3600 1547 1586 1594 
3601 4754 6032 6034 
3602 6134 6637 7498 
3603 3269 3024 6164 
3604 1310 1311 1327 
3605 1674 1657 2293 
3606 6204 3039 7758 
3607 915 914 916 
3608 2306 2323 2328 
3609 2338 2341 6131 
3610 109 509 5968 
3611 1948 1776 6573 
3612 5779 5778 5975 
3613 6036 5952 6081 
3614 2204 2173 2205 
3615 3972 4598 5859 
3616 782 3614 6163 
3617 4206 2185 6594 
3618 6551 6812 7506 
3619 4918 3886 7512 
3620 6538 6537 7773 
3621 6948 2042 7076 
3622 4607 3704 4608 
3623 2573 2574 2575 
3624 3554 3555 3556 
3625 3786 5977 5978 
3626 683 6648 8077 
3627 5709 4143 5927 
3628 4058 4057 4752 
3629 4175 4052 4790 
3630 3462 3463 3523 
3631 6042 3260 6160 
3632 5956 7070 7321 
3633 6686 7306 7509 
3634 1689 1618 1690 
3635 4143 3963 5927 
3636 4619 6052 6053 
3637 900 899 901 
3638 898 897 899 
3639 2584 2585 2586 
3640 2089 2678 7191 
3641 3030 3207 6117 
3642 1527 1526 1570 
3643 5992 1597 7846 
3644 2636 6035 7458 
3645 3200 6044 6375 
3646 896 895 897 
3647 1981 2275 7147 
3648 3981 4148 4619 
3649 788 794 6366 
3650 347 574 5967 
3651 2407 2907 3215 
3652 6764 6762 6779 
3653 3724 3556 3852 
3654 278 279 494 
3655 176 177 495 
3656 1981 2196 2197 
3657 3053 3056 7558 
3658 4954 4965 5985 
3659 7111 2398 7406 
3660 3560 1143 6094 
3661 3208 2885 6305 
3662 7193 4783 7624 
3663 7203 7013 7318 
3664 1571 1570 1612 
3665 915 916 918 
3666 1368 1367 1369 
3667 7316 3135 7504 
3668 3455 3458 5998 
3669 3454 3455 5998 
3670 6268 3108 6271 
3671 2539 6906 7812 
3672 4291 4637 5675 
3673 1833 1877 7828 
3674 4968 6551 7506 
3675 1327 1328 1523 
3676 4887 5668 5669 
3677 6045 6048 6215 
3678 4619 4148 6052 
3679 913 914 915 
3680 3116 3117 3118 
3681 4689 4254 6214 
3682 3425 3426 4057 
3683 3105 3108 6259 
3684 1523 1524 1573 
3685 5962 5963 5964 
3686 2407 2406 2907 
3687 6948 7076 7806 
3688 3281 3278 6140 
3689 1613 1612 1657 
3690 1573 1574 1659 
3691 911 912 913 
3692 3455 3457 3458 
3693 3118 3119 3120 
3694 7672 5816 7807 
3695 1693 1677 6135 
3696 3981 3843 4148 
3697 894 893 895 
3698 924 951 961 
3699 5977 5976 5980 
3700 1362 1363 1364 
3701 7379 5902 7816 
3702 6378 6377 7774 
3703 3485 4062 4063 
3704 4180 6946 7604 
3705 2276 3150 3151 
3706 3444 7225 7717 
3707 4976 6107 7402 
3708 637 639 7877 
3709 6265 6269 6270 
3710 3932 5213 5214 
3711 470 7211 7212 
3712 1918 1884 1919 
3713 6912 6911 8062 
3714 2196 3032 6055 
3715 4063 4784 5245 
3716 1168 1169 1310 
3717 2405 2406 2407 
3718 1727 1725 6189 
3719 4205 6452 6557 
3720 3897 6824 7411 
3721 2305 2304 2306 
3722 4267 4266 4268 
3723 3852 3872 4291 
3724 1732 1727 6189 
3725 3120 3418 3451 
3726 5908 3795 5910 
3727 3348 3561 3705 
3728 3209 3584 3899 
3729 6847 6844 6851 
3730 3451 3843 3981 
3731 6554 3191 7705 
3732 5278 7583 7584 
3733 961 951 5951 
3734 2298 2404 2405 
3735 1157 1165 1166 
3736 2405 2404 2406 
3737 2303 2302 2304 
3738 280 281 6040 
3739 4205 6557 7112 
3740 4560 4121 4890 
3741 1868 1834 1869 
3742 3200 6043 6044 
3743 6762 186 6779 
3744 2181 621 6796 
3745 902 903 911 
3746 6995 6984 6997 
3747 2903 2901 6375 
3748 8362 626 8415 
3749 1802 1939 6818 
3750 3852 4291 6010 
3751 6860 847 7386 
3752 962 976 2298 
3753 6406 6405 6407 
3754 469 6229 6230 
3755 470 7212 7213 
3756 8433 1285 8438 
3757 5192 4143 5709 
3758 3008 3266 7418 
3759 5028 6126 7813 
3760 1920 1981 7147 
3761 5571 4670 8034 
3762 2899 2897 6042 
3763 2298 976 2404 
3764 4200 6535 6536 
3765 8311 2449 8414 
3766 6098 4286 7187 
3767 3661 7388 7836 
3768 2674 2672 7980 
3769 2646 2645 2647 
3770 919 922 2290 
3771 892 891 893 
3772 4291 4292 4637 
3773 7070 6803 7321 
3774 7381 5919 7567 
3775 6109 3648 7757 
3776 1101 1106 1143 
3777 6074 6068 6075 
3778 5862 6807 7514 
3779 2780 8071 8076 
3780 3118 3117 3119 
3781 652 1637 6793 
3782 883 881 6335 
3783 6285 907 7395 
3784 5746 5376 5812 
3785 2390 1580 6624 
3786 5917 6134 7498 
3787 2248 2187 2286 
3788 1948 6573 6574 
3789 7117 2085 7564 
3790 6415 6417 6418 
3791 6693 6759 6760 
3792 6862 835 7393 
3793 5992 7846 7937 
3794 1677 1675 6135 
3795 1852 8287 8343 
3796 4262 6028 6029 
3797 6055 3032 7339 
3798 6321 6322 6387 
3799 4971 6932 7385 
3800 3482 4922 4923 
3801 3451 3418 3843 
3802 6147 6151 6152 
3803 2930 3932 5988 
3804 4274 4273 4659 
3805 4063 5763 7339 
3806 3539 3519 3540 
3807 3120 3119 3418 
3808 890 889 891 
3809 1685 1686 1909 
3810 5375 5374 5376 
3811 3097 3100 6327 
3812 3705 3708 4583 
3813 3230 2647 3553 
3814 3855 4121 4560 
3815 1701 1698 6963 
3816 7059 5954 7731 
3817 276 277 572 
3818 178 179 573 
3819 2301 1659 2302 
3820 4212 4683 6841 
3821 1658 1657 1674 
3822 6896 4975 8002 
3823 282 283 5889 
3824 6807 6780 7514 
3825 2958 6187 7581 
3826 3545 5779 5780 
3827 3039 686 7758 
3828 650 8177 8276 
3829 3149 3148 3165 
3830 470 230 7211 
3831 4199 5876 6258 
3832 3485 4063 7339 
3833 4660 4659 5527 
3834 6308 6311 6321 
3835 285 566 6120 
3836 5780 5781 5782 
3837 3325 3322 8102 
3838 6653 6656 8086 
3839 1817 1732 4169 
3840 4075 4848 4849 
3841 1526 1374 6090 
3842 4182 6124 6125 
3843 6134 3121 6637 
3844 4210 4209 6542 
3845 3887 1909 5725 
3846 3459 3461 3462 
3847 3797 3795 5908 
3848 2402 6274 6275 
3849 6985 6983 6986 
3850 113 114 5870 
3851 341 342 5871 
3852 4265 4264 4266 
3853 7184 7803 7960 
3854 2818 2814 6463 
3855 6906 2528 7448 
3856 6567 5446 6631 
3857 1096 6185 8292 
3858 6145 6144 6150 
3859 3565 1711 5958 
3860 109 110 509 
3861 345 346 510 
3862 1607 800 6288 
3863 6146 6149 7794 
3864 961 5951 5952 
3865 1939 6378 6818 
3866 3485 3033 3486 
3867 7188 7127 7785 
3868 4268 4266 5965 
3869 201 476 6994 
3870 7857 5960 7868 
3871 574 348 6012 
3872 1685 3887 6130 
3873 2329 3424 3425 
3874 4205 6451 6452 
3875 2571 2572 2573 
3876 1157 1137 1165 
3877 5944 1514 5945 
3878 4260 4684 6028 
3879 4911 4910 5714 
3880 1168 1166 1169 
3881 4209 6541 6542 
3882 1310 1169 1311 
3883 4923 4924 5244 
3884 2795 2930 5988 
3885 1675 1674 5987 
3886 4263 4262 4264 
3887 6147 6141 6151 
3888 1518 585 6351 
3889 4254 4252 6214 
3890 5881 4954 8036 
3891 1751 1753 6784 
3892 6546 5949 7513 
3893 469 6230 6231 
3894 2085 2086 7191 
3895 1724 1720 7255 
3896 6634 6613 7547 
3897 2309 2307 3158 
3898 5715 5714 5716 
3899 3141 2836 3142 
3900 4080 3751 5792 
3901 8186 5815 8271 
3902 4351 6554 7705 
3903 8495 1280 8499 
3904 2415 853 7638 
3905 2065 3250 7344 
3906 576 5969 5970 
3907 469 226 6229 
3908 4067 3550 4068 
3909 4041 4841 4842 
3910 2125 2130 7298 
3911 9081 5006 9082 
3912 6914 4314 6926 
3913 3747 6872 6873 
3914 4493 7048 7384 
3915 6327 3100 7870 
3916 3766 3842 4041 
3917 1729 1714 7618 
3918 4615 3708 4910 
3919 7930 2359 7972 
3920 4565 6338 6339 
3921 7101 3392 7152 
3922 4842 5438 5439 
3923 8098 5001 8121 
3924 2313 2311 2369 
3925 5970 5969 5971 
3926 2271 3620 7707 
3927 8122 3914 8137 
3928 6690 6689 6691 
3929 2349 2351 6162 
3930 4449 4838 6878 
3931 4283 4489 7053 
3932 3749 6620 6621 
3933 3724 3852 4140 
3934 3782 7598 7859 
3935 496 235 7040 
3936 3218 6289 6290 
3937 3271 2246 6453 
3938 6090 1530 8465 
3939 7048 7047 7384 
3940 1075 1058 1885 
3941 4465 5908 5909 
3942 3547 3579 3786 
3943 3166 3165 3743 
3944 3855 3854 4121 
3945 7253 5157 8413 
3946 1120 1075 5962 
3947 3277 3275 5658 
3948 3337 6469 7563 
3949 3089 3092 6367 
3950 6110 4124 7142 
3951 3707 3118 6082 
3952 3928 6630 7670 
3953 4266 4264 4640 
3954 1622 1684 1685 
3955 3216 3014 6216 
3956 4261 4260 4262 
3957 3260 6073 6160 
3958 2911 4346 6338 
3959 4329 2430 6798 
3960 3258 6307 6321 
3961 3569 4739 7142 
3962 6056 6057 6058 
3963 6083 6082 6085 
3964 1327 1311 1328 
3965 4637 4886 4887 
3966 270 519 6688 
3967 5959 5958 6118 
3968 6199 2007 7801 
3969 6844 841 6851 
3970 3725 3422 3854 
3971 2590 3764 3845 
3972 6692 6691 6693 
3973 268 269 6761 
3974 6143 6144 6145 
3975 2148 3231 6535 
3976 1119 1075 1120 
3977 900 901 902 
3978 3725 3854 3855 
3979 6363 2801 8392 
3980 1032 2291 5999 
3981 2347 3350 7274 
3982 1840 6577 7772 
3983 7243 7244 7293 
3984 2743 7112 7746 
3985 2328 2323 2329 
3986 6162 4190 7672 
3987 2895 2893 6064 
3988 6003 6004 6005 
3989 4113 5459 7693 
3990 4887 5667 5668 
3991 2306 2304 2323 
3992 2853 3248 7376 
3993 2753 3233 6451 
3994 4406 5919 6186 
3995 2297 2383 2384 
3996 3581 3637 4074 
3997 4272 4269 4273 
3998 6640 6639 7267 
3999 3579 3581 5976 
4000 3222 6340 6341 
4001 2302 1659 4182 
4002 2569 2571 3217 
4003 6194 908 6335 
4004 990 991 1015 
4005 1015 1016 1033 
4006 2614 592 7926 
4007 4058 4752 5247 
4008 973 974 990 
4009 6044 6043 6045 
4010 1156 1137 1157 
4011 3932 5212 5213 
4012 895 2289 6063 
4013 953 954 973 
4014 7751 5938 7767 
4015 596 597 6595 
4016 3116 3115 3117 
4017 1513 1323 6801 
4018 1778 6572 6573 
4019 6126 6127 7901 
4020 1942 6781 6782 
4021 3423 6125 7862 
4022 1726 1728 7094 
4023 3623 7307 7770 
4024 2586 2587 2589 
4025 586 1638 6921 
4026 2905 2903 3422 
4027 3277 5658 5659 
4028 6404 6405 6406 
4029 5069 6200 6201 
4030 6051 3600 7545 
4031 1883 1690 1884 
4032 2384 2385 3396 
4033 1943 2148 6535 
4034 6691 6689 6749 
4035 3990 3981 6112 
4036 2905 3422 3725 
4037 6307 6308 6321 
4038 1136 1120 1137 
4039 3798 3972 3973 
4040 1698 1697 6963 
4041 1857 6539 7497 
4042 6379 3246 6380 
4043 1523 1328 1524 
4044 4328 7199 7776 
4045 3454 3142 3455 
4046 1169 1166 7250 
4047 1680 6272 6577 
4048 1105 4287 6970 
4049 6082 3120 7760 
4050 3113 3115 3116 
4051 6397 6393 6404 
4052 2402 879 6274 
4053 6693 6691 6759 
4054 1591 6001 6003 
4055 1366 1365 1367 
4056 1364 1366 1996 
4057 7043 2877 7722 
4058 4924 4922 5729 
4059 3218 2873 6289 
4060 3104 3105 6259 
4061 2539 7879 7922 
4062 3425 4057 4058 
4063 6211 3612 6212 
4064 6660 2637 7289 
4065 6367 3092 7872 
4066 4259 4258 4260 
4067 1074 1058 1075 
4068 899 904 6062 
4069 1323 3407 6801 
4070 1888 4200 6538 
4071 6539 5557 7497 
4072 3032 2198 3033 
4073 6577 5887 7772 
4074 273 274 485 
4075 181 182 484 
4076 6098 7186 7299 
4077 2986 2984 7196 
4078 988 6821 7948 
4079 6303 7060 7445 
4080 347 348 574 
4081 107 108 576 
4082 6766 6765 6768 
4083 6190 6191 7983 
4084 1272 1282 6930 
4085 6801 6800 7417 
4086 1942 1755 6781 
4087 3338 3337 7563 
4088 916 917 919 
4089 820 2388 7643 
4090 6262 6261 6264 
4091 4062 3486 4128 
4092 3433 4283 7053 
4093 2412 6390 6391 
4094 6044 6045 6215 
4095 3382 3121 6134 
4096 2579 2578 2580 
4097 1573 1524 1574 
4098 6260 6259 6261 
4099 3482 3150 4921 
4100 1158 1319 7381 
4101 2323 2304 7328 
4102 4752 4057 5325 
4103 1368 1370 3629 
4104 2046 2053 6945 
4105 6945 2053 6946 
4106 6907 6908 6914 
4107 6113 6112 6114 
4108 6045 6047 6048 
4109 2302 4182 7328 
4110 6392 3262 6404 
4111 2845 3564 7226 
4112 3258 2869 6307 
4113 3787 4757 6940 
4114 2246 2232 6453 
4115 7974 5991 8004 
4116 4598 4465 6227 
4117 6605 6606 6614 
4118 3581 4074 5976 
4119 3081 3084 6454 
4120 895 893 2289 
4121 5158 4996 5844 
4122 2711 1169 7250 
4123 1032 1026 2291 
4124 922 923 924 
4125 5847 4947 5848 
4126 6518 910 6524 
4127 7150 6687 7311 
4128 1942 6782 6783 
4129 3949 3929 4996 
4130 6345 6341 6827 
4131 2368 2355 6633 
4132 2626 6546 6547 
4133 919 920 922 
4134 2426 589 6649 
4135 1940 6465 6466 
4136 6341 6340 6827 
4137 7244 7245 7510 
4138 3900 2394 7235 
4139 3425 3424 3426 
4140 891 889 1591 
4141 577 104 6091 
4142 2577 2576 2578 
4143 1065 5926 6156 
4144 4854 4855 5462 
4145 6579 905 6585 
4146 794 926 953 
4147 3554 3553 3555 
4148 6107 4976 7391 
4149 2354 2356 6462 
4150 3997 4725 6540 
4151 4209 6540 6541 
4152 3423 2323 7328 
4153 2930 3359 3932 
4154 4257 4256 4258 
4155 6380 6385 6842 
4156 2161 1995 6815 
4157 5296 5294 5297 
4158 4262 4260 6028 
4159 2923 2921 7885 
4160 5278 5274 7583 
4161 6467 3048 6468 
4162 3845 3982 4854 
4163 3412 2277 7562 
4164 4187 3382 6134 
4165 3329 3326 8060 
4166 6932 2190 7385 
4167 6338 4346 6339 
4168 6576 3412 7831 
4169 3109 3111 3112 
4170 3611 3788 6936 
4171 6179 6168 6180 
4172 1364 1363 1365 
4173 4315 6303 7445 
4174 1692 1677 1693 
4175 1031 1026 1032 
4176 2749 2753 6451 
4177 6464 4206 6594 
4178 2413 6549 6550 
4179 4327 7243 7293 
4180 3096 3097 6327 
4181 7778 3237 7814 
4182 1167 1166 1168 
4183 3749 6619 6620 
4184 3222 3000 6340 
4185 6856 2598 6859 
4186 3524 3536 3766 
4187 1603 1015 6099 
4188 783 782 787 
4189 6379 6380 6842 
4190 4383 7188 7785 
4191 621 618 6796 
4192 5514 5312 5515 
4193 5334 4173 5335 
4194 6321 6311 6322 
4195 6056 2292 6057 
4196 4641 4250 6544 
4197 4194 2390 6624 
4198 2569 2570 2571 
4199 2387 810 6578 
4200 7417 6800 7550 
4201 4363 6626 6627 
4202 520 6762 6763 
4203 1778 1780 6572 
4204 1685 1684 1686 
4205 3105 3107 3108 
4206 6696 6694 6752 
4207 1000 814 6616 
4208 584 586 6921 
4209 3554 3556 3724 
4210 1816 1833 7828 
4211 6393 6392 6404 
4212 3224 2859 6358 
4213 1034 1036 1071 
4214 2901 2899 3200 
4215 4849 4848 5431 
4216 4638 4244 6790 
4217 7235 6625 7236 
4218 4007 4724 6619 
4219 3396 3417 3754 
4220 1057 1032 1058 
4221 1941 6569 6570 
4222 788 787 794 
4223 6003 6001 6004 
4224 7220 3472 7850 
4225 5986 4304 6576 
4226 5018 7959 8150 
4227 7131 5437 7315 
4228 1806 2410 6376 
4229 2388 818 6629 
4230 3986 5203 6324 
4231 2356 2361 6462 
4232 3425 4058 7419 
4233 6328 6327 6329 
4234 3146 2217 7531 
4235 5462 5463 5494 
4236 3852 3556 3872 
4237 924 925 951 
4238 662 3048 6467 
4239 2849 3246 6379 
4240 7112 4973 7746 
4241 4760 6881 6882 
4242 6330 6329 6334 
4243 1585 1622 6130 
4244 7240 7397 7402 
4245 3949 5159 7229 
4246 2355 2353 6633 
4247 3056 6885 7558 
4248 2565 2566 2567 
4249 2907 2908 3209 
4250 3259 2818 3929 
4251 2581 2580 2588 
4252 4275 4249 8112 
4253 951 952 962 
4254 779 778 782 
4255 962 963 976 
4256 3847 5547 8418 
4257 6676 6679 6907 
4258 7388 4999 7836 
4259 2196 1980 2198 
4260 2113 6303 7251 
4261 6675 6676 6907 
4262 899 897 904 
4263 6278 1592 6279 
4264 3229 3230 3963 
4265 950 6954 6955 
4266 100 488 6806 
4267 585 583 6351 
4268 3030 3206 3207 
4269 3607 4294 7169 
4270 6202 3788 7169 
4271 7281 8053 8087 
4272 3949 4996 5158 
4273 3752 3744 6389 
4274 2412 1794 6390 
4275 6918 6917 6921 
4276 6786 6785 6787 
4277 4873 5652 6837 
4278 1696 1694 1697 
4279 2897 2895 3260 
4280 2421 1759 6900 
4281 6763 6765 6766 
4282 1685 1909 3887 
4283 2303 2304 2305 
4284 2988 3262 6392 
4285 4761 6904 6905 
4286 7032 7028 7035 
4287 1617 1576 3205 
4288 1737 1864 6273 
4289 2305 2306 2307 
4290 4745 4013 6605 
4291 4337 6651 7344 
4292 2199 3395 7173 
4293 2421 6900 6901 
4294 1947 6831 6832 
4295 6943 3146 7531 
4296 1088 1085 7767 
4297 6627 4385 7819 
4298 774 771 778 
4299 3259 3949 7229 
4300 1372 1374 1375 
4301 4745 6605 6614 
4302 4939 5861 6257 
4303 519 271 6208 
4304 4951 5902 7125 
4305 3464 4332 4614 
4306 1573 1659 2301 
4307 7817 4278 7952 
4308 2897 3260 6042 
4309 4074 3637 4075 
4310 7375 4180 7622 
4311 6949 7375 7622 
4312 6454 3084 7874 
4313 7133 3004 7719 
4314 3088 3089 6367 
4315 7128 3514 7727 
4316 6336 746 6337 
4317 1776 1778 6573 
4318 1940 1790 6465 
4319 3458 3457 3459 
4320 3101 3103 3104 
4321 4875 5655 7332 
4322 3259 3929 3949 
4323 6531 2415 7638 
4324 1539 5924 6155 
4325 2567 2568 2569 
4326 786 2423 6926 
4327 4255 4254 4256 
4328 6376 2410 7401 
4329 4218 4617 6516 
4330 4781 7752 7782 
4331 861 910 6518 
4332 8411 5261 8452 
4333 7192 7193 7624 
4334 4638 6790 6791 
4335 3698 3577 3704 
4336 4363 1667 6626 
4337 6242 2912 8599 
4338 4222 4685 6534 
4339 3523 3524 5920 
4340 3840 5447 6565 
4341 3966 4591 6647 
4342 6064 3261 6065 
4343 2565 2567 3219 
4344 2646 2647 3229 
4345 4256 4689 6154 
4346 6763 6764 6765 
4347 2413 1786 6549 
4348 3031 3030 6117 
4349 2301 2302 2303 
4350 903 901 2292 
4351 1065 1072 1101 
4352 3588 791 6366 
4353 3112 3111 3113 
4354 2644 2642 2645 
4355 6464 6594 8031 
4356 1958 1954 1987 
4357 1735 1737 6273 
4358 2399 2398 7587 
4359 6264 6261 6265 
4360 6451 3233 6452 
4361 349 350 499 
4362 105 106 500 
4363 3646 3644 7382 
4364 6824 6536 7411 
4365 800 798 6288 
4366 2007 2008 7801 
4367 6784 6783 6785 
4368 1689 1690 1883 
4369 4687 4228 6548 
4370 7277 4316 7307 
4371 3788 6202 6935 
4372 3746 3744 3752 
4373 4627 6898 6899 
4374 279 280 6041 
4375 5790 5779 5975 
4376 903 2292 6056 
4377 2432 2436 6798 
4378 3097 3099 3100 
4379 1700 1698 1701 
4380 4148 4149 5468 
4381 730 729 731 
4382 3582 6258 8297 
4383 4349 1540 7780 
4384 4260 4258 4684 
4385 8396 2455 8445 
4386 4993 4940 7260 
4387 3121 2152 6637 
4388 1375 1526 1527 
4389 3392 7099 7109 
4390 734 733 735 
4391 4688 4232 6561 
4392 2808 6221 8683 
4393 1137 1120 6022 
4394 1919 1884 6139 
4395 7050 7751 7767 
4396 3576 4111 6631 
4397 4946 4186 4947 
4398 829 905 6579 
4399 2229 2069 6007 
4400 5877 4939 6257 
4401 1941 1782 6569 
4402 6237 6232 6917 
4403 743 746 6336 
4404 2129 5960 7857 
4405 4837 4471 6562 
4406 6192 908 6193 
4407 4298 1125 6660 
4408 272 273 6207 
4409 2275 2197 2276 
4410 6368 6367 6369 
4411 4836 4479 6563 
4412 3371 4011 6872 
4413 6284 907 6285 
4414 6585 905 6586 
4415 4440 4839 6564 
4416 6370 6369 6374 
4417 6803 1411 7321 
4418 1724 7255 7441 
4419 2881 3213 6304 
4420 1313 1362 6161 
4421 4267 4268 4269 
4422 6688 6689 6690 
4423 3201 2282 7581 
4424 6978 6984 6995 
4425 6193 6195 6196 
4426 236 7039 7040 
4427 2205 3141 5884 
4428 6657 2409 6658 
4429 4423 4840 6593 
4430 3093 3095 3096 
4431 1063 1123 7114 
4432 6462 4987 7783 
4433 794 787 926 
4434 4590 3704 4607 
4435 3794 3172 3795 
4436 4760 4488 6881 
4437 1642 2424 6675 
4438 6397 6404 6406 
4439 6959 6958 6960 
4440 3709 4592 6969 
4441 6540 4725 6541 
4442 1622 1685 6130 
4443 3980 3476 7118 
4444 6512 6514 6515 
4445 4361 4844 6617 
4446 2085 7191 7564 
4447 6535 3231 6536 
4448 2263 2081 6949 
4449 4874 4875 7332 
4450 3024 3022 6164 
4451 6008 7124 7407 
4452 2893 3261 6064 
4453 1527 1570 1571 
4454 2792 2795 7657 
4455 7099 3392 7101 
4456 4190 4191 4623 
4457 3597 3997 6540 
4458 2893 2891 3261 
4459 5494 5495 5496 
4460 738 737 739 
4461 4357 4758 6628 
4462 3856 3859 4874 
4463 3073 3076 6597 
4464 2004 2007 7871 
4465 3108 3107 3109 
4466 6524 910 6525 
4467 3487 4007 6619 
4468 2539 7812 7879 
4469 2044 2042 6948 
4470 277 278 5936 
4471 746 745 747 
4472 6274 1592 6278 
4473 2255 2186 2257 
4474 4728 7130 7426 
4475 742 741 743 
4476 4058 5248 7419 
4477 1948 6575 6828 
4478 2156 1987 2186 
4479 4641 6544 6545 
4480 4944 3980 7118 
4481 3464 4331 4332 
4482 3917 6799 6800 
4483 6065 6067 6068 
4484 6152 6151 6153 
4485 6508 6510 6511 
4486 2610 2606 6634 
4487 2425 1210 6665 
4488 1266 2427 6644 
4489 4761 4508 6904 
4490 3691 4576 7217 
4491 6706 6704 6751 
4492 973 954 974 
4493 990 974 991 
4494 7201 196 7290 
4495 1015 991 1016 
4496 2389 7245 7362 
4497 1033 1016 1034 
4498 3089 3091 3092 
4499 5938 5869 7149 
4500 3462 3461 3463 
4501 4756 4015 6813 
4502 894 895 896 
4503 6551 1094 6812 
4504 1019 2409 6657 
4505 4594 4609 4610 
4506 5819 8028 8066 
4507 896 897 898 
4508 3209 3210 3584 
4509 3038 2911 6338 
4510 589 587 6649 
4511 5997 5995 7326 
4512 1386 1383 7317 
4513 3104 3103 3105 
4514 5069 5761 6200 
4515 3547 3786 5983 
4516 4835 4512 6641 
4517 2131 3124 6780 
4518 4995 7128 7727 
4519 3186 2257 3187 
4520 6675 2424 6676 
4521 6289 3258 6387 
4522 888 887 889 
4523 953 926 954 
4524 1868 1869 1870 
4525 1947 6829 6830 
4526 7245 7242 7362 
4527 1571 1612 1613 
4528 4291 3872 4292 
4529 2100 2102 7126 
4530 103 104 577 
4531 351 352 575 
4532 4265 4266 4267 
4533 754 753 755 
4534 990 1015 1603 
4535 4198 6206 7160 
4536 6237 6917 6918 
4537 898 899 900 
4538 3080 3081 6454 
4539 750 749 751 
4540 727 729 730 
4541 6056 6058 6226 
4542 7028 7027 7035 
4543 4382 4381 5475 
4544 770 769 771 
4545 3100 3099 3101 
4546 4253 4252 4254 
4547 6530 2415 6531 
4548 4927 4019 6663 
4549 6619 4724 6620 
4550 731 733 734 
4551 583 3765 6351 
4552 3333 3330 7989 
4553 3771 4852 6960 
4554 766 765 767 
4555 718 719 7164 
4556 1327 1523 1525 
4557 7084 7085 7409 
4558 2404 6025 6865 
4559 2904 2903 2905 
4560 1739 1741 6517 
4561 3165 3148 6326 
4562 707 710 7271 
4563 762 761 763 
4564 5290 3757 6942 
4565 4061 5530 6826 
4566 758 757 759 
4567 7371 3289 7794 
4568 3963 3230 7636 
4569 4261 4262 4263 
4570 887 885 6192 
4571 890 891 892 
4572 2400 1007 7166 
4573 4834 4517 6664 
4574 5069 4608 5761 
4575 7289 2637 7567 
4576 3085 3087 3088 
4577 4304 3826 6576 
4578 7110 5765 7816 
4579 346 347 5967 
4580 1277 1206 6805 
4581 3282 3281 6142 
4582 1741 2403 6517 
4583 6231 6230 6232 
4584 3030 3028 3206 
4585 3096 3095 3097 
4586 2166 2100 7126 
4587 1343 1546 1547 
4588 3490 3749 6623 
4589 4627 4238 6898 
4590 200 201 6994 
4591 4263 4264 4265 
4592 6690 6691 6692 
4593 6378 7774 7817 
4594 6303 5947 7251 
4595 2274 1921 3570 
4596 2141 2636 7458 
4597 892 893 894 
4598 6677 2424 7117 
4599 3395 4290 7173 
4600 912 903 6056 
4601 2885 2883 6305 
4602 2398 7111 7587 
4603 1917 1884 1918 
4604 7236 7083 7849 
4605 6977 6978 6995 
4606 2559 2560 2561 
4607 1336 1545 6819 
4608 2902 2901 2903 
4609 3104 6259 6260 
4610 6260 6261 6262 
4611 648 688 7093 
4612 6977 579 6978 
4613 3029 3028 3030 
4614 6504 6506 6507 
4615 7130 7129 7426 
4616 3207 3709 6969 
4617 2017 7219 7541 
4618 2164 7056 8128 
4619 1690 1618 7924 
4620 4968 4873 6837 
4621 4363 6627 7046 
4622 6692 6693 6694 
4623 1946 6971 6972 
4624 4274 4659 4660 
4625 6853 6852 6854 
4626 6232 6230 6917 
4627 6008 4951 7125 
4628 6639 1435 7267 
4629 6303 2113 7060 
4630 3520 2286 3550 
4631 6316 3224 7788 
4632 4739 6110 7142 
4633 751 754 6356 
4634 1601 1632 6927 
4635 1884 1690 6139 
4636 2408 6081 6822 
4637 2228 3392 7109 
4638 3092 3091 3093 
4639 912 6056 6226 
4640 6045 6046 6047 
4641 4190 3711 4191 
4642 3644 3648 7382 
4643 726 725 727 
4644 4152 7368 7369 
4645 7397 4976 7402 
4646 5226 4079 5340 
4647 1947 1770 6829 
4648 4179 3523 5920 
4649 3143 7392 7652 
4650 3270 1306 3577 
4651 7358 7361 7431 
4652 3116 3118 3707 
4653 5308 4028 6823 
4654 4250 4248 6544 
4655 910 859 6527 
4656 1123 6553 7114 
4657 735 737 738 
4658 683 8077 8098 
4659 4272 4273 4274 
4660 2036 2598 6856 
4661 2625 2626 6547 
4662 977 979 981 
4663 739 741 742 
4664 1117 3616 6836 
4665 4332 4333 4611 
4666 7182 7181 8248 
4667 5799 2674 7980 
4668 471 240 7325 
4669 4833 4523 6808 
4670 743 745 746 
4671 3992 4634 6638 
4672 905 827 6588 
4673 7049 7048 7573 
4674 6930 1282 7420 
4675 791 788 6366 
4676 620 652 6793 
4677 6278 6279 6280 
4678 6922 2614 6923 
4679 2704 3239 6674 
4680 2942 2228 7109 
4681 2388 7238 7643 
4682 5844 1655 8168 
4683 6968 5238 7323 
4684 3088 3087 3089 
4685 6406 6407 6410 
4686 1688 1882 2401 
4687 1946 1764 6971 
4688 6455 6454 6456 
4689 3477 3735 7108 
4690 1362 1361 1363 
4691 6276 6275 6277 
4692 5067 4415 8023 
4693 7274 3350 7807 
4694 818 816 6629 
4695 2032 2210 6866 
4696 814 812 6616 
4697 5798 5799 5800 
4698 6193 6194 6195 
4699 2600 1507 7148 
4700 3383 3569 7142 
4701 2710 3445 7086 
4702 953 973 2299 
4703 950 943 6954 
4704 6457 6456 6461 
4705 4989 4991 5731 
4706 810 808 6578 
4707 3778 3507 6916 
4708 108 109 5968 
4709 3081 3083 3084 
4710 3207 3206 3709 
4711 2889 2887 7890 
4712 3440 3966 3967 
4713 6164 3268 6165 
4714 4259 4260 4261 
4715 1728 1733 7094 
4716 210 7203 7318 
4717 1376 4974 7951 
4718 4853 3770 6958 
4719 3625 7624 7826 
4720 6621 6620 6622 
4721 798 2370 6288 
4722 2943 1202 6941 
4723 3523 3463 3524 
4724 3707 6082 6083 
4725 6810 4162 6811 
4726 6453 2232 6809 
4727 1437 1435 6639 
4728 6537 6536 6824 
4729 3249 3711 4190 
4730 4342 2600 7148 
4731 1296 1346 6879 
4732 2296 3148 3149 
4733 1919 6139 7779 
4734 6874 6873 6875 
4735 7243 4327 7329 
4736 4974 6557 6558 
4737 520 185 6762 
4738 693 698 6820 
4739 6819 1545 6927 
4740 747 749 750 
4741 6597 3076 7860 
4742 4252 4641 6214 
4743 4994 6633 7844 
4744 6500 6502 6503 
4745 727 728 729 
4746 7027 528 7035 
4747 1313 1361 1362 
4748 688 2640 7093 
4749 2901 3200 6375 
4750 927 636 7084 
4751 2668 4322 7322 
4752 3431 3432 3440 
4753 4832 4527 6834 
4754 4647 7838 8085 
4755 751 753 754 
4756 1613 1657 1658 
4757 2647 2645 7900 
4758 6237 6918 6919 
4759 3520 4166 5929 
4760 1327 1525 6224 
4761 1901 1660 7435 
4762 6792 620 6793 
4763 6065 6066 6067 
4764 2900 2899 2901 
4765 3527 3576 6631 
4766 1809 1812 7383 
4767 3084 3083 3085 
4768 1636 1543 6950 
4769 7208 581 7209 
4770 888 889 890 
4771 6284 6285 6286 
4772 6666 3052 6667 
4773 3709 4202 4592 
4774 1114 1150 3557 
4775 4257 4258 4259 
4776 3917 3918 6799 
4777 6328 6329 6330 
4778 3096 6327 6328 
4779 6652 6654 6974 
4780 771 772 6209 
4781 2575 2574 2576 
4782 6322 6311 6323 
4783 2898 2897 2899 
4784 4413 3926 4994 
4785 1084 1081 7049 
4786 3413 3151 3414 
4787 1429 1427 6687 
4788 7219 6051 7541 
4789 1580 1537 6624 
4790 1142 1105 6970 
4791 270 271 519 
4792 184 185 520 
4793 2392 4194 7235 
4794 7050 4497 7751 
4795 1181 3657 7798 
4796 7124 7123 7407 
4797 2837 2161 6815 
4798 1704 1702 1835 
4799 6687 1427 7311 
4800 230 231 7211 
4801 2599 1293 6962 
4802 885 908 6192 
4803 3594 4967 6961 
4804 7036 471 7041 
4805 2402 6275 6276 
4806 7361 2948 7431 
4807 1084 7049 7050 
4808 1545 1601 6927 
4809 6381 3246 7226 
4810 2281 3517 3518 
4811 3905 2561 4186 
4812 3026 3024 3269 
4813 742 743 6336 
4814 755 757 758 
4815 731 732 733 
4816 1720 1718 7255 
4817 6923 2614 6924 
4818 6339 4346 6630 
4819 2423 6914 6926 
4820 2188 2249 2280 
4821 782 778 3614 
4822 2562 2564 2565 
4823 2887 2885 3208 
4824 3104 6260 7427 
4825 6351 3765 6352 
4826 4592 4202 5048 
4827 759 761 762 
4828 763 765 766 
4829 1800 1802 6818 
4830 1592 875 6281 
4831 4246 4638 6543 
4832 1653 3600 7219 
4833 1413 1411 6803 
4834 3125 2143 7174 
4835 3505 3771 6960 
4836 6305 6304 6306 
4837 4637 4292 4886 
4838 3451 3981 3990 
4839 6165 6167 6168 
4840 100 101 488 
4841 354 355 487 
4842 767 769 770 
4843 2947 3264 3265 
4844 2573 2572 2574 
4845 7752 7193 7782 
4846 2081 2054 6949 
4847 3554 3724 7636 
4848 7577 4816 7878 
4849 3968 3967 4989 
4850 4256 4254 4689 
4851 2896 2895 2897 
4852 4255 4256 4257 
4853 889 887 6000 
4854 6782 6781 7847 
4855 6720 6718 6748 
4856 1603 6099 6101 
4857 6025 981 8113 
4858 4244 4242 6790 
4859 4965 3915 7070 
4860 735 736 737 
4861 4337 5047 6651 
4862 3077 3079 3080 
4863 6524 6525 6526 
4864 6951 1639 6952 
4865 3080 3079 3081 
4866 4576 7066 7217 
4867 236 237 7039 
4868 6014 2725 6015 
4869 4762 7080 7081 
4870 723 726 7162 
4871 6035 6033 7428 
4872 3022 3020 3268 
4873 1757 2421 6781 
4874 2282 2958 7581 
4875 6496 6498 6499 
4876 3022 3268 6164 
4877 2341 2343 3464 
4878 1125 1126 6660 
4879 4380 3844 4381 
4880 4931 3399 7051 
4881 226 227 6229 
4882 1238 1354 6863 
4883 4015 3380 6813 
4884 1340 1540 4349 
4885 5731 4991 5732 
4886 3218 6290 6291 
4887 4214 4212 6841 
4888 2174 2175 7059 
4889 7598 4984 7859 
4890 4309 3125 7174 
4891 6067 6069 6072 
4892 6035 7428 7458 
4893 3999 4162 6810 
4894 7428 2137 7458 
4895 3430 3265 3431 
4896 5487 5485 5562 
4897 1948 6574 6575 
4898 2883 2881 6304 
4899 6275 6274 6278 
4900 539 6933 6934 
4901 6815 1995 7755 
4902 4875 5654 5655 
4903 1080 7047 7048 
4904 1733 1735 3639 
4905 235 236 7040 
4906 4013 3572 6605 
4907 7503 2777 7649 
4908 7307 6009 7770 
4909 3990 6112 6113 
4910 4853 6958 6959 
4911 945 791 3588 
4912 3507 2273 6916 
4913 4481 4836 6880 
4914 6386 6381 7226 
4915 6530 6531 6532 
4916 6585 6586 6587 
4917 3028 3026 7735 
4918 6966 6968 7323 
4919 1224 1285 6883 
4920 6816 6818 7952 
4921 1737 1739 1864 
4922 3606 3607 7169 
4923 3585 3665 3856 
4924 6291 6290 6292 
4925 6378 7817 7952 
4926 3770 3502 6958 
4927 1094 1095 6812 
4928 743 744 745 
4929 3521 6966 7323 
4930 3863 7131 7315 
4931 1753 1942 6784 
4932 739 740 741 
4933 3932 3359 5212 
4934 2084 3631 7089 
4935 4234 4688 6897 
4936 1383 1381 7317 
4937 4111 6567 6631 
4938 348 349 6012 
4939 2102 7057 7126 
4940 3276 3275 3277 
4941 1018 1002 7090 
4942 4251 4250 4252 
4943 587 1518 6649 
4944 4294 6202 7169 
4945 3988 4621 5699 
4946 4504 4760 6903 
4947 4289 5176 7677 
4948 539 98 6933 
4949 3622 4008 4009 
4950 356 357 7234 
4951 7293 7244 7814 
4952 3018 3016 7799 
4953 6511 6510 6512 
4954 3072 3073 6597 
4955 6792 6793 6794 
4956 586 585 587 
4957 1574 1584 1585 
4958 588 587 589 
4959 3258 6321 6387 
4960 590 589 591 
4961 4009 4676 4719 
4962 3640 3723 4987 
4963 584 583 585 
4964 3870 3873 7368 
4965 1026 1001 6024 
4966 5787 5788 7621 
4967 6652 1832 6653 
4968 1270 1272 6930 
4969 6763 6762 6764 
4970 3620 3621 3622 
4971 4322 2666 7124 
4972 1023 1001 1026 
4973 2230 2229 3348 
4974 2611 3052 6666 
4975 1640 1642 6675 
4976 6146 6145 6148 
4977 1733 3639 7094 
4978 4621 5198 5199 
4979 4931 7051 7052 
4980 6233 6232 6236 
4981 6852 909 6855 
4982 1284 1198 7106 
4983 4460 4449 6878 
4984 3014 3012 6216 
4985 582 583 584 
4986 6492 6494 6495 
4987 3657 3685 6190 
4988 1080 1077 7047 
4989 2048 2046 6945 
4990 679 681 6648 
4991 4327 1325 7329 
4992 616 620 6792 
4993 4996 3929 5918 
4994 3088 6367 6368 
4995 3149 3165 3166 
4996 3992 3721 4634 
4997 4989 3967 4991 
4998 6216 3267 6217 
4999 869 867 7395 
5000 6368 6369 6370 
5001 5734 4918 5845 
5002 916 914 917 
5003 673 675 6646 
5004 798 796 2370 
5005 1947 6830 6831 
5006 7944 7511 7969 
5007 6131 4614 6132 
5008 3029 3030 3031 
5009 3076 3075 3077 
5010 3915 2638 7070 
5011 4783 7193 7752 
5012 4974 6558 6559 
5013 7029 7028 7030 
5014 584 585 586 
5015 636 634 7084 
5016 4310 5310 6942 
5017 199 579 6977 
5018 234 496 7007 
5019 580 207 7008 
5020 243 528 7027 
5021 239 471 7036 
5022 592 591 593 
5023 747 748 749 
5024 3509 5219 7134 
5025 3222 6341 6342 
5026 6507 6506 6508 
5027 4182 6123 6124 
5028 5356 4056 5357 
5029 3440 3432 3966 
5030 3027 3026 3028 
5031 4253 4254 4255 
5032 2630 3385 6546 
5033 767 768 769 
5034 812 2387 6616 
5035 6293 6292 6297 
5036 6342 6341 6343 
5037 4346 2909 7670 
5038 1774 1948 6828 
5039 1577 1618 1689 
5040 4066 5358 5359 
5041 586 587 588 
5042 3337 3334 7854 
5043 2328 2329 7419 
5044 4338 2620 7150 
5045 6165 6166 6167 
5046 751 752 753 
5047 588 589 590 
5048 590 591 592 
5049 2597 1021 7116 
5050 4934 7660 7738 
5051 7448 2548 7655 
5052 722 7162 7163 
5053 6946 2053 6947 
5054 597 599 4192 
5055 2587 2585 7054 
5056 1658 1674 1675 
5057 104 105 6091 
5058 816 1000 6629 
5059 797 796 798 
5060 6652 6653 6654 
5061 1942 6783 6784 
5062 2883 6304 6305 
5063 2881 2879 3213 
5064 594 593 595 
5065 4041 3842 4841 
5066 799 798 800 
5067 755 756 757 
5068 6260 6263 7427 
5069 6802 4317 7188 
5070 7044 6531 7638 
5071 759 760 761 
5072 763 764 765 
5073 1573 2301 7679 
5074 4606 3980 4943 
5075 7372 6523 7395 
5076 5721 1280 8495 
5077 4737 6109 6618 
5078 4842 4841 5438 
5079 4887 4886 5667 
5080 1667 1616 6626 
5081 1755 1757 6781 
5082 3096 6328 7444 
5083 6416 6408 7196 
5084 1585 1621 1622 
5085 6662 6661 8079 
5086 3431 3265 3432 
5087 7186 2223 7299 
5088 1921 1918 6037 
5089 955 1639 6951 
5090 660 662 6467 
5091 3352 3721 3992 
5092 6784 6785 6786 
5093 808 1025 6578 
5094 3735 3980 4606 
5095 2757 2946 2947 
5096 2405 2407 2408 
5097 3293 3290 7371 
5098 596 595 597 
5099 6299 6296 6300 
5100 750 751 6356 
5101 6408 6405 7196 
5102 592 593 594 
5103 6978 6979 6980 
5104 3908 3787 6940 
5105 3016 3014 3216 
5106 1591 6000 6001 
5107 2148 2235 2236 
5108 3521 6964 6966 
5109 2894 2893 2895 
5110 1648 1680 6577 
5111 801 800 802 
5112 802 800 1607 
5113 4297 4679 6642 
5114 5439 5438 5505 
5115 6996 6995 6997 
5116 775 596 796 
5117 2601 2603 7083 
5118 784 786 6926 
5119 6380 6381 6382 
5120 5911 5821 7811 
5121 6183 4990 6184 
5122 6734 6732 6750 
5123 1018 7090 7091 
5124 3757 3756 6942 
5125 6765 6764 6767 
5126 6217 6218 6219 
5127 2162 2172 7056 
5128 1660 4388 7435 
5129 4336 6187 6188 
5130 3025 3024 3026 
5131 594 595 596 
5132 4605 3992 6638 
5133 3232 3370 3371 
5134 1918 1920 6037 
5135 4109 3527 6631 
5136 6380 3246 6381 
5137 3352 3341 3721 
5138 6520 6519 6521 
5139 3073 3075 3076 
5140 6167 6169 6172 
5141 4031 4061 6826 
5142 269 270 6688 
5143 6814 2837 6815 
5144 2561 2560 2562 
5145 271 272 6208 
5146 1890 1943 6535 
5147 2351 3249 6162 
5148 4720 4719 4721 
5149 4240 4627 6789 
5150 824 921 1587 
5151 3766 3536 3842 
5152 6307 3257 6308 
5153 6299 6300 6301 
5154 6488 6490 6491 
5155 5689 5668 5690 
5156 803 802 804 
5157 3012 3010 3267 
5158 1118 1061 7139 
5159 1150 1313 6161 
5160 1712 1711 2919 
5161 1841 4363 5863 
5162 4113 5458 5459 
5163 7901 6127 7949 
5164 4967 6122 7637 
5165 6344 6343 6347 
5166 2271 3364 3620 
5167 4762 4533 7080 
5168 4095 5411 7143 
5169 3735 3476 3980 
5170 2151 2180 2238 
5171 1692 1693 1694 
5172 7223 4352 7224 
5173 6219 6220 6221 
5174 2169 3138 7068 
5175 1768 1947 6832 
5176 2567 2566 2568 
5177 7224 4352 7225 
5178 4248 6543 6544 
5179 1310 1327 6224 
5180 2428 4329 7337 
5181 3487 4006 4007 
5182 1865 6652 6974 
5183 4736 4656 4737 
5184 3976 7343 7677 
5185 805 804 806 
5186 6954 6953 6955 
5187 2660 7027 7028 
5188 4007 4680 4717 
5189 1622 1683 1684 
5190 232 581 7208 
5191 2391 2390 2392 
5192 6205 2002 6210 
5193 4367 4369 7825 
5194 2996 2994 7560 
5195 2873 2871 6289 
5196 1941 6570 6571 
5197 2753 2756 2757 
5198 6404 3262 6405 
5199 1624 2390 2391 
5200 7067 7298 7530 
5201 6503 6502 6504 
5202 4142 5556 7092 
5203 2863 2861 7631 
5204 6907 6679 6908 
5205 3231 2236 3232 
5206 5156 8424 8429 
5207 4103 4105 6804 
5208 6377 4207 7774 
5209 6924 2614 7926 
5210 4946 4947 5847 
5211 6666 6668 7254 
5212 1858 1634 7069 
5213 2657 7036 7037 
5214 3250 3251 3700 
5215 1830 6538 7773 
5216 2123 2125 7298 
5217 3593 3594 3595 
5218 1741 1743 2403 
5219 3988 4620 4621 
5220 1943 2147 2148 
5221 3597 3599 3997 
5222 779 782 783 
5223 6944 2048 6945 
5224 893 891 6116 
5225 6626 1583 7132 
5226 3372 3371 3373 
5227 3290 3289 7371 
5228 2559 2561 3905 
5229 3997 3998 4681 
5230 6382 6383 6384 
5231 6420 6418 7449 
5232 2410 3592 3593 
5233 6919 6918 6920 
5234 7011 7012 7016 
5235 6308 6309 6310 
5236 2113 2114 7060 
5237 774 778 779 
5238 6649 1518 6650 
5239 7009 7010 7011 
5240 2238 2239 3379 
5241 630 633 7115 
5242 4152 3870 7368 
5243 3432 3265 7343 
5244 2414 6518 6519 
5245 2875 2873 3218 
5246 6359 6360 6361 
5247 6190 3685 6191 
5248 6358 3252 6359 
5249 6415 6418 6419 
5250 7208 7209 7210 
5251 3060 3061 7939 
5252 3116 3707 7589 
5253 2329 3423 3424 
5254 6361 6362 6363 
5255 3008 3006 3266 
5256 976 977 6025 
5257 3274 3272 3275 
5258 6816 1800 6818 
5259 2297 2295 2383 
5260 3374 3373 3375 
5261 1306 1168 6006 
5262 2095 7129 7130 
5263 4390 7503 7649 
5264 3834 4425 7073 
5265 3361 3362 3999 
5266 722 723 7162 
5267 3379 3380 4015 
5268 4191 6324 6325 
5269 3590 3840 6565 
5270 770 771 774 
5271 583 4 3765 
5272 2120 2123 7067 
5273 6320 6361 8399 
5274 6310 6312 6315 
5275 2391 2392 2393 
5276 3999 3362 4162 
5277 4564 4565 5051 
5278 1939 6376 6377 
5279 3065 3068 7075 
5280 7298 6011 7530 
5281 6929 1270 6930 
5282 1759 1761 6900 
5283 3407 3917 6801 
5284 1002 997 7090 
5285 6839 4214 6841 
5286 2565 2564 2566 
5287 3072 3071 3073 
5288 4301 4401 6915 
5289 4916 3886 4918 
5290 1543 1333 6950 
5291 1827 1832 6652 
5292 3596 3595 3597 
5293 723 725 726 
5294 2127 2131 6780 
5295 3361 2652 3362 
5296 747 750 7413 
5297 877 875 1592 
5298 1888 1890 4200 
5299 7803 4787 7960 
5300 7044 6861 7045 
5301 1936 1858 7069 
5302 7075 3068 7793 
5303 225 469 7800 
5304 4279 584 6921 
5305 1168 1310 6006 
5306 6484 6486 6487 
5307 694 776 7107 
5308 6666 6667 6668 
5309 6396 6395 6400 
5310 2620 2618 7150 
5311 4021 4187 4722 
5312 6394 6393 6395 
5313 4195 4196 4456 
5314 906 6860 6861 
5315 6676 2424 6677 
5316 6800 6799 7314 
5317 3376 3375 3377 
5318 2871 2869 3258 
5319 881 879 2402 
5320 3399 2374 7051 
5321 2702 2704 6674 
5322 1949 6816 6817 
5323 2704 2708 3239 
5324 4940 5877 7260 
5325 3168 2246 3271 
5326 6340 3263 6827 
5327 4009 4008 4676 
5328 211 529 7203 
5329 3714 3987 3988 
5330 3280 3278 3281 
5331 1293 1145 6962 
5332 6598 6597 6599 
5333 597 598 599 
5334 3518 3519 3539 
5335 3227 6392 6393 
5336 4011 4677 4718 
5337 2869 2867 6307 
5338 4352 3243 7717 
5339 1624 1580 2390 
5340 4617 6839 6840 
5341 2644 2645 2646 
5342 1599 6844 6845 
5343 7047 2648 7384 
5344 773 2652 3361 
5345 6796 6794 6797 
5346 6291 6292 6293 
5347 3284 3282 3285 
5348 652 654 1637 
5349 3378 3377 3487 
5350 4018 4020 4704 
5351 6395 6397 6635 
5352 2649 2090 7186 
5353 2944 2818 3259 
5354 1369 2300 7312 
5355 3221 1869 5865 
5356 2393 2392 2394 
5357 3926 2368 6633 
5358 3622 3621 4008 
5359 7008 474 7009 
5360 617 616 618 
5361 1021 1013 7116 
5362 4336 4334 6187 
5363 2420 6579 6580 
5364 2892 2891 2893 
5365 3248 6379 6842 
5366 3868 4152 7183 
5367 879 877 6274 
5368 1883 1884 1917 
5369 522 6996 7290 
5370 1696 1697 1698 
5371 6846 6845 6848 
5372 4252 4250 4641 
5373 4194 6625 7235 
5374 7229 5159 7230 
5375 4994 7930 7972 
5376 626 625 627 
5377 624 623 625 
5378 622 621 623 
5379 4655 3830 4656 
5380 2424 1644 7117 
5381 4028 3790 6823 
5382 6794 6793 6795 
5383 619 618 621 
5384 3380 3567 6813 
5385 6231 6232 6233 
5386 2393 2394 2395 
5387 4987 7737 7783 
5388 2562 2565 6106 
5389 1074 1075 1119 
5390 4564 3686 4565 
5391 6600 6599 6604 
5392 2571 2570 2572 
5393 4195 3447 4196 
5394 6173 3216 7917 
5395 3854 3422 4183 
5396 6911 7999 8062 
5397 2867 2865 3257 
5398 1686 1687 1688 
5399 2102 2104 7057 
5400 2347 2349 3350 
5401 2400 7166 8384 
5402 3744 3743 6389 
5403 3288 3286 3289 
5404 783 787 788 
5405 4704 4020 4749 
5406 4737 4656 6109 
5407 7269 706 7270 
5408 6591 1587 7571 
5409 582 4 583 
5410 1814 1827 1865 
5411 4456 4196 4561 
5412 187 480 6779 
5413 6236 6232 6237 
5414 2341 3464 6131 
5415 1841 1667 4363 
5416 2749 2752 2753 
5417 2395 2394 2396 
5418 3872 3556 7750 
5419 4026 5374 5375 
5420 2955 3714 7297 
5421 5970 5971 5972 
5422 6978 579 6979 
5423 2238 2180 2239 
5424 3002 3000 3222 
5425 4351 4652 6554 
5426 3426 3546 3547 
5427 1160 1314 7769 
5428 2149 2199 7173 
5429 3249 3483 3711 
5430 4248 4246 6543 
5431 6851 909 6852 
5432 2907 2406 2908 
5433 6006 1310 6224 
5434 3959 4572 7194 
5435 3976 3432 7343 
5436 2773 2132 7239 
5437 6499 6498 6500 
5438 3012 3267 6216 
5439 6445 3634 8621 
5440 2782 7577 7878 
5441 1348 2170 7218 
5442 6343 6345 6659 
5443 3402 4982 7626 
5444 3162 3791 7247 
5445 628 627 629 
5446 107 576 6973 
5447 2947 2946 3264 
5448 4645 3999 6810 
5449 3445 2706 7787 
5450 6581 6580 6582 
5451 2059 6856 6857 
5452 3620 3364 3621 
5453 3045 4297 4664 
5454 4634 4635 4977 
5455 6071 6077 6078 
5456 3166 3743 3744 
5457 2660 7029 7325 
5458 3631 1936 7069 
5459 2917 3447 4195 
5460 3113 3114 3115 
5461 1051 1063 7114 
5462 2998 2996 3263 
5463 6879 1346 7218 
5464 4465 3797 5908 
5465 1115 1117 6836 
5466 807 806 808 
5467 3796 3797 3798 
5468 6929 6930 6931 
5469 2423 1640 6675 
5470 773 692 2652 
5471 1812 1814 7687 
5472 2747 2749 6451 
5473 1587 921 3045 
5474 5906 4970 5907 
5475 3379 2239 3380 
5476 4759 6876 6877 
5477 630 629 632 
5478 633 632 634 
5479 808 806 1025 
5480 4251 4252 4253 
5481 6328 6331 7444 
5482 1766 6832 6971 
5483 6171 6174 6175 
5484 6876 4460 6878 
5485 6964 3521 7165 
5486 1764 1766 6971 
5487 2861 2859 3224 
5488 599 600 601 
5489 6996 6999 7290 
5490 4969 4101 4970 
5491 4730 4727 7119 
5492 2622 4338 7442 
5493 5847 5848 5850 
5494 2605 2606 2610 
5495 1761 1946 6900 
5496 1011 1019 6657 
5497 618 6792 6796 
5498 4246 4244 4638 
5499 3000 2998 6340 
5500 3572 3574 6605 
5501 3707 6084 7589 
5502 4529 4832 7079 
5503 823 822 824 
5504 821 820 822 
5505 819 818 820 
5506 2198 1980 7779 
5507 1023 1026 1031 
5508 817 816 818 
5509 2857 2855 3252 
5510 815 814 816 
5511 885 883 908 
5512 812 810 2387 
5513 1806 1808 2410 
5514 2148 2147 2235 
5515 2603 2604 2605 
5516 2626 2630 6546 
5517 813 812 814 
5518 6480 6482 6483 
5519 587 585 1518 
5520 4969 4970 5906 
5521 877 1592 6274 
5522 1202 1204 6941 
5523 4111 6565 6566 
5524 5390 4769 5391 
5525 2666 2664 7124 
5526 2054 6944 6949 
5527 811 810 812 
5528 521 7232 7233 
5529 4335 4334 4336 
5530 4249 4248 4250 
5531 6996 6997 6998 
5532 2853 2851 3248 
5533 1645 1646 1647 
5534 2151 1950 2180 
5535 2875 3218 7722 
5536 809 808 810 
5537 6109 4656 7382 
5538 1647 1648 1840 
5539 3371 3370 4011 
5540 6780 3124 7514 
5541 1926 1925 1950 
5542 1972 1950 2151 
5543 6292 6294 6643 
5544 2605 2604 2606 
5545 1401 1399 7123 
5546 3832 7073 7756 
5547 1860 2085 7117 
5548 684 686 3039 
5549 7051 3433 7053 
5550 2849 2847 3246 
5551 6605 3574 6606 
5552 2262 2263 3182 
5553 3100 3101 7427 
5554 2219 2058 7659 
5555 1560 2600 2601 
5556 1286 6644 6645 
5557 662 664 3048 
5558 2603 2602 2604 
5559 3237 7292 7293 
5560 1802 1804 1939 
5561 6668 6667 6669 
5562 3050 2611 6666 
5563 1840 1648 6577 
5564 2845 2843 3564 
5565 2601 2602 2603 
5566 928 929 930 
5567 6951 6953 6954 
5568 2601 2600 2602 
5569 6402 6399 6403 
5570 601 602 603 
5571 7030 7028 7032 
5572 1173 1296 6879 
5573 4018 3438 4020 
5574 3041 673 6646 
5575 2841 2839 3930 
5576 985 1007 2400 
5577 3381 3121 3382 
5578 1560 1507 2600 
5579 3182 3183 3526 
5580 7365 6398 7560 
5581 671 673 3041 
5582 3479 3477 7108 
5583 658 660 1111 
5584 1335 1336 6819 
5585 5375 5376 5746 
5586 2379 2380 2381 
5587 1038 1040 3420 
5588 1031 1032 1057 
5589 635 634 636 
5590 5855 4295 7248 
5591 6314 6317 6318 
5592 4298 6660 7289 
5593 1804 1806 6376 
5594 683 679 6648 
5595 4758 6938 6939 
5596 1647 1646 1648 
5597 1796 1798 1949 
5598 6938 3908 6940 
5599 4722 4187 5904 
5600 4890 4121 5521 
5601 2859 2857 6358 
5602 2381 2382 2945 
5603 3526 3527 4109 
5604 4796 5379 5383 
5605 690 692 773 
5606 6857 6856 6859 
5607 2381 2380 2382 
5608 3232 2236 3370 
5609 4739 4769 5390 
5610 2945 3383 3397 
5611 4017 3382 4021 
5612 7010 474 7318 
5613 820 818 2388 
5614 618 616 6792 
5615 919 917 920 
5616 1061 1048 7139 
5617 3681 2710 7086 
5618 816 814 1000 
5619 4012 7335 7591 
5620 3161 3125 3756 
5621 4212 4210 4683 
5622 603 604 605 
5623 2992 2990 3227 
5624 824 822 921 
5625 1210 1212 6665 
5626 7562 3182 7663 
5627 6668 6669 6673 
5628 7071 649 7093 
5629 2839 2837 6814 
5630 4723 4668 5246 
5631 2945 2382 3383 
5632 3080 6454 6455 
5633 4208 3598 4209 
5634 6060 1510 7158 
5635 7029 7030 7031 
5636 4796 4124 5379 
5637 5219 3479 7108 
5638 3088 6368 7502 
5639 3161 3756 3757 
5640 626 627 628 
5641 624 625 626 
5642 2417 2143 3125 
5643 4016 4015 4668 
5644 2417 3125 3161 
5645 622 623 624 
5646 6342 6343 6344 
5647 605 606 607 
5648 2745 2747 4205 
5649 1770 1772 6829 
5650 4668 4015 4756 
5651 1792 1794 2412 
5652 4242 6789 6790 
5653 619 621 622 
5654 4739 3800 4769 
5655 677 679 683 
5656 1111 660 6467 
5657 591 589 2426 
5658 4200 1890 6535 
5659 1645 1513 1646 
5660 2988 2986 3262 
5661 3440 3967 3968 
5662 6455 6456 6457 
5663 2633 3162 7247 
5664 607 608 609 
5665 4007 4006 4680 
5666 3996 4124 4796 
5667 1287 4347 7256 
5668 6476 6478 6479 
5669 2619 4288 7267 
5670 4763 7176 7177 
5671 609 611 612 
5672 7029 7033 7325 
5673 4757 4853 5347 
5674 2110 2113 7251 
5675 639 927 928 
5676 612 613 614 
5677 1264 1266 6644 
5678 4664 4297 6642 
5679 614 615 616 
5680 6434 6436 6437 
5681 2404 976 6025 
5682 3490 3488 3749 
5683 616 615 620 
5684 614 613 615 
5685 3375 3373 3747 
5686 477 261 7204 
5687 6923 6924 6925 
5688 995 2182 6902 
5689 2890 2889 2891 
5690 1198 1200 7106 
5691 1204 1277 6941 
5692 4083 5290 5332 
5693 612 611 613 
5694 1525 1523 7679 
5695 4665 4013 4745 
5696 609 608 611 
5697 617 618 619 
5698 6230 4279 6917 
5699 3572 3559 3574 
5700 1206 1208 6805 
5701 2660 7028 7029 
5702 6419 6421 6422 
5703 642 640 3587 
5704 2851 2849 6379 
5705 6409 6412 6413 
5706 666 668 670 
5707 607 606 608 
5708 637 636 639 
5709 2657 7037 7038 
5710 630 632 633 
5711 922 920 923 
5712 6606 6608 6612 
5713 4099 4101 4969 
5714 2871 3258 6289 
5715 4218 4216 4617 
5716 2090 2088 7186 
5717 6955 6953 6956 
5718 3487 3377 4006 
5719 2202 2073 7159 
5720 871 869 907 
5721 628 629 630 
5722 865 863 2414 
5723 3069 3071 3072 
5724 1798 1800 6816 
5725 5310 4312 5311 
5726 6978 6980 6984 
5727 3729 4325 7152 
5728 6308 6310 6311 
5729 4426 4431 7281 
5730 605 604 606 
5731 3395 3692 4031 
5732 1446 2616 2663 
5733 4222 4220 4685 
5734 7037 7036 7041 
5735 1794 1796 6390 
5736 1322 1513 1645 
5737 4031 3692 4061 
5738 3388 3130 7327 
5739 4021 3382 4187 
5740 855 853 2415 
5741 5800 5799 5801 
5742 2990 2988 6392 
5743 6495 6494 6496 
5744 861 859 910 
5745 4572 3681 7086 
5746 6651 5047 8242 
5747 715 718 7273 
5748 2757 2756 2946 
5749 2548 2549 2556 
5750 845 843 1599 
5751 8061 1655 8124 
5752 522 6977 6995 
5753 1786 1788 6549 
5754 837 835 6862 
5755 4789 4024 5223 
5756 2947 3265 3430 
5757 831 829 6579 
5758 1788 1790 1940 
5759 843 841 6844 
5760 4226 4224 4686 
5761 3787 3770 4757 
5762 2639 4298 4299 
5763 5807 3912 7153 
5764 4852 4851 5348 
5765 851 849 906 
5766 849 847 6860 
5767 3296 3294 3297 
5768 603 602 604 
5769 1782 1784 6569 
5770 3840 4103 5447 
5771 1268 1270 6929 
5772 2926 2767 7127 
5773 1772 6828 6829 
5774 1668 1667 1841 
5775 648 650 688 
5776 3068 3067 3069 
5777 2077 2258 7140 
5778 6520 6521 6522 
5779 3789 4557 7168 
5780 1790 1792 6465 
5781 4299 4300 4301 
5782 5414 4304 5504 
5783 3023 3022 3024 
5784 1131 1138 2637 
5785 4969 5906 7314 
5786 3822 4024 4789 
5787 2982 2980 3235 
5788 3395 3128 3692 
5789 2423 6675 6907 
5790 1282 1283 1299 
5791 2440 2538 2559 
5792 3502 3503 6958 
5793 2569 2568 2570 
5794 6472 6474 6475 
5795 2608 2611 3050 
5796 3709 4201 4202 
5797 1446 1444 2616 
5798 3052 3053 7558 
5799 3064 3065 7075 
5800 4216 4214 6839 
5801 3822 3821 4024 
5802 2556 2557 3502 
5803 3576 3590 4111 
5804 2379 2377 2380 
5805 3506 3502 3770 
5806 1784 1786 2413 
5807 1258 1260 2411 
5808 1208 2425 6805 
5809 3359 3358 7832 
5810 3292 3290 3293 
5811 3569 3800 4739 
5812 4061 5529 5530 
5813 2598 2034 6866 
5814 863 861 6518 
5815 2867 3257 6307 
5816 1236 1238 6863 
5817 3512 2942 7109 
5818 649 648 7093 
5819 2038 2036 6856 
5820 1242 1244 2418 
5821 1238 1240 1354 
5822 1865 1827 6652 
5823 1157 1166 1167 
5824 2095 2096 7129 
5825 7013 7010 7318 
5826 1218 1220 1353 
5827 3997 3599 3998 
5828 1346 1348 7218 
5829 1892 1952 2002 
5830 3593 3592 3594 
5831 3375 3747 7331 
5832 1250 1252 2416 
5833 3996 3397 4124 
5834 4681 3998 4682 
5835 4083 3757 5290 
5836 2012 2143 2417 
5837 6519 6518 6524 
5838 633 634 635 
5839 2165 2081 2262 
5840 4230 4228 4687 
5841 2055 2054 2081 
5842 521 7231 7232 
5843 5127 5129 5177 
5844 833 831 2420 
5845 4295 4281 7248 
5846 2361 3640 6462 
5847 3477 3476 3735 
5848 2351 2360 3249 
5849 2050 2048 6944 
5850 1228 1230 2419 
5851 839 837 909 
5852 1299 1300 1335 
5853 2034 2032 6866 
5854 3910 2638 3915 
5855 2506 2508 2594 
5856 703 706 7269 
5857 3756 4310 6942 
5858 1158 1302 1319 
5859 1123 6551 6552 
5860 4220 4218 6516 
5861 4012 3370 7335 
5862 1392 1542 7145 
5863 601 600 602 
5864 1200 2943 7106 
5865 3968 4989 4990 
5866 1246 1248 1280 
5867 3043 2152 3121 
5868 1232 1234 1279 
5869 3993 3992 4605 
5870 1434 2619 7267 
5871 3092 3093 7444 
5872 6980 6979 6981 
5873 3597 3595 3599 
5874 2514 2516 2593 
5875 4006 3377 7331 
5876 4469 4462 4759 
5877 1700 1701 1702 
5878 4003 5331 7131 
5879 5832 516 5834 
5880 930 931 932 
5881 786 1640 2423 
5882 5447 4103 6804 
5883 2502 2504 2540 
5884 2059 2038 6856 
5885 1601 1602 1631 
5886 2510 2512 2533 
5887 6418 6447 7449 
5888 3749 3488 6619 
5889 4473 4471 4837 
5890 4449 4447 4838 
5891 4232 4230 6561 
5892 1081 1080 7049 
5893 3979 7229 7230 
5894 2976 2974 3238 
5895 2496 2498 2532 
5896 3370 2236 7335 
5897 2414 6519 6520 
5898 4247 4246 4248 
5899 1545 1557 1601 
5900 3476 3473 7118 
5901 4481 4479 4836 
5902 1924 1854 1925 
5903 2619 2618 2620 
5904 1350 781 7257 
5905 4740 4031 6826 
5906 4310 4312 5310 
5907 4234 4232 4688 
5908 1254 1256 1281 
5909 4735 4006 7331 
5910 1212 1278 6665 
5911 797 798 799 
5912 881 2402 6335 
5913 3468 4052 4175 
5914 6382 6381 6383 
5915 4440 4438 4839 
5916 2888 2887 2889 
5917 3162 2634 3522 
5918 2492 2494 2595 
5919 4224 4222 6534 
5920 2069 2067 6007 
5921 4486 4481 6880 
5922 2199 3128 3395 
5923 829 827 905 
5924 4978 6470 6471 
5925 4150 3678 4334 
5926 2972 2970 3256 
5927 5863 4363 7046 
5928 4228 4226 6548 
5929 1109 1125 2639 
5930 1503 1500 8346 
5931 775 796 797 
5932 3790 3522 4118 
5933 4242 4240 6789 
5934 1426 1424 2638 
5935 6380 6382 6385 
5936 4110 4109 4812 
5937 1222 1224 6883 
5938 3253 3691 7217 
5939 6580 6579 6585 
5940 4111 3590 6565 
5941 799 800 801 
5942 1055 649 7071 
5943 5420 4812 5500 
5944 635 636 637 
5945 4301 4300 4401 
5946 4423 4421 4840 
5947 1753 1755 1942 
5948 3488 3487 6619 
5949 2518 2520 2534 
5950 4299 4298 4300 
5951 4649 4605 5215 
5952 6906 4979 7812 
5953 1224 1226 1285 
5954 5990 4456 5991 
5955 4953 3915 4954 
5956 3771 3776 4851 
5957 4504 4488 4760 
5958 4029 5324 7265 
5959 2621 2620 2622 
5960 3430 3431 3886 
5961 7126 7058 7543 
5962 2195 2069 2229 
5963 3977 3465 3979 
5964 3105 3106 3107 
5965 4864 4865 5349 
5966 2520 2522 6896 
5967 2526 2528 6906 
5968 2215 2217 3146 
5969 1262 1264 1286 
5970 3790 4118 6823 
5971 6217 3267 6218 
5972 2639 1125 4298 
5973 5113 5115 5175 
5974 688 650 689 
5975 6845 6844 6847 
5976 3927 3926 4413 
5977 6676 6677 6678 
5978 6917 4279 6921 
5979 3124 3189 3525 
5980 4403 4405 5653 
5981 2524 2526 2539 
5982 7009 7011 7015 
5983 3525 3801 4122 
5984 1119 1120 1136 
5985 3464 2343 4331 
5986 2410 1808 3592 
5987 3342 3341 3352 
5988 2638 6803 7070 
5989 2623 2622 2624 
5990 3244 2762 7171 
5991 7011 7010 7012 
5992 1057 1058 1074 
5993 2141 2149 2636 
5994 2968 2966 3255 
5995 3112 3113 7589 
5996 623 621 2181 
5997 3162 3522 3790 
5998 1581 1580 1624 
5999 2625 2624 2626 
6000 599 598 600 
6001 2633 2634 3162 
6002 4506 4504 6903 
6003 1631 1633 1855 
6004 5284 5286 5287 
6005 4361 4359 4844 
6006 4393 4391 6864 
6007 1145 6836 6962 
6008 1019 1051 2409 
6009 3123 3821 3822 
6010 3385 3126 7265 
6011 3525 3189 3801 
6012 4860 5501 5657 
6013 4045 4158 5772 
6014 1757 1759 2421 
6015 2130 6780 6807 
6016 2998 3263 6340 
6017 2488 2490 2541 
6018 1659 1574 6123 
6019 3930 2839 6814 
6020 4000 3999 4645 
6021 3598 3597 6540 
6022 2623 2624 2625 
6023 4471 4469 6562 
6024 601 603 610 
6025 6065 3261 6066 
6026 992 950 993 
6027 688 689 694 
6028 4357 4204 4758 
6029 4479 4473 6563 
6030 6359 3252 6360 
6031 1434 1432 2618 
6032 694 695 776 
6033 6678 6677 6680 
6034 6361 6360 6362 
6035 1434 2618 2619 
6036 3526 3183 3527 
6037 4236 4234 6897 
6038 4462 4460 6876 
6039 3640 3710 3723 
6040 4009 4719 4720 
6041 1780 1782 1941 
6042 2621 2622 2623 
6043 955 969 1639 
6044 3439 3438 4018 
6045 7009 474 7010 
6046 4447 4440 6564 
6047 3671 4352 7223 
6048 4550 4552 7138 
6049 3182 2263 3183 
6050 6343 6341 6345 
6051 4863 3748 4864 
6052 2268 2267 3748 
6053 4979 7448 7655 
6054 4845 3838 5444 
6055 3900 7235 7236 
6056 4209 3598 6540 
6057 6825 3376 7956 
6058 3957 7127 7188 
6059 6394 6395 6396 
6060 4287 7071 7072 
6061 4438 4423 6593 
6062 2152 2151 6637 
6063 2619 2620 2621 
6064 750 6357 7413 
6065 6045 6043 6046 
6066 2633 2629 2634 
6067 2743 2745 7112 
6068 2084 1936 3631 
6069 5371 4742 5392 
6070 2189 2190 6932 
6071 694 689 695 
6072 2857 3252 6358 
6073 932 933 934 
6074 1847 1335 3613 
6075 3493 3164 4597 
6076 6292 6290 6294 
6077 801 802 803 
6078 1063 1094 1123 
6079 4238 4236 6898 
6080 6491 6490 6492 
6081 4488 4486 6881 
6082 4510 4508 4761 
6083 2536 2547 2548 
6084 4421 4361 6617 
6085 4791 5291 5292 
6086 4245 4244 4246 
6087 3723 4618 4647 
6088 787 782 6163 
6089 4431 4432 4567 
6090 3124 2773 3189 
6091 2420 831 6579 
6092 4359 4357 6628 
6093 2753 2757 3233 
6094 6193 908 6194 
6095 1939 6377 6378 
6096 2092 1566 2422 
6097 475 254 7202 
6098 3002 3222 7719 
6099 2498 2500 6884 
6100 928 930 1967 
6101 635 638 7305 
6102 3300 3298 3301 
6103 1426 2638 3910 
6104 3227 6393 6394 
6105 997 6902 7090 
6106 1855 1856 1977 
6107 5307 4028 5308 
6108 5362 4295 5363 
6109 767 770 7533 
6110 5174 3976 7677 
6111 5446 4109 6631 
6112 6308 3257 6309 
6113 1939 1804 6376 
6114 3109 3110 3111 
6115 1599 843 6844 
6116 4582 4301 6915 
6117 994 993 995 
6118 4512 4510 6641 
6119 3248 2851 6379 
6120 2962 2960 3240 
6121 6395 6393 6397 
6122 3725 3855 4644 
6123 909 837 6862 
6124 5107 5109 5173 
6125 6400 6395 6635 
6126 1123 1094 6551 
6127 7096 4308 7097 
6128 1917 1918 1921 
6129 582 584 4279 
6130 1266 1268 2427 
6131 3593 3595 3596 
6132 948 955 6951 
6133 4508 4506 6904 
6134 2148 2236 3231 
6135 1977 1978 2189 
6136 2753 2752 2756 
6137 6347 6343 6659 
6138 2395 2396 7406 
6139 2482 2484 2543 
6140 934 935 936 
6141 803 804 805 
6142 6909 6679 7300 
6143 2764 2762 3244 
6144 906 849 6860 
6145 4514 4512 4835 
6146 3623 1990 7170 
6147 3910 5957 7311 
6148 6219 6218 6220 
6149 648 646 650 
6150 2191 2189 2267 
6151 3232 3371 3372 
6152 1391 1389 7240 
6153 4425 4426 7281 
6154 2559 2538 2560 
6155 2762 2761 7171 
6156 3227 2990 6392 
6157 6187 4334 7581 
6158 4303 3826 4304 
6159 2708 2955 7297 
6160 1796 1949 6390 
6161 3304 3302 3305 
6162 3596 3597 3598 
6163 4204 3908 6938 
6164 1212 1214 1278 
6165 2130 2127 6780 
6166 2262 2081 2263 
6167 1774 1776 1948 
6168 6310 6309 6312 
6169 1004 1011 1024 
6170 906 6861 7044 
6171 1784 2413 6569 
6172 6908 6679 6909 
6173 841 839 6851 
6174 4021 4748 7105 
6175 1333 2599 6950 
6176 1208 1210 2425 
6177 1949 1798 6816 
6178 1286 1264 6644 
6179 2054 2050 6944 
6180 2212 2373 2374 
6181 1792 2412 6465 
6182 5028 5030 6126 
6183 4617 4216 6839 
6184 1507 1504 7148 
6185 2397 2395 2398 
6186 3687 3686 4564 
6187 1788 1940 6549 
6188 936 937 938 
6189 2052 2050 2054 
6190 2131 2773 3124 
6191 2085 1966 2086 
6192 2663 2616 7398 
6193 99 6806 6933 
6194 3410 2277 3412 
6195 996 995 997 
6196 2616 6639 6640 
6197 522 6995 6996 
6198 2414 863 6518 
6199 186 187 6779 
6200 2125 2127 2130 
6201 6297 6292 6643 
6202 4812 4109 5446 
6203 3997 4681 4725 
6204 523 251 7207 
6205 3697 4586 4587 
6206 3792 3777 4746 
6207 3372 3373 3374 
6208 6681 6680 6682 
6209 6678 6680 6681 
6210 2414 6520 7372 
6211 7170 7277 7307 
6212 1272 1274 1282 
6213 2886 2885 2887 
6214 4517 4514 6664 
6215 607 609 1968 
6216 2650 3603 3604 
6217 4369 4371 5960 
6218 597 595 598 
6219 938 939 940 
6220 4685 4220 6516 
6221 2374 3433 7051 
6222 714 715 7273 
6223 6814 6815 7137 
6224 7294 4665 7295 
6225 634 2617 7084 
6226 3547 3578 3579 
6227 2958 2084 7089 
6228 1424 1413 6803 
6229 6318 6317 6319 
6230 4294 4295 5362 
6231 940 941 942 
6232 6413 6412 6414 
6233 2476 2478 2531 
6234 942 943 950 
6235 4287 1055 7071 
6236 4321 5912 6661 
6237 4240 4238 4627 
6238 6846 6848 6849 
6239 4294 4281 4295 
6240 1611 1636 1672 
6241 633 635 7305 
6242 1336 1338 1545 
6243 7077 4072 7078 
6244 3549 4029 7265 
6245 1599 6845 6846 
6246 1772 1774 6828 
6247 1539 1339 5924 
6248 3374 3375 3376 
6249 4953 4954 5881 
6250 4014 4013 4665 
6251 1046 1053 1065 
6252 781 777 7257 
6253 1828 1830 7773 
6254 3573 3572 4013 
6255 1408 1401 7123 
6256 1136 1137 1156 
6257 4330 5852 7061 
6258 4686 4224 6534 
6259 6126 5030 6127 
6260 8053 1979 8087 
6261 3505 3537 3771 
6262 2427 1268 6929 
6263 3084 3085 7502 
6264 2812 2185 4206 
6265 2117 2119 2650 
6266 4519 4517 4834 
6267 1672 1673 1905 
6268 1138 1158 7381 
6269 4230 4687 6561 
6270 1190 1192 1352 
6271 6452 3233 7725 
6272 4226 4686 6548 
6273 3509 3479 5219 
6274 2089 2088 2090 
6275 3101 3102 3103 
6276 3312 3310 3313 
6277 3571 3559 3572 
6278 3227 6394 7365 
6279 1508 1507 1560 
6280 6165 3268 6166 
6281 4208 4209 4210 
6282 2682 2683 2917 
6283 6360 3252 7376 
6284 3910 3915 4953 
6285 3093 3094 3095 
6286 998 997 1002 
6287 3097 3098 3099 
6288 1426 3910 7311 
6289 3616 1173 6879 
6290 1282 1274 1283 
6291 1642 1644 2424 
6292 1905 1906 1955 
6293 2179 1974 2761 
6294 2472 2474 2596 
6295 2201 3729 7152 
6296 3558 2610 3559 
6297 2396 3900 5811 
6298 1299 1283 1300 
6299 4007 4717 4724 
6300 2272 2273 3507 
6301 3607 4281 4294 
6302 7660 7058 7738 
6303 1024 1011 6657 
6304 614 616 617 
6305 3602 3507 3777 
6306 823 824 825 
6307 821 822 823 
6308 7255 1718 7440 
6309 4099 4100 4101 
6310 2650 2119 3603 
6311 819 820 821 
6312 4243 4242 4244 
6313 4089 3514 7128 
6314 942 941 943 
6315 5322 4064 5323 
6316 3604 3605 3606 
6317 2917 3253 3447 
6318 817 818 819 
6319 4523 4519 6808 
6320 4655 4656 4736 
6321 3376 3377 3378 
6322 6792 6794 6796 
6323 3027 3028 3029 
6324 1117 1173 3616 
6325 3089 3090 3091 
6326 7947 4997 8003 
6327 2884 2883 2885 
6328 99 100 6806 
6329 2376 1840 2377 
6330 940 939 941 
6331 2559 3905 7456 
6332 2606 2607 2608 
6333 3141 4172 5884 
6334 815 816 817 
6335 7261 7778 7814 
6336 7242 7241 7362 
6337 4916 4918 5734 
6338 702 703 7269 
6339 924 923 925 
6340 1335 1300 1336 
6341 3378 3487 3488 
6342 4489 7061 7062 
6343 2091 2090 2224 
6344 1003 1002 1013 
6345 4205 2747 6451 
6346 4994 3926 6633 
6347 2046 2044 2053 
6348 1640 1641 1642 
6349 6681 6682 6683 
6350 938 937 939 
6351 1014 1013 1021 
6352 813 814 815 
6353 4029 3890 4064 
6354 528 244 7205 
6355 2539 2526 6906 
6356 1648 1649 1680 
6357 805 806 807 
6358 4029 4064 5322 
6359 2955 3713 3714 
6360 5457 4825 7143 
6361 1369 1367 2300 
6362 1666 1616 1667 
6363 2534 2520 6896 
6364 2630 3126 3385 
6365 1616 1583 6626 
6366 5309 7309 7310 
6367 3613 1335 6819 
6368 5504 4304 5986 
6369 4535 4762 7141 
6370 3783 4308 7096 
6371 4713 4711 5225 
6372 4302 4301 4582 
6373 586 588 1638 
6374 1013 1018 7116 
6375 776 777 780 
6376 2611 2612 3052 
6377 1636 6950 7336 
6378 4332 4331 4333 
6379 2361 3351 3640 
6380 4469 4759 6562 
6381 4473 4837 6563 
6382 936 935 937 
6383 2626 2627 2630 
6384 3686 3038 6338 
6385 3606 3605 3607 
6386 6398 6401 7560 
6387 3085 3086 3087 
6388 811 812 813 
6389 4804 4096 5445 
6390 1846 1625 7222 
6391 4759 4462 6876 
6392 2420 6580 6581 
6393 2847 2845 7226 
6394 1115 1060 1117 
6395 4763 4539 7176 
6396 4838 4447 6564 
6397 930 929 931 
6398 3475 3473 3476 
6399 1601 1557 1602 
6400 1878 1566 2092 
6401 2211 2019 2212 
6402 3214 4350 7272 
6403 6487 6486 6488 
6404 3947 4566 7087 
6405 6313 7390 7631 
6406 987 989 1009 
6407 4926 4019 4927 
6408 4839 4438 6593 
6409 2484 2486 6957 
6410 7427 6263 7870 
6411 1952 1953 2012 
6412 2012 2013 2143 
6413 4305 4799 4800 
6414 647 646 648 
6415 1080 7048 7049 
6416 2378 2377 2379 
6417 1747 1749 1945 
6418 2384 2383 2385 
6419 4486 6880 6881 
6420 1009 1010 1027 
6421 1077 1076 7047 
6422 1642 1643 1644 
6423 3847 3397 3996 
6424 2664 7123 7124 
6425 1680 1681 1892 
6426 645 644 646 
6427 776 695 777 
6428 3756 4309 4310 
6429 4236 6897 6898 
6430 4527 4525 6834 
6431 4318 4317 4319 
6432 3750 4716 7195 
6433 928 927 929 
6434 1631 1602 1633 
6435 4840 4421 6617 
6436 6581 6582 6583 
6437 478 195 7201 
6438 3437 2399 3438 
6439 2665 2664 2666 
6440 2548 2547 2549 
6441 4177 2601 7083 
6442 629 627 631 
6443 3308 3306 3309 
6444 4088 3807 4096 
6445 4320 4319 4321 
6446 1892 1893 1952 
6447 3830 3646 7382 
6448 7392 4980 7652 
6449 4844 4359 6628 
6450 3604 3603 3605 
6451 2532 2498 6884 
6452 2640 694 7107 
6453 6640 4288 7852 
6454 4873 4582 4900 
6455 1346 1345 1347 
6456 3471 3346 3472 
6457 780 781 784 
6458 4525 4523 4833 
6459 1346 1347 1348 
6460 3064 3063 3065 
6461 2608 2609 2611 
6462 3249 4190 6162 
6463 934 933 935 
6464 3262 2986 7196 
6465 4039 4960 7175 
6466 786 1350 1640 
6467 1898 630 7115 
6468 643 642 644 
6469 3958 3957 4317 
6470 4284 4155 4285 
6471 6606 6607 6608 
6472 2089 2090 2091 
6473 1027 1028 1059 
6474 3453 2926 7127 
6475 1545 1338 1557 
6476 2036 2034 2598 
6477 3328 3326 3329 
6478 1325 1164 7329 
6479 3625 1846 7222 
6480 4286 4285 4912 
6481 4506 6903 6904 
6482 5897 4012 7591 
6483 4284 6098 7299 
6484 809 810 811 
6485 1059 1060 1115 
6486 2059 6858 7076 
6487 4825 4095 7143 
6488 2040 2038 2059 
6489 3324 3322 3325 
6490 6394 6398 7365 
6491 839 909 6851 
6492 3383 3568 3569 
6493 1204 1206 1277 
6494 4510 4761 6641 
6495 1644 1860 7117 
6496 3289 3286 7197 
6497 1124 4340 7387 
6498 3398 2374 3399 
6499 2556 2549 2557 
6500 4758 4204 6938 
6501 1076 1118 2648 
6502 6368 6371 7502 
6503 3894 3757 4083 
6504 3986 5202 5203 
6505 1022 1021 1048 
6506 3065 3067 3068 
6507 1432 1429 6687 
6508 3081 3082 3083 
6509 6520 6523 7372 
6510 3806 3399 3807 
6511 6944 6945 7375 
6512 2672 2673 2675 
6513 2882 2881 2883 
6514 5248 5247 5249 
6515 2091 2224 2225 
6516 2409 1051 7114 
6517 1579 1537 1580 
6518 1303 1307 7865 
6519 4741 4740 4742 
6520 4189 5719 5720 
6521 6309 3257 7390 
6522 2225 2224 2371 
6523 4290 4031 4740 
6524 4670 4424 8005 
6525 2630 2631 3126 
6526 5168 4912 5687 
6527 6958 3503 6960 
6528 476 202 7206 
6529 1171 1142 1566 
6530 3569 3583 3800 
6531 1780 1941 6572 
6532 4749 4750 4751 
6533 1766 1768 6832 
6534 2745 4205 7112 
6535 4757 3770 4853 
6536 6175 6174 6176 
6537 972 971 987 
6538 3421 4142 7092 
6539 947 946 971 
6540 4310 4311 4312 
6541 2193 2260 2272 
6542 3502 2557 3503 
6543 7811 5821 7900 
6544 1599 6846 7386 
6545 4514 4835 6664 
6546 690 691 692 
6547 793 792 946 
6548 932 931 933 
6549 3380 3566 3567 
6550 2648 3449 3450 
6551 6892 6894 6895 
6552 1937 2145 2682 
6553 6364 6360 7376 
6554 4851 3776 4879 
6555 4702 4700 5222 
6556 6167 6166 6169 
6557 3332 3330 3333 
6558 3905 4186 4946 
6559 5800 5801 5802 
6560 686 687 690 
6561 3340 3338 3341 
6562 3123 3820 3821 
6563 2086 2088 2089 
6564 3316 3314 3317 
6565 1444 1437 6639 
6566 4283 4330 4489 
6567 995 993 2182 
6568 1296 1345 1346 
6569 1146 1145 1293 
6570 3812 2207 4573 
6571 785 784 792 
6572 3056 3057 7839 
6573 1049 1048 1061 
6574 1181 2920 3657 
6575 6669 6670 6671 
6576 1062 1061 1076 
6577 3336 3334 3337 
6578 2215 2216 2217 
6579 5401 4089 5402 
6580 1672 1636 1673 
6581 3866 4284 7299 
6582 2073 1992 7159 
6583 1392 1393 1542 
6584 1860 1966 2085 
6585 2217 2218 3123 
6586 522 198 6977 
6587 2657 238 7036 
6588 581 233 7007 
6589 208 474 7008 
6590 2660 242 7027 
6591 943 948 6954 
6592 6608 6609 6610 
6593 1116 1115 1145 
6594 684 685 686 
6595 3320 3318 3321 
6596 1348 1349 1392 
6597 1145 1115 6836 
6598 3657 3683 3685 
6599 1644 1859 1860 
6600 2032 2030 2210 
6601 934 936 1564 
6602 1396 1391 7240 
6603 1855 1633 1856 
6604 3549 3890 4029 
6605 3506 3770 3787 
6606 641 640 642 
6607 2018 2017 2019 
6608 590 592 2614 
6609 7107 776 7415 
6610 4061 5528 5529 
6611 6183 6184 6185 
6612 2071 2072 3139 
6613 1955 1956 2071 
6614 594 596 775 
6615 4529 4527 4832 
6616 807 808 809 
6617 2212 2019 2373 
6618 2374 2373 3433 
6619 4941 4789 4942 
6620 3611 3609 3788 
6621 1348 1347 1349 
6622 3021 3020 3022 
6623 1544 1543 1611 
6624 2468 2470 2530 
6625 2556 3502 3506 
6626 992 993 994 
6627 681 682 684 
6628 1905 1673 1906 
6629 6067 6066 6069 
6630 994 995 996 
6631 2086 2087 2088 
6632 4743 4742 5371 
6633 1512 1510 6060 
6634 6951 6952 6953 
6635 4434 1067 7975 
6636 1334 1333 1543 
6637 1105 1055 4287 
6638 1126 1131 6660 
6639 4519 4834 6808 
6640 4351 4651 4652 
6641 5802 5801 5803 
6642 4071 4072 7077 
6643 3771 3537 3776 
6644 1095 1109 6812 
6645 1542 1561 1600 
6646 4426 4428 4431 
6647 3687 4564 7338 
6648 3450 3945 3947 
6649 3061 3063 3064 
6650 3174 3805 4305 
6651 6677 7117 7564 
6652 4621 4620 5198 
6653 679 680 681 
6654 3691 4563 4576 
6655 677 678 679 
6656 3077 3078 3079 
6657 675 676 677 
6658 6218 3267 7418 
6659 1392 1349 1393 
6660 1333 1293 2599 
6661 2638 1424 6803 
6662 2671 2670 2672 
6663 2712 1386 7317 
6664 3948 3947 4491 
6665 1611 1543 1636 
6666 3624 7198 7199 
6667 2107 2771 3626 
6668 2667 2666 2668 
6669 3834 4070 4425 
6670 6843 1824 8356 
6671 1166 1165 7250 
6672 1322 1323 1513 
6673 4321 6662 7157 
6674 1768 1770 1947 
6675 1048 2597 7139 
6676 6298 6296 6299 
6677 2225 2371 2372 
6678 1606 1848 7241 
6679 1860 1965 1966 
6680 4864 3748 4865 
6681 1216 1218 7253 
6682 3264 4289 7343 
6683 2478 2480 6975 
6684 4118 4193 5313 
6685 6483 6482 6484 
6686 3826 3410 6576 
6687 946 792 4314 
6688 2675 2676 3130 
6689 2028 2026 3190 
6690 1977 1856 1978 
6691 4051 3509 7134 
6692 673 674 675 
6693 4365 5479 7278 
6694 2199 2200 3128 
6695 2669 2668 2670 
6696 3959 3681 4572 
6697 3807 3399 4931 
6698 3503 3505 6960 
6699 4123 4122 5320 
6700 1417 1415 1418 
6701 1307 1308 1322 
6702 2671 2672 2674 
6703 3356 3038 3686 
6704 5402 4089 7128 
6705 4073 4071 5234 
6706 3140 3139 3741 
6707 7192 1931 7193 
6708 946 4314 7330 
6709 4148 3843 4149 
6710 3593 3596 7401 
6711 7154 7155 7156 
6712 3742 3741 4071 
6713 1542 1393 1561 
6714 719 721 722 
6715 4525 4833 6834 
6716 634 632 2617 
6717 1600 3421 4174 
6718 3132 2244 7165 
6719 3771 4851 4852 
6720 4249 4250 4251 
6721 5093 5095 5170 
6722 5349 4865 5915 
6723 2816 2814 2818 
6724 3177 3762 3773 
6725 2651 3147 3177 
6726 671 672 673 
6727 2149 2150 2199 
6728 4321 4319 5912 
6729 1294 1293 1333 
6730 668 669 671 
6731 3126 3548 3549 
6732 3019 3018 3020 
6733 4489 4330 7061 
6734 996 997 998 
6735 7048 4493 7573 
6736 3957 3453 7127 
6737 1972 2151 2152 
6738 1410 1408 2664 
6739 666 667 668 
6740 3906 2684 3916 
6741 3608 3606 3609 
6742 3955 3453 3957 
6743 2664 1408 7123 
6744 2189 1978 2190 
6745 4802 3809 4803 
6746 2267 2189 6932 
6747 4726 4767 5387 
6748 185 186 6762 
6749 1506 1504 1507 
6750 3626 2771 4964 
6751 719 722 7164 
6752 1926 1950 1972 
6753 2911 2909 4346 
6754 2151 2238 6637 
6755 3184 1627 3615 
6756 997 995 6902 
6757 4241 4240 4242 
6758 2420 6581 7393 
6759 2165 2262 2277 
6760 2235 5868 7335 
6761 4284 4285 4286 
6762 7084 2617 7085 
6763 4019 4018 6663 
6764 4951 3916 4952 
6765 2543 2484 6957 
6766 780 777 781 
6767 4021 4722 4748 
6768 231 232 7208 
6769 3586 989 7330 
6770 7057 3626 7058 
6771 2055 2081 2165 
6772 3232 3372 7411 
6773 3905 5933 7456 
6774 2669 2670 2671 
6775 2704 2707 2708 
6776 4303 4304 5414 
6777 3076 3077 7524 
6778 4115 3530 5435 
6779 3791 3790 4028 
6780 4827 4028 5307 
6781 3281 6141 6142 
6782 3866 4154 4155 
6783 6682 6685 6686 
6784 5274 5276 7583 
6785 3381 3382 4017 
6786 2072 2169 7068 
6787 3918 4098 4099 
6788 4780 4785 7214 
6789 3579 3580 3581 
6790 4622 4140 5189 
6791 2022 2020 2264 
6792 6313 6309 7390 
6793 2157 1910 7252 
6794 1200 1202 2943 
6795 4552 4553 4871 
6796 3057 3059 3060 
6797 4864 5349 5471 
6798 3053 3055 3056 
6799 222 223 3819 
6800 4405 4406 4407 
6801 4871 7227 7228 
6802 1158 1159 1302 
6803 7067 2123 7298 
6804 2053 2044 6948 
6805 261 262 7204 
6806 4286 4912 5168 
6807 664 665 666 
6808 1600 1561 3421 
6809 2141 2142 2149 
6810 639 636 927 
6811 998 1002 1003 
6812 2786 3442 7308 
6813 1955 1906 1956 
6814 2268 3748 4863 
6815 7405 3441 7408 
6816 1138 1139 1158 
6817 5459 5458 5509 
6818 951 925 952 
6819 3979 3465 7229 
6820 3777 3507 3778 
6821 4075 4847 4848 
6822 4952 3916 6107 
6823 1975 2157 7340 
6824 2665 2666 2667 
6825 711 713 714 
6826 3866 4155 4284 
6827 2191 2267 2268 
6828 784 781 786 
6829 715 717 718 
6830 3379 4015 4016 
6831 1117 1172 1173 
6832 6846 6850 7386 
6833 3610 3609 3611 
6834 6337 746 7413 
6835 3801 3802 4754 
6836 3233 2757 7443 
6837 4174 3421 7092 
6838 7253 1353 8420 
6839 3918 4099 6799 
6840 1003 1013 1014 
6841 703 705 706 
6842 3886 3431 7512 
6843 1131 1132 1138 
6844 662 663 664 
6845 1679 1653 7219 
6846 1400 1406 7341 
6847 1014 1021 1022 
6848 660 661 662 
6849 707 709 710 
6850 4401 4402 4403 
6851 5806 3912 5807 
6852 3792 4746 5304 
6853 2667 2668 2669 
6854 1601 1631 1632 
6855 4403 4404 4405 
6856 2632 2629 2633 
6857 2052 2055 7200 
6858 3428 2372 3429 
6859 3863 4003 7131 
6860 4003 5289 5331 
6861 731 729 732 
6862 2175 2214 2215 
6863 4531 4529 7079 
6864 1445 1444 1446 
6865 2272 2260 2273 
6866 693 697 698 
6867 6037 1920 7147 
6868 7292 4327 7293 
6869 3017 3016 3018 
6870 1932 1916 2082 
6871 2144 2159 2174 
6872 2891 2889 7645 
6873 6295 6293 6296 
6874 1977 2189 2191 
6875 3164 2923 7885 
6876 218 219 3194 
6877 699 701 702 
6878 2947 3430 7443 
6879 3073 3074 3075 
6880 2169 2288 3138 
6881 2099 2166 2651 
6882 4016 4668 4723 
6883 6202 5362 6203 
6884 3652 7195 7681 
6885 3043 3121 3381 
6886 4550 4551 4552 
6887 962 952 963 
6888 3139 2072 7068 
6889 1027 1010 1028 
6890 1009 989 1010 
6891 3407 3836 3917 
6892 2052 2054 2055 
6893 658 659 660 
6894 1653 1651 3600 
6895 5363 5855 5856 
6896 3410 3412 6576 
6897 3526 4109 4110 
6898 1405 1403 1414 
6899 3549 3889 3890 
6900 5241 5240 5343 
6901 4305 3805 4799 
6902 1059 1028 1060 
6903 5437 4767 7315 
6904 3539 3540 3544 
6905 3130 3551 3552 
6906 976 963 977 
6907 1420 8737 8830 
6908 2531 2478 6975 
6909 4017 4021 7105 
6910 3966 3976 4591 
6911 2648 1118 3449 
6912 2170 1392 7145 
6913 3879 4474 7276 
6914 5331 5289 5775 
6915 3661 3697 7388 
6916 1079 1077 1080 
6917 2684 7240 7402 
6918 2131 2132 2773 
6919 1847 3613 5723 
6920 4414 4413 4415 
6921 2618 6687 7150 
6922 2628 2625 2629 
6923 942 950 992 
6924 5924 1341 5925 
6925 1866 1678 2635 
6926 2464 2466 2615 
6927 4110 4812 5420 
6928 3917 6800 6801 
6929 796 596 6595 
6930 4533 4531 7080 
6931 4198 6205 6206 
6932 4800 4799 5426 
6933 3177 3147 3762 
6934 1410 2664 2665 
6935 3450 3449 3945 
6936 6888 6890 6891 
6937 4105 4106 5449 
6938 4142 5555 5556 
6939 1062 1076 1077 
6940 3440 3968 7512 
6941 3612 3611 4027 
6942 1049 1061 1062 
6943 938 940 3627 
6944 2016 1679 2017 
6945 6479 6478 6480 
6946 656 657 658 
6947 2273 3174 6916 
6948 2244 2241 7288 
6949 3602 3777 3792 
6950 3947 3945 4566 
6951 3025 3026 3027 
6952 2651 2166 3147 
6953 1619 1575 1620 
6954 1761 1764 1946 
6955 1022 1048 1049 
6956 987 971 989 
6957 2127 2128 2131 
6958 792 784 6926 
6959 3832 3834 7073 
6960 1013 1002 1018 
6961 2009 1915 2010 
6962 3387 2368 3926 
6963 4557 7096 7098 
6964 6910 6909 6911 
6965 2114 2117 7060 
6966 5224 4023 7249 
6967 2994 2992 7365 
6968 3596 4207 7401 
6969 1109 1110 1125 
6970 5276 5281 5283 
6971 2880 2879 2881 
6972 989 971 7330 
6973 3080 6455 7524 
6974 1083 1081 1084 
6975 1907 1931 7192 
6976 2132 2134 7239 
6977 2675 2673 2676 
6978 1924 1925 1926 
6979 2702 2703 2704 
6980 1112 3441 7303 
6981 1680 1892 6272 
6982 654 655 656 
6983 1299 1335 1847 
6984 2104 2107 7057 
6985 652 653 654 
6986 3640 4987 6462 
6987 210 211 7203 
6988 4297 4678 4679 
6989 4500 4499 5939 
6990 1173 1295 1296 
6991 1502 1500 1503 
6992 3582 4199 6258 
6993 3045 4296 4297 
6994 3010 3008 7418 
6995 3788 6935 6936 
6996 2143 2144 7174 
6997 2071 1956 2072 
6998 3211 3864 3866 
6999 3270 3577 3698 
7000 4634 3721 4635 
7001 4865 3748 7378 
7002 3650 4515 4578 
7003 4103 4104 4105 
7004 2636 2149 7173 
7005 4831 4543 7266 
7006 197 198 522 
7007 265 266 2655 
7008 260 261 477 
7009 187 188 480 
7010 267 268 479 
7011 208 209 474 
7012 189 190 2659 
7013 246 247 473 
7014 241 242 2660 
7015 199 200 579 
7016 213 214 2658 
7017 227 4 582 
7018 243 244 528 
7019 234 235 496 
7020 237 238 2657 
7021 211 212 529 
7022 194 195 478 
7023 248 249 2656 
7024 232 233 581 
7025 263 264 525 
7026 239 240 471 
7027 256 257 526 
7028 215 216 472 
7029 225 226 469 
7030 253 254 475 
7031 220 221 497 
7032 201 202 476 
7033 229 230 470 
7034 204 205 524 
7035 206 207 580 
7036 250 251 523 
7037 191 192 527 
7038 258 259 578 
7039 4726 3773 4767 
7040 4335 4336 4661 
7041 2855 2853 7376 
7042 2272 3507 3602 
7043 2175 2215 7059 
7044 5950 4872 7903 
7045 3020 3018 7518 
7046 2606 2608 6634 
7047 620 651 652 
7048 1433 1432 1434 
7049 6222 6218 7418 
7050 3774 3773 4726 
7051 6015 2725 8142 
7052 638 637 640 
7053 4111 6566 6567 
7054 4767 3773 7315 
7055 7115 633 7305 
7056 6014 6015 6016 
7057 948 6951 6954 
7058 5402 7128 7932 
7059 6226 6058 7953 
7060 3555 4919 4920 
7061 3648 3044 7505 
7062 2629 2625 6547 
7063 2865 2863 7390 
7064 3397 3383 7142 
7065 3988 3987 4620 
7066 4905 4174 5182 
7067 4491 3947 7087 
7068 4544 4546 7264 
7069 3136 2724 3137 
7070 3237 1629 7292 
7071 4150 4334 4335 
7072 727 725 728 
7073 3179 4127 4351 
7074 3607 4280 4281 
7075 647 648 649 
7076 3015 3014 3016 
7077 5387 4767 5388 
7078 1421 1419 1438 
7079 4611 4333 5193 
7080 1076 2648 7047 
7081 1398 1396 2684 
7082 2125 2126 2127 
7083 1844 4316 7277 
7084 1063 1064 1094 
7085 2878 2877 2879 
7086 1083 1084 1085 
7087 2636 7173 7791 
7088 2684 1396 7240 
7089 1165 1137 6022 
7090 6475 6474 6476 
7091 2179 2761 2762 
7092 6672 6886 6887 
7093 2267 6932 7378 
7094 3724 4622 7636 
7095 4200 6537 6538 
7096 4314 792 6926 
7097 3783 3512 4308 
7098 6581 6584 7393 
7099 886 885 887 
7100 3840 3841 4103 
7101 1091 1112 7303 
7102 4772 4774 7309 
7103 972 987 988 
7104 3473 3472 7118 
7105 6128 7562 7663 
7106 4531 7079 7080 
7107 6586 6588 6589 
7108 5933 6798 7456 
7109 3882 3789 7168 
7110 947 971 972 
7111 1079 1080 1081 
7112 645 646 647 
7113 3372 3897 7411 
7114 4101 4102 6835 
7115 1624 4385 7132 
7116 1449 1447 1514 
7117 7165 2244 7288 
7118 3789 3783 4557 
7119 1051 1052 1063 
7120 4557 3783 7096 
7121 1296 1344 1345 
7122 2710 2706 3445 
7123 3590 3591 3840 
7124 4011 4012 4677 
7125 735 733 736 
7126 1628 1844 7277 
7127 6961 7637 7689 
7128 793 946 947 
7129 1303 1305 1307 
7130 3513 3512 3783 
7131 1910 1899 7252 
7132 4977 4635 4978 
7133 2059 6857 6858 
7134 5314 6197 6198 
7135 284 285 6120 
7136 4498 4496 4499 
7137 4247 4248 4249 
7138 2723 2722 2724 
7139 3350 6162 7672 
7140 3264 3699 4289 
7141 2717 2715 3624 
7142 1981 2197 2275 
7143 1914 1664 1915 
7144 1076 1061 1118 
7145 1339 1341 5924 
7146 2077 2250 2258 
7147 2668 2666 4322 
7148 4898 4550 7138 
7149 6078 6077 6079 
7150 3671 3243 4352 
7151 3130 2676 3551 
7152 1048 1021 2597 
7153 1332 1315 1402 
7154 4535 4533 4762 
7155 2672 2670 2673 
7156 5309 4772 7309 
7157 4371 4372 4373 
7158 2876 2875 2877 
7159 867 865 7372 
7160 5240 3882 7168 
7161 4285 5664 7113 
7162 4186 6106 8118 
7163 1116 1145 1146 
7164 3013 3012 3014 
7165 2134 2137 7239 
7166 5234 4071 7077 
7167 1498 1496 1499 
7168 1535 1606 7241 
7169 6107 3916 7402 
7170 1133 1124 1140 
7171 5411 3408 7247 
7172 4071 3741 4072 
7173 1112 1093 1124 
7174 7145 1542 7430 
7175 785 792 793 
7176 2766 2768 7333 
7177 2144 2174 7174 
7178 4954 3915 4965 
7179 4494 4492 4495 
7180 2675 3130 3388 
7181 3069 3070 3071 
7182 4321 6661 6662 
7183 3889 4909 7190 
7184 1990 1880 7170 
7185 4175 4790 4791 
7186 1167 1168 1306 
7187 2618 1432 6687 
7188 6105 4865 7378 
7189 6316 6313 7631 
7190 3521 3132 7165 
7191 3803 5312 5514 
7192 3623 7170 7307 
7193 2359 5040 8023 
7194 6471 6470 6472 
7195 643 644 645 
7196 1929 1985 7184 
7197 6049 4948 6050 
7198 3174 4305 6916 
7199 1019 1020 1051 
7200 2235 4961 5868 
7201 254 255 7202 
7202 1059 1115 1116 
7203 1962 2077 7140 
7204 1441 1439 1451 
7205 1640 1350 1641 
7206 4018 4704 6663 
7207 3576 3589 3590 
7208 2616 1444 6639 
7209 4318 4319 4320 
7210 1112 1124 1133 
7211 1087 1085 1088 
7212 2056 7200 7511 
7213 2123 2124 2125 
7214 2379 3849 7153 
7215 1443 1437 1444 
7216 4369 4370 4371 
7217 4095 3408 5411 
7218 2301 4306 7679 
7219 4195 4456 5990 
7220 4320 4321 7157 
7221 3958 4317 4318 
7222 6007 2067 7861 
7223 5408 4825 5457 
7224 2212 2374 3398 
7225 6439 6440 6441 
7226 4552 4551 4553 
7227 3430 4324 7443 
7228 4896 4165 5712 
7229 706 707 7271 
7230 3011 3010 3012 
7231 3442 3936 7308 
7232 2075 3135 7291 
7233 3794 3795 3796 
7234 1091 1089 1093 
7235 780 784 785 
7236 4548 4549 4550 
7237 579 200 6994 
7238 3527 3575 3576 
7239 1722 1720 1724 
7240 2138 2140 2141 
7241 6441 6442 6443 
7242 4073 5234 5306 
7243 4202 4604 6388 
7244 6443 6444 6445 
7245 1007 1029 7166 
7246 5026 5027 5028 
7247 4416 4415 5067 
7248 1943 1944 2147 
7249 4871 4553 7227 
7250 3450 3947 3948 
7251 4974 6559 7951 
7252 1126 1130 1131 
7253 6407 6408 6409 
7254 4317 3957 7188 
7255 1925 1854 7950 
7256 1425 1424 1426 
7257 2435 2438 7345 
7258 3761 5188 7282 
7259 3060 3059 3061 
7260 1091 1093 1112 
7261 1087 1088 1089 
7262 4088 4096 4804 
7263 4191 3711 6324 
7264 1992 3623 7159 
7265 6407 6405 6408 
7266 3742 4071 4073 
7267 6436 6438 6439 
7268 1905 1955 1957 
7269 4023 3759 7249 
7270 2088 2223 7186 
7271 521 358 7231 
7272 97 98 539 
7273 357 358 521 
7274 4036 4037 5239 
7275 5028 5029 5030 
7276 4943 3980 4944 
7277 4239 4238 4240 
7278 4367 4368 4369 
7279 6653 6655 6656 
7280 6263 6262 6266 
7281 983 8281 8555 
7282 4289 4599 5176 
7283 1504 1503 7148 
7284 983 984 1004 
7285 4495 4492 7268 
7286 1004 1005 1011 
7287 1011 1012 1019 
7288 1009 1027 4326 
7289 3140 3741 3742 
7290 1629 1568 7292 
7291 251 252 7207 
7292 1494 1492 1495 
7293 3955 3957 3958 
7294 4878 3882 5240 
7295 3806 3807 4088 
7296 4951 4952 5902 
7297 2096 2099 7129 
7298 884 883 885 
7299 3581 3636 3637 
7300 1513 6801 7417 
7301 1431 1429 1432 
7302 2071 3139 3140 
7303 5645 5643 5646 
7304 2272 3602 7385 
7305 2241 2240 7288 
7306 6891 6890 6892 
7307 2117 2118 2119 
7308 2902 2903 2904 
7309 3398 3399 3806 
7310 1566 1142 6970 
7311 3451 3990 7760 
7312 3367 3369 7552 
7313 1095 1108 1109 
7314 1890 1891 1943 
7315 3729 3730 4036 
7316 4496 4495 7237 
7317 3948 4491 4492 
7318 3068 3069 7529 
7319 1544 1611 1627 
7320 6525 6527 6528 
7321 2271 3363 3364 
7322 2201 2202 3729 
7323 4492 4491 7268 
7324 4163 3885 4165 
7325 6166 3268 7518 
7326 4132 4130 7416 
7327 3220 3137 3541 
7328 1163 1140 1164 
7329 2281 3518 7902 
7330 6434 6435 6436 
7331 5401 5402 5450 
7332 969 970 983 
7333 847 845 7386 
7334 3921 3922 4367 
7335 1642 1641 1643 
7336 3072 6597 6598 
7337 1196 1198 1284 
7338 2228 2203 3392 
7339 3354 3712 4354 
7340 3762 3863 7315 
7341 2040 2059 7076 
7342 1644 1643 1859 
7343 8543 2256 8582 
7344 4498 4499 4500 
7345 3552 3895 3896 
7346 4553 4829 7227 
7347 2626 2624 2627 
7348 2622 2620 4338 
7349 3361 3999 4000 
7350 2086 1966 2087 
7351 2953 2942 3512 
7352 1454 1452 1455 
7353 2018 2019 2211 
7354 641 642 643 
7355 4729 4727 4730 
7356 1520 4327 7292 
7357 2134 2136 2137 
7358 1334 1543 1544 
7359 1927 2075 7291 
7360 4312 4313 6928 
7361 4539 4537 7176 
7362 4565 3686 6338 
7363 1123 6552 6553 
7364 1993 1992 2073 
7365 1133 1140 1163 
7366 2874 2873 2875 
7367 6598 6599 6600 
7368 6432 6433 6434 
7369 7245 2389 7617 
7370 3439 4018 4019 
7371 4135 4132 7416 
7372 5326 4054 5328 
7373 2630 2627 2631 
7374 1262 1263 1264 
7375 1827 1828 1832 
7376 1624 2391 4385 
7377 3009 3008 3010 
7378 1109 2639 6812 
7379 4030 3896 4054 
7380 3873 4189 7368 
7381 1131 2637 6660 
7382 6346 6344 6348 
7383 2074 2073 2201 
7384 1146 1293 1294 
7385 2392 2390 4194 
7386 739 737 740 
7387 4537 4535 7141 
7388 4802 4803 4807 
7389 4185 5996 7263 
7390 2723 2724 3136 
7391 4299 4301 4302 
7392 4543 4541 7266 
7393 6679 6678 7300 
7394 7083 2603 7549 
7395 1406 3650 7341 
7396 4499 4496 7237 
7397 4587 4586 5169 
7398 1294 1333 1334 
7399 3427 2372 3428 
7400 1260 1261 1262 
7401 2223 3211 7299 
7402 882 881 883 
7403 1490 1488 1491 
7404 3906 3916 4951 
7405 3967 3966 6647 
7406 2107 3626 7057 
7407 2872 2871 2873 
7408 1666 1667 1668 
7409 1264 1265 1266 
7410 4030 4054 5326 
7411 773 7710 7758 
7412 1860 1859 1965 
7413 6999 6998 7000 
7414 743 741 744 
7415 2017 1679 7219 
7416 4285 4155 5664 
7417 3421 4141 4142 
7418 2641 918 2642 
7419 1716 1714 1729 
7420 6084 6083 6086 
7421 3050 6666 7254 
7422 692 693 6820 
7423 4036 3730 4037 
7424 4970 4101 6835 
7425 4083 5762 7167 
7426 244 245 7205 
7427 2721 2722 2723 
7428 1992 1990 3623 
7429 2088 2087 2223 
7430 3552 3551 3895 
7431 4537 7141 7176 
7432 3126 2631 3548 
7433 1329 1548 1913 
7434 4682 4892 4893 
7435 3583 4198 7160 
7436 1647 1840 2376 
7437 3884 3428 3885 
7438 7443 4324 7725 
7439 4546 4547 4548 
7440 4550 4549 4551 
7441 2870 2869 2871 
7442 3594 4966 4967 
7443 2421 6901 7847 
7444 3950 7658 7828 
7445 4926 4927 4928 
7446 2754 7358 7431 
7447 1164 1309 1318 
7448 4733 4731 4788 
7449 1336 1337 1338 
7450 1814 1815 1827 
7451 3392 2203 7152 
7452 955 956 969 
7453 7571 4664 7572 
7454 4912 4285 7113 
7455 4339 7303 7304 
7456 4142 5554 5555 
7457 6269 6268 6271 
7458 2393 2395 2397 
7459 3433 4282 4283 
7460 3729 2202 3730 
7461 6683 6682 7520 
7462 1270 1271 1272 
7463 3209 2908 3210 
7464 4964 5947 6211 
7465 3609 3606 7169 
7466 3246 2847 7226 
7467 3137 2724 3234 
7468 3352 3992 3993 
7469 2117 2650 7060 
7470 3711 3986 6324 
7471 3761 3541 5188 
7472 1974 1901 7435 
7473 6430 6431 6432 
7474 7057 7058 7126 
7475 1560 4177 7158 
7476 1266 1267 1268 
7477 4494 4495 4496 
7478 3437 3438 3439 
7479 3936 5025 5026 
7480 2606 2604 2607 
7481 2372 2371 7185 
7482 7928 3875 7988 
7483 1458 1456 1459 
7484 3007 3006 3008 
7485 688 694 2640 
7486 2042 2040 7076 
7487 1628 1629 1844 
7488 5593 5591 5594 
7489 1848 1846 1899 
7490 3812 4573 4574 
7491 3624 2715 7198 
7492 1812 1813 1814 
7493 6279 6281 6282 
7494 1268 1269 1270 
7495 1272 1273 1274 
7496 2599 6962 8056 
7497 1486 1484 1487 
7498 3602 4971 7385 
7499 1163 1164 1325 
7500 880 879 881 
7501 1888 1889 1890 
7502 2120 2122 2123 
7503 4000 4645 4690 
7504 195 196 7201 
7505 4245 4246 4247 
7506 1625 1842 7222 
7507 4302 4582 4873 
7508 3630 1535 7241 
7509 1907 1929 1931 
7510 835 833 7393 
7511 2379 2381 3849 
7512 3866 3864 4154 
7513 2460 2462 2544 
7514 4893 5747 5748 
7515 3552 3896 4030 
7516 1462 1460 1463 
7517 3604 3606 3608 
7518 4985 6964 7165 
7519 2224 2090 2649 
7520 2721 2719 2722 
7521 1878 2092 2207 
7522 644 642 8200 
7523 4196 3447 4197 
7524 7368 5720 7369 
7525 2397 2398 2399 
7526 1318 1517 1535 
7527 1097 1050 7356 
7528 4873 4900 5652 
7529 4967 6121 6122 
7530 5391 4769 7063 
7531 5589 5587 5590 
7532 1927 1928 2075 
7533 7064 4197 7065 
7534 3023 3024 3025 
7535 2602 2600 4342 
7536 2201 2073 2202 
7537 2396 2394 3900 
7538 6234 6233 6235 
7539 4124 3397 7142 
7540 3750 4715 4716 
7541 2868 2867 2869 
7542 6016 6015 6017 
7543 1842 1907 7192 
7544 6419 6420 6421 
7545 4727 4726 7119 
7546 3133 3134 3510 
7547 1900 1899 1910 
7548 943 944 948 
7549 5641 5639 5642 
7550 8032 5483 8151 
7551 2605 2610 3558 
7552 6428 6429 6430 
7553 1423 1413 1424 
7554 2945 3397 3847 
7555 3949 5158 5159 
7556 4544 4545 4546 
7557 5239 4037 7175 
7558 7444 6331 7872 
7559 3756 3125 4309 
7560 4769 4915 7063 
7561 3005 3004 3006 
7562 1520 1325 4327 
7563 8089 5939 8096 
7564 7270 706 7271 
7565 1287 1289 4347 
7566 4734 4017 7105 
7567 6426 6427 6428 
7568 3032 3485 7339 
7569 3714 3713 3987 
7570 7244 7242 7245 
7571 1844 1845 1927 
7572 4196 4197 7064 
7573 1171 1566 1878 
7574 1991 1990 1992 
7575 4569 3959 7194 
7576 5149 5150 5151 
7577 3369 3047 8008 
7578 1648 1646 1649 
7579 202 203 7206 
7580 5597 5595 5598 
7581 1628 1568 1629 
7582 906 7044 7638 
7583 1069 1114 7262 
7584 3996 4796 4862 
7585 7123 1399 7407 
7586 7211 7210 7212 
7587 4283 4307 4330 
7588 2205 2835 2836 
7589 7033 7031 7034 
7590 1535 1562 1606 
7591 3395 4031 4290 
7592 1718 1716 7440 
7593 4039 4958 4960 
7594 4118 3522 4193 
7595 4542 4543 4544 
7596 4581 4320 7157 
7597 6669 6667 6670 
7598 3003 3002 3004 
7599 1258 1259 1260 
7600 2866 2865 2867 
7601 5147 5148 5149 
7602 3879 3877 4474 
7603 4040 3416 5670 
7604 948 949 955 
7605 6424 6425 6426 
7606 4739 5390 6110 
7607 2099 2100 2166 
7608 2203 2201 7152 
7609 4769 3800 4915 
7610 6076 3208 8015 
7611 7358 3347 7359 
7612 2304 2302 7328 
7613 4548 4550 4898 
7614 1256 1257 1258 
7615 4293 3872 7750 
7616 1569 1568 1628 
7617 2768 3242 7333 
7618 6229 4279 6230 
7619 5223 4024 5466 
7620 3447 3253 7217 
7621 6695 6694 6696 
7622 1218 1353 7253 
7623 1606 1625 1846 
7624 6705 6704 6706 
7625 4003 4933 5289 
7626 3608 3609 3610 
7627 3953 3671 7223 
7628 5145 5146 5147 
7629 5311 4312 6928 
7630 6682 6680 6685 
7631 2864 2863 2865 
7632 1299 1847 7420 
7633 1560 2601 4177 
7634 878 877 879 
7635 1059 1116 7399 
7636 3525 4122 4123 
7637 207 208 7008 
7638 233 234 7007 
7639 198 199 6977 
7640 238 239 7036 
7641 242 243 7027 
7642 3610 3611 3612 
7643 2634 2629 6547 
7644 4014 4665 7294 
7645 6421 6423 6424 
7646 4542 4541 4543 
7647 3863 3901 4003 
7648 1581 1624 7132 
7649 7100 7102 7103 
7650 4101 4100 4102 
7651 6143 6145 6146 
7652 1398 2684 3906 
7653 3161 3757 3894 
7654 2190 2193 7385 
7655 2016 2017 2018 
7656 3573 4013 4014 
7657 3373 3371 6872 
7658 3652 3750 7195 
7659 2611 2609 2612 
7660 3383 2382 3568 
7661 7303 3441 7304 
7662 4083 5332 5762 
7663 3177 3773 3774 
7664 4777 4779 5368 
7665 4561 4196 7064 
7666 3250 4337 7344 
7667 7154 2183 7155 
7668 2652 692 6820 
7669 4037 4039 7175 
7670 1587 3045 7571 
7671 4064 3890 4065 
7672 1899 3625 7252 
7673 6398 6396 6399 
7674 3968 6182 7512 
7675 2327 2332 2333 
7676 2072 2168 2169 
7677 1931 1929 7184 
7678 1254 1255 1256 
7679 7154 7156 7257 
7680 2376 2377 2378 
7681 1957 1955 7394 
7682 5601 5599 5602 
7683 2075 2076 3133 
7684 1311 1169 2711 
7685 1606 1562 1625 
7686 4540 4541 4542 
7687 2608 3050 6634 
7688 3001 3000 3002 
7689 2862 2861 2863 
7690 4330 4949 5852 
7691 6606 3574 6607 
7692 8482 5091 8492 
7693 4960 5206 5342 
7694 3571 3572 3573 
7695 5143 5144 5145 
7696 2378 2379 7153 
7697 2608 2607 2609 
7698 6697 6696 6698 
7699 3133 2076 3134 
7700 2169 2287 2288 
7701 2288 3223 4579 
7702 3549 3548 3889 
7703 695 2183 7154 
7704 1535 1517 1562 
7705 1348 1392 2170 
7706 3762 3763 3863 
7707 1579 1580 1581 
7708 2012 1953 2013 
7709 98 99 6933 
7710 770 2810 7533 
7711 1082 1081 1083 
7712 2699 2701 2702 
7713 4576 4563 5164 
7714 2714 2712 2715 
7715 2143 2013 2144 
7716 7012 7013 7014 
7717 4541 4763 7266 
7718 2896 2897 2898 
7719 2107 2108 2771 
7720 3341 3338 7563 
7721 1086 1085 1087 
7722 1326 1325 1520 
7723 4386 7405 7408 
7724 6699 6698 6700 
7725 1952 1893 1953 
7726 4243 4244 4245 
7727 2715 2712 7198 
7728 7637 5752 7689 
7729 4233 4232 4234 
7730 5368 4779 5369 
7731 4061 3692 5528 
7732 4237 4236 4238 
7733 4534 4533 4535 
7734 1892 2002 6272 
7735 1600 4174 4905 
7736 1470 1468 1471 
7737 5861 2386 7324 
7738 3396 2385 3417 
7739 2099 2651 7129 
7740 2074 2201 2203 
7741 1680 1649 1681 
7742 6798 2436 7456 
7743 1645 7682 7739 
7744 5637 5635 5638 
7745 2999 2998 3000 
7746 1482 1480 1483 
7747 3822 4789 4941 
7748 3558 3559 3571 
7749 4099 4969 6799 
7750 1318 1309 1517 
7751 6401 6399 6402 
7752 1806 1807 1808 
7753 3630 7241 7242 
7754 4294 5362 6202 
7755 2528 2535 2536 
7756 2114 2116 2117 
7757 8483 2418 8487 
7758 5585 5582 5586 
7759 7072 5032 8172 
7760 2423 6907 6914 
7761 2860 2859 2861 
7762 2526 2527 2528 
7763 1892 1681 1893 
7764 5048 4202 6388 
7765 1804 1805 1806 
7766 3678 3201 7581 
7767 4741 4742 4743 
7768 7261 3236 7778 
7769 6331 6330 6332 
7770 1848 1899 1900 
7771 2428 2430 4329 
7772 1927 1845 1928 
7773 6238 6235 6239 
7774 1989 1880 1990 
7775 3475 3476 3477 
7776 6711 6710 6712 
7777 2997 2996 2998 
7778 3065 3066 3067 
7779 6637 2238 7498 
7780 4326 1027 7399 
7781 3123 2218 3820 
7782 3513 3783 3789 
7783 3242 3694 3921 
7784 5405 7282 7283 
7785 6719 6718 6720 
7786 695 689 2183 
7787 3136 3137 3220 
7788 2917 2683 3253 
7789 4726 5387 7119 
7790 3993 4605 4649 
7791 5250 5249 5251 
7792 2190 2192 2193 
7793 3464 4614 6131 
7794 628 630 1898 
7795 6362 6364 6365 
7796 1252 1253 1254 
7797 2536 2546 2547 
7798 3471 3472 3473 
7799 4905 5182 5739 
7800 3510 3134 3511 
7801 3698 3704 4590 
7802 5141 5142 5143 
7803 2858 2857 2859 
7804 3052 2612 3053 
7805 4310 4309 4311 
7806 4878 5240 5241 
7807 4540 4539 4541 
7808 3821 3820 4125 
7809 4749 4020 4750 
7810 6409 6411 6412 
7811 3503 3504 3505 
7812 4843 4929 4930 
7813 1993 2073 2074 
7814 5605 5603 5606 
7815 5633 5631 5634 
7816 2071 3140 7394 
7817 6709 6708 6710 
7818 2856 2855 2857 
7819 3511 3904 4034 
7820 6703 6702 6704 
7821 1250 1251 1252 
7822 1164 1140 1309 
7823 4290 4740 4741 
7824 4548 4547 4549 
7825 1802 1803 1804 
7826 722 7163 7164 
7827 4536 4535 4537 
7828 5256 5255 5257 
7829 747 745 748 
7830 1090 1089 1091 
7831 237 2657 7039 
7832 2522 2523 2524 
7833 5803 5801 5804 
7834 1844 1629 1845 
7835 5617 5615 5618 
7836 4528 4527 4529 
7837 4235 4234 4236 
7838 2524 2525 2526 
7839 7170 1630 7277 
7840 2193 2259 2260 
7841 6707 6706 6708 
7842 5629 5627 5630 
7843 5139 5140 5141 
7844 4231 4230 4232 
7845 4099 4098 4100 
7846 2110 2112 2113 
7847 6735 6734 6736 
7848 876 875 877 
7849 3249 2360 3483 
7850 2215 3146 7059 
7851 4034 4035 5243 
7852 7701 5991 7974 
7853 751 749 752 
7854 1318 1535 3630 
7855 6737 6736 6738 
7856 2370 796 6595 
7857 2528 2536 7448 
7858 2854 2853 2855 
7859 2520 2521 2522 
7860 3459 3462 7916 
7861 2075 1928 2076 
7862 6739 6738 6740 
7863 6733 6732 6734 
7864 1248 1249 1250 
7865 3865 3868 7183 
7866 1800 1801 1802 
7867 5137 5138 5139 
7868 5363 4295 5855 
7869 2217 2216 2218 
7870 2900 2901 2902 
7871 7428 6033 7534 
7872 6701 6700 6702 
7873 2995 2994 2996 
7874 4312 4311 4313 
7875 6721 6720 6722 
7876 2518 2519 2520 
7877 3505 3529 3537 
7878 6170 6166 7518 
7879 1880 1630 7170 
7880 3056 3055 3057 
7881 3864 3865 7180 
7882 2852 2851 2853 
7883 3936 5026 7308 
7884 2682 2145 2683 
7885 2087 1966 7412 
7886 780 785 7415 
7887 2273 3173 3174 
7888 3126 3549 7265 
7889 2516 2517 2518 
7890 1911 1910 1975 
7891 1078 1077 1079 
7892 6713 6712 6714 
7893 3729 4036 4325 
7894 4034 3904 4035 
7895 4123 5320 5321 
7896 2215 2214 2216 
7897 1798 1799 1800 
7898 1246 1247 1248 
7899 5625 5623 5626 
7900 4511 4510 4512 
7901 4541 4539 4763 
7902 1466 1464 1467 
7903 2850 2849 2851 
7904 5609 5607 5610 
7905 2749 2750 2752 
7906 1663 1614 1664 
7907 6586 905 6588 
7908 6731 6730 6732 
7909 3379 4016 7498 
7910 2263 6949 7622 
7911 6241 6243 6244 
7912 6725 6724 6726 
7913 3891 2198 7779 
7914 2953 3512 3513 
7915 5135 5136 5137 
7916 4518 4517 4519 
7917 4544 4543 4545 
7918 6455 6458 7524 
7919 6723 6722 6724 
7920 6741 6740 6746 
7921 357 521 7234 
7922 6676 6678 6679 
7923 2993 2992 2994 
7924 5313 4193 5314 
7925 2848 2847 2849 
7926 6908 6909 6910 
7927 4229 4228 4230 
7928 4516 4514 4517 
7929 3569 3568 3583 
7930 4960 4958 5206 
7931 4211 4210 4212 
7932 4522 4519 4523 
7933 2514 2515 2516 
7934 1244 1245 1246 
7935 4526 4525 4527 
7936 1796 1797 1798 
7937 722 721 723 
7938 6729 6728 6730 
7939 4509 4508 4510 
7940 231 7208 7211 
7941 3595 3594 6961 
7942 1842 7192 7222 
7943 2846 2845 2847 
7944 4227 4226 4228 
7945 3429 2372 7185 
7946 3774 4726 4727 
7947 1042 1044 2916 
7948 4513 4512 4514 
7949 786 781 1350 
7950 6717 6716 6718 
7951 2174 2159 2175 
7952 5369 7214 7215 
7953 4524 4523 4525 
7954 1900 1910 1911 
7955 1521 1520 1568 
7956 1899 1846 3625 
7957 5621 5619 5622 
7958 4503 4488 4504 
7959 3788 3609 7169 
7960 5133 5134 5135 
7961 2747 2748 2749 
7962 4505 4504 4506 
7963 3584 3210 3585 
7964 5254 5253 5255 
7965 6018 6017 6019 
7966 3356 3686 3687 
7967 5214 5213 7400 
7968 3174 3804 3805 
7969 1240 1241 1242 
7970 3917 3836 3918 
7971 4567 4432 4666 
7972 638 640 641 
7973 3162 3790 3791 
7974 1242 1243 1244 
7975 2844 2843 2845 
7976 4530 4529 4531 
7977 1117 1060 1172 
7978 4054 3896 4055 
7979 2512 2513 2514 
7980 2096 2098 2099 
7981 4225 4224 4226 
7982 1238 1239 1240 
7983 5405 4765 7282 
7984 6727 6726 6728 
7985 4743 5371 5846 
7986 2510 2511 2512 
7987 755 753 756 
7988 5131 5132 5133 
7989 759 757 760 
7990 4480 4479 4481 
7991 2991 2990 2992 
7992 6312 6313 6314 
7993 1376 4973 4974 
7994 4485 4481 4486 
7995 2508 2509 2510 
7996 4507 4506 4508 
7997 2842 2841 2843 
7998 1528 5399 5430 
7999 6608 6607 6609 
8000 3801 3189 3802 
8001 1794 1795 1796 
8002 1124 1093 4340 
8003 6671 6670 6672 
8004 4207 3598 4208 
8005 2720 2719 2721 
8006 3749 6621 6623 
8007 3277 5659 6140 
8008 4478 4473 4479 
8009 1606 1846 1848 
8010 4035 4185 7263 
8011 5129 5130 5131 
8012 5613 5611 5614 
8013 3894 4083 7167 
8014 4487 4486 4488 
8015 2277 2262 7562 
8016 1512 6060 6624 
8017 3656 1092 4339 
8018 4470 4469 4471 
8019 7309 5368 7310 
8020 1976 1975 2154 
8021 874 873 875 
8022 6715 6714 6716 
8023 4472 4471 4473 
8024 4941 4942 5878 
8025 2506 2507 2508 
8026 2065 2070 3250 
8027 4223 4222 4224 
8028 4034 5302 7279 
8029 4468 4462 4469 
8030 2155 2154 2240 
8031 3441 1133 7408 
8032 777 7154 7257 
8033 2438 2443 7345 
8034 2291 1026 6024 
8035 1474 1472 1475 
8036 2240 2679 3386 
8037 2898 2899 2900 
8038 1986 2003 7342 
8039 5127 5128 5129 
8040 2989 2988 2990 
8041 4461 4460 4462 
8042 6202 6203 6935 
8043 2840 2839 2841 
8044 3650 4578 7341 
8045 2954 1097 7356 
8046 4785 4786 4843 
8047 2504 2505 2506 
8048 4459 4449 4460 
8049 7191 6685 7564 
8050 4219 4218 4220 
8051 4217 4216 4218 
8052 872 871 873 
8053 4448 4447 4449 
8054 4221 4220 4222 
8055 2623 2625 2628 
8056 7174 2174 7731 
8057 1792 1793 1794 
8058 1173 1172 1295 
8059 763 761 764 
8060 2716 2715 2717 
8061 2502 2503 2504 
8062 2063 2061 3689 
8063 6016 6017 6018 
8064 4215 4214 4216 
8065 6610 6609 6611 
8066 4729 4730 4731 
8067 5125 5126 5127 
8068 767 765 768 
8069 870 869 871 
8070 2645 2642 7811 
8071 4446 4440 4447 
8072 2987 2986 2988 
8073 1236 1237 1238 
8074 718 717 719 
8075 4213 4212 4214 
8076 4538 4537 4539 
8077 1478 1476 1479 
8078 4532 4531 4533 
8079 868 867 869 
8080 3657 2920 3683 
8081 7340 2157 7423 
8082 1118 7139 7357 
8083 4902 4544 7264 
8084 2500 2501 2502 
8085 2209 2270 2271 
8086 866 865 867 
8087 4319 4317 6802 
8088 692 691 693 
8089 7624 4783 7826 
8090 4439 4438 4440 
8091 5123 5124 5125 
8092 3340 3341 3342 
8093 6887 6886 6888 
8094 1790 1791 1792 
8095 4241 4242 4243 
8096 4546 4545 4547 
8097 864 863 865 
8098 3220 3541 3761 
8099 6947 2053 6948 
8100 777 695 7154 
8101 4029 5322 5324 
8102 4774 4777 7309 
8103 4437 4423 4438 
8104 1991 1992 1993 
8105 1393 1349 1857 
8106 2498 2499 2500 
8107 269 6688 6761 
8108 2276 3151 3413 
8109 862 861 863 
8110 6314 6316 6317 
8111 6299 6302 7135 
8112 1234 1235 1236 
8113 714 713 715 
8114 4422 4421 4423 
8115 6681 6683 6684 
8116 4202 4201 4604 
8117 4765 3761 7282 
8118 5243 4035 7263 
8119 3140 4341 7394 
8120 860 859 861 
8121 8130 2640 8217 
8122 3336 3337 3338 
8123 2985 2984 2986 
8124 858 857 859 
8125 2496 2497 2498 
8126 4401 4300 4402 
8127 710 709 711 
8128 4420 4361 4421 
8129 2838 2837 2839 
8130 5121 5122 5123 
8131 1975 1910 2157 
8132 2718 2717 2719 
8133 6066 3261 7645 
8134 7714 6199 7801 
8135 2720 2721 2725 
8136 1985 1986 7342 
8137 3907 3787 3908 
8138 1506 1507 1508 
8139 706 705 707 
8140 1847 5724 7420 
8141 1116 2689 7399 
8142 2758 3347 7358 
8143 3332 3333 3334 
8144 856 855 857 
8145 3128 2200 4144 
8146 1232 1233 1234 
8147 7052 7051 7053 
8148 1296 1295 1344 
8149 2494 2495 2496 
8150 1103 1067 4434 
8151 5406 4736 5407 
8152 1788 1789 1790 
8153 2422 1566 6970 
8154 2983 2982 2984 
8155 3791 4028 4827 
8156 2155 2240 2241 
8157 4830 4547 7334 
8158 854 853 855 
8159 3640 3351 3710 
8160 702 701 703 
8161 723 724 725 
8162 3408 2633 7247 
8163 1230 1231 1232 
8164 1976 2154 2155 
8165 2199 2150 2200 
8166 4360 4359 4361 
8167 4339 1092 7303 
8168 4777 4778 4779 
8169 852 851 853 
8170 4780 4782 4785 
8171 3214 3860 4350 
8172 1568 1520 7292 
8173 2240 3386 7288 
8174 7222 7192 7624 
8175 4985 7165 7288 
8176 771 769 772 
8177 6910 6911 6912 
8178 4281 4323 7248 
8179 698 697 699 
8180 1911 1975 1976 
8181 3139 7068 7565 
8182 1345 1344 1563 
8183 2619 2621 4288 
8184 2008 2094 2095 
8185 2492 2493 2494 
8186 7097 7099 7100 
8187 6299 6301 6302 
8188 850 849 851 
8189 4344 4771 5319 
8190 5119 5120 5121 
8191 1508 1560 7158 
8192 4751 4750 5737 
8193 3386 3759 4023 
8194 1809 1811 1812 
8195 690 687 691 
8196 4358 4357 4359 
8197 4754 3802 6031 
8198 1228 1229 1230 
8199 4675 3943 7436 
8200 1029 1069 7166 
8201 3328 3329 3330 
8202 4501 4500 4948 
8203 4356 4204 4357 
8204 4985 4023 4986 
8205 5869 4948 6049 
8206 2981 2980 2982 
8207 2745 2746 2747 
8208 1837 1887 1888 
8209 2240 2154 2679 
8210 4203 3908 4204 
8211 2119 2120 7067 
8212 2104 2106 2107 
8213 1388 1386 2712 
8214 848 847 849 
8215 686 685 687 
8216 3711 3483 3986 
8217 2490 2491 2492 
8218 2691 2087 7412 
8219 227 582 6229 
8220 846 845 847 
8221 2149 2142 2150 
8222 5117 5118 5119 
8223 3380 2239 3566 
8224 844 843 845 
8225 2004 2006 2007 
8226 1398 3906 7407 
8227 2979 2978 2980 
8228 1502 1503 1504 
8229 5238 3785 7323 
8230 3511 3903 3904 
8231 2632 2633 3408 
8232 1322 1308 1323 
8233 1786 1787 1788 
8234 2562 2563 2564 
8235 1630 1628 7277 
8236 3412 6128 7831 
8237 3607 3605 4280 
8238 684 682 685 
8239 2670 2668 7322 
8240 2138 2141 7458 
8241 842 841 843 
8242 2202 7159 7455 
8243 2129 4387 7825 
8244 4425 4070 4426 
8245 4538 4539 4540 
8246 3245 5054 7891 
8247 3455 3456 3457 
8248 2432 2434 2436 
8249 3242 3921 7333 
8250 3386 2679 3759 
8251 2488 2489 2490 
8252 6001 6000 6002 
8253 2977 2976 2978 
8254 3759 4344 7249 
8255 4497 4496 4498 
8256 4365 4441 5479 
8257 7243 7242 7244 
8258 3725 4644 7074 
8259 681 680 682 
8260 2225 2372 3427 
8261 3489 3488 3490 
8262 4185 5995 5996 
8263 4431 4428 4432 
8264 1226 1227 1228 
8265 2718 2719 2720 
8266 3131 3132 3390 
8267 1445 1446 1447 
8268 3906 6008 7407 
8269 5115 5116 5117 
8270 2243 2241 2244 
8271 4324 4917 7725 
8272 7239 7428 7534 
8273 3418 3119 3419 
8274 3510 3511 7279 
8275 840 839 841 
8276 7198 7317 7776 
8277 3211 3866 7299 
8278 1784 1785 1786 
8279 3131 2244 3132 
8280 6352 3765 6353 
8281 2243 2244 3131 
8282 4034 5243 5302 
8283 679 678 680 
8284 3245 3719 5054 
8285 2075 3133 3135 
8286 4896 5712 6225 
8287 6964 4986 6965 
8288 3390 3132 3393 
8289 2628 2629 2632 
8290 4405 4404 4406 
8291 677 676 678 
8292 3559 2610 7547 
8293 838 837 839 
8294 2894 2895 2896 
8295 6019 6017 6020 
8296 2486 2487 2488 
8297 4035 4184 4185 
8298 7060 2650 7445 
8299 620 615 651 
8300 3324 3325 3326 
8301 2131 2128 2132 
8302 2904 2905 2906 
8303 4652 4651 5403 
8304 613 611 7146 
8305 826 825 827 
8306 1844 1927 4316 
8307 358 359 7231 
8308 2089 2091 2678 
8309 4163 4165 4896 
8310 3785 3393 7323 
8311 675 674 676 
8312 4281 4280 4323 
8313 5996 5995 5997 
8314 6220 6222 6223 
8315 1224 1225 1226 
8316 5208 5930 5931 
8317 836 835 837 
8318 2975 2974 2976 
8319 5113 5114 5115 
8320 3773 3762 7315 
8321 1163 1325 1326 
8322 635 637 638 
8323 4986 4023 5224 
8324 1143 1106 1144 
8325 1929 1930 1985 
8326 4403 4402 4404 
8327 2141 2140 2142 
8328 3567 3566 3582 
8329 2484 2485 2486 
8330 3421 1561 4141 
8331 3603 2119 7067 
8332 1302 1159 1303 
8333 4547 4545 7334 
8334 6508 6509 6510 
8335 7983 6191 8065 
8336 3562 3490 3563 
8337 611 608 2662 
8338 4779 4780 7214 
8339 2973 2972 2974 
8340 3511 4034 7279 
8341 834 833 835 
8342 1307 1305 1308 
8343 6248 6245 6249 
8344 4072 3741 7565 
8345 5195 4670 5571 
8346 2236 2235 7335 
8347 4985 4986 6964 
8348 4037 4038 4039 
8349 6525 910 6527 
8350 1782 1783 1784 
8351 4316 1927 7291 
8352 1158 1139 1159 
8353 1688 1881 1882 
8354 5206 5207 5208 
8355 5404 4765 5405 
8356 4553 4828 4829 
8357 3933 3879 7276 
8358 4545 4543 4831 
8359 2743 2744 2745 
8360 6854 6852 6855 
8361 4392 4391 4393 
8362 6512 6513 6514 
8363 7129 2651 7426 
8364 832 831 833 
8365 673 672 674 
8366 4185 5994 5995 
8367 778 771 6209 
8368 2971 2970 2972 
8369 3278 3277 6140 
8370 3390 3393 3784 
8371 1433 1434 1435 
8372 4534 4535 4536 
8373 3320 3321 3322 
8374 2127 2126 2128 
8375 4344 4345 4771 
8376 3265 3264 7343 
8377 1989 1990 1991 
8378 3386 4023 4985 
8379 671 669 672 
8380 606 1073 7296 
8381 1138 1132 1139 
8382 2454 2456 2542 
8383 7097 4308 7099 
8384 7257 7156 7501 
8385 1569 1628 1630 
8386 668 667 669 
8387 2482 2483 2484 
8388 1222 1223 1224 
8389 197 522 7290 
8390 830 829 831 
8391 3377 3375 7331 
8392 1435 1434 7267 
8393 7240 1389 7397 
8394 5111 5112 5113 
8395 3895 4171 4935 
8396 2217 3123 7531 
8397 2436 2439 2440 
8398 785 3628 7415 
8399 1498 1499 1500 
8400 3827 3826 4303 
8401 1986 1999 2003 
8402 3073 3071 3074 
8403 2278 2277 3410 
8404 3354 4354 7619 
8405 666 665 667 
8406 3784 3393 3785 
8407 2714 2715 2716 
8408 6812 2639 7506 
8409 3723 3710 4618 
8410 2669 2671 3225 
8411 828 827 829 
8412 1112 1133 3441 
8413 3177 3774 7426 
8414 4939 2386 5861 
8415 622 624 1355 
8416 3438 2399 7587 
8417 4920 5820 5822 
8418 4935 5765 6013 
8419 1220 1221 1222 
8420 4142 4141 5554 
8421 3411 3410 3826 
8422 884 886 1357 
8423 2242 2241 2243 
8424 2969 2968 2970 
8425 5252 5251 5253 
8426 479 7697 7921 
8427 4016 5917 7498 
8428 2137 2136 2138 
8429 2716 2717 2718 
8430 3069 3067 3070 
8431 4039 4957 4958 
8432 4351 4127 4651 
8433 4874 3859 4875 
8434 2480 2481 2482 
8435 3179 4351 7705 
8436 5109 5110 5111 
8437 4771 4772 5309 
8438 5645 5646 5647 
8439 3393 3521 7323 
8440 6966 6965 6967 
8441 3600 1651 7948 
8442 3759 4343 4344 
8443 1218 1219 1220 
8444 3884 3885 4163 
8445 1443 1444 1445 
8446 3312 3313 3314 
8447 4654 3830 4655 
8448 2906 2905 7074 
8449 4669 4424 4670 
8450 2478 2479 2480 
8451 867 7372 7395 
8452 3784 3785 5235 
8453 6504 6505 6506 
8454 606 604 1073 
8455 5107 5108 5109 
8456 1125 1110 1126 
8457 3403 3768 3782 
8458 3604 3608 7445 
8459 3316 3317 3318 
8460 1131 1130 1132 
8461 5235 3785 5237 
8462 6964 6965 6966 
8463 5425 5424 5565 
8464 1780 1781 1782 
8465 4324 3886 4916 
8466 1600 4905 7430 
8467 3393 3132 3521 
8468 4373 4372 4374 
8469 1521 1568 1569 
8470 3910 4953 5957 
8471 3427 3428 3884 
8472 6371 6370 6372 
8473 853 851 7638 
8474 664 663 665 
8475 5421 5420 5422 
8476 7159 3623 7770 
8477 2967 2966 2968 
8478 1425 1426 1427 
8479 4777 5368 7309 
8480 4536 4537 4538 
8481 4493 4492 4494 
8482 3403 3782 7392 
8483 5105 5106 5107 
8484 3402 4981 4982 
8485 2076 1928 3236 
8486 662 661 663 
8487 3045 921 4296 
8488 1519 3706 5190 
8489 196 197 7290 
8490 2443 2545 5012 
8491 4635 3721 7563 
8492 5236 5235 5341 
8493 4299 4302 7506 
8494 1845 1629 3237 
8495 4930 4929 5843 
8496 4545 4831 7334 
8497 2476 2477 2478 
8498 2125 2124 2126 
8499 2266 2161 2837 
8500 1494 1495 1496 
8501 7100 7101 7102 
8502 2723 3136 3389 
8503 1216 1217 1218 
8504 7180 3865 7183 
8505 4964 2771 5947 
8506 4580 4320 4581 
8507 1407 1401 1408 
8508 4344 5319 7249 
8509 1907 1908 1929 
8510 3131 3390 3391 
8511 660 659 661 
8512 1941 6571 6572 
8513 1537 1512 6624 
8514 4105 4104 4106 
8515 8071 6050 8076 
8516 2623 2628 7275 
8517 5369 4779 7214 
8518 3920 2820 7447 
8519 6263 6267 7870 
8520 2693 1627 3184 
8521 2565 3219 6106 
8522 3433 2373 4282 
8523 6892 6893 6894 
8524 4371 4370 4372 
8525 3511 3134 3903 
8526 5388 4767 5437 
8527 2119 2118 2120 
8528 3709 3206 4201 
8529 939 937 2778 
8530 4774 4776 4777 
8531 1094 1064 1095 
8532 2965 2964 2966 
8533 4284 4286 6098 
8534 3077 3075 3078 
8535 5877 7259 7260 
8536 7241 1848 7362 
8537 474 209 7318 
8538 1083 1085 1086 
8539 1842 1843 1907 
8540 1109 1108 1110 
8541 971 946 7330 
8542 5103 5104 5105 
8543 1409 1408 1410 
8544 5423 5422 5424 
8545 1336 1300 1337 
8546 1625 1626 1842 
8547 6966 6967 6968 
8548 4078 3779 4079 
8549 7358 7359 7361 
8550 1087 1089 1090 
8551 1079 1081 1082 
8552 3995 3481 4424 
8553 1063 1052 1064 
8554 658 657 659 
8555 3728 3687 7338 
8556 1326 1520 1521 
8557 6279 1592 6281 
8558 2795 5988 7657 
8559 3762 3147 3763 
8560 3185 3184 3530 
8561 4239 4240 4241 
8562 5237 5238 5305 
8563 6500 6501 6502 
8564 1431 1432 1433 
8565 4288 2621 7275 
8566 3131 3391 7324 
8567 1778 1779 1780 
8568 7527 6712 9448 
8569 3527 3183 3575 
8570 2051 2050 2052 
8571 3304 3305 3306 
8572 4369 4368 4370 
8573 2123 2122 2124 
8574 2154 1975 7340 
8575 2708 2707 2955 
8576 4542 4544 4902 
8577 4035 3904 4184 
8578 2963 2962 2964 
8579 3618 3530 4115 
8580 4270 4269 4272 
8581 7198 2712 7317 
8582 4185 4184 5994 
8583 1283 1274 2685 
8584 3784 5235 5236 
8585 5028 5027 5029 
8586 2474 2475 2476 
8587 106 107 6973 
8588 3061 3062 3063 
8589 4022 3178 4391 
8590 943 941 944 
8591 4103 3841 4104 
8592 1906 1673 2690 
8593 2072 1956 2168 
8594 5237 3785 5238 
8595 2049 2048 2050 
8596 2780 5939 8089 
8597 4779 4778 4780 
8598 4562 4253 7995 
8599 6962 6836 8093 
8600 3386 4985 7288 
8601 4913 4115 4914 
8602 2892 2893 2894 
8603 7543 7058 7660 
8604 656 655 657 
8605 521 7233 7234 
8606 241 2660 7325 
8607 5898 4914 5899 
8608 746 747 7413 
8609 643 645 7373 
8610 4030 5326 5327 
8611 3954 3453 3955 
8612 5030 5029 5031 
8613 654 653 655 
8614 5026 5025 5027 
8615 1051 1020 1052 
8616 4673 5506 5507 
8617 240 241 7325 
8618 7574 2380 7772 
8619 1360 2428 7337 
8620 1010 989 3586 
8621 4785 4782 4786 
8622 3130 3552 7327 
8623 1490 1491 1492 
8624 2019 2017 7541 
8625 3387 3926 3927 
8626 2436 2440 7456 
8627 1092 1091 7303 
8628 1164 1318 7329 
8629 4367 3922 4368 
8630 1776 1777 1778 
8631 4037 3730 4038 
8632 4843 4786 4929 
8633 3840 3591 3841 
8634 2402 6276 6335 
8635 209 210 7318 
8636 1486 1487 1488 
8637 2099 2098 2100 
8638 6949 6944 7375 
8639 6799 4969 7314 
8640 2007 6199 7871 
8641 6653 1832 6655 
8642 617 619 3601 
8643 6291 6293 6295 
8644 5289 4933 5883 
8645 7284 7283 7285 
8646 652 651 653 
8647 2472 2473 2474 
8648 4003 3901 4933 
8649 5101 5102 5103 
8650 4189 5692 5719 
8651 1373 1371 1541 
8652 2621 2623 7275 
8653 2665 2667 5956 
8654 2225 3427 7306 
8655 2634 6547 7513 
8656 1214 1215 1216 
8657 1710 1708 1711 
8658 3856 3665 3859 
8659 2443 5012 7345 
8660 3308 3309 3310 
8661 3081 3079 3082 
8662 2288 2287 3223 
8663 1090 1091 1092 
8664 2637 1138 7381 
8665 5641 5642 5643 
8666 4353 4017 4734 
8667 2169 2168 2287 
8668 5079 5081 5167 
8669 6496 6497 6498 
8670 4566 3945 7258 
8671 4674 3943 4675 
8672 4532 4533 4534 
8673 1388 2712 2714 
8674 2440 2537 2538 
8675 2386 2243 7324 
8676 2773 7239 7534 
8677 3590 3589 3591 
8678 1148 1128 1590 
8679 2155 2241 2242 
8680 6182 4990 6183 
8681 1427 1426 7311 
8682 5468 4149 5469 
8683 3945 3449 3946 
8684 2961 2960 2962 
8685 2763 2762 2764 
8686 3532 3199 5058 
8687 6169 6170 6171 
8688 2992 3227 7365 
8689 3863 3763 3901 
8690 2243 3131 7324 
8691 3630 7242 7243 
8692 4011 3370 4012 
8693 2223 2691 3211 
8694 6298 6299 7135 
8695 3352 3993 7575 
8696 4308 3512 7109 
8697 1423 1424 1425 
8698 4283 4282 4307 
8699 2678 2091 7306 
8700 1272 1271 1273 
8701 3021 3022 3023 
8702 935 933 1301 
8703 3774 4728 7426 
8704 1019 1012 1020 
8705 2704 2703 2707 
8706 2047 2046 2048 
8707 4193 3522 7513 
8708 5242 5241 5303 
8709 3211 3212 3864 
8710 3288 3289 3290 
8711 4033 3761 4765 
8712 4189 5720 7368 
8713 3921 3694 3922 
8714 1574 1524 1584 
8715 2117 2116 2118 
8716 4549 4547 4830 
8717 5912 4319 6802 
8718 4656 3830 7382 
8719 3300 3301 3302 
8720 3117 3115 3195 
8721 1011 1005 1012 
8722 1004 984 1005 
8723 5400 4807 5448 
8724 927 7084 7409 
8725 1212 1213 1214 
8726 1062 1077 1078 
8727 3990 6115 7760 
8728 3175 2211 3176 
8729 4344 4343 4345 
8730 3252 2855 7376 
8731 4155 4154 7178 
8732 2676 2673 3435 
8733 2470 2471 2472 
8734 4680 4006 4735 
8735 4297 4296 4678 
8736 1270 1269 1271 
8737 3525 4123 7514 
8738 3748 2267 7378 
8739 1264 1263 1265 
8740 2242 2243 2386 
8741 1650 988 1651 
8742 1003 1014 1317 
8743 6961 4967 7637 
8744 1900 1911 2389 
8745 1633 1602 1912 
8746 5208 5207 5930 
8747 4587 5169 7346 
8748 6492 6493 6494 
8749 6384 8285 8298 
8750 4549 4830 7366 
8751 3459 3460 3461 
8752 1262 1261 1263 
8753 2153 2152 3043 
8754 2448 2450 2529 
8755 611 2662 7146 
8756 2113 2112 2114 
8757 6171 6173 6174 
8758 1363 1361 1538 
8759 1338 1337 1528 
8760 983 970 984 
8761 3697 4587 7388 
8762 447 448 4085 
8763 446 447 7347 
8764 447 4085 7347 
8765 445 446 562 
8766 9 10 565 
8767 562 446 7347 
8768 12 13 518 
8769 442 443 515 
8770 13 14 7349 
8771 518 13 7349 
8772 14 15 2687 
8773 3759 2679 4343 
8774 15 16 7352 
8775 14 2687 7349 
8776 16 17 508 
8777 438 439 505 
8778 2687 15 7352 
8779 16 508 7352 
8780 3626 4964 7738 
8781 2959 2764 2960 
8782 3576 3575 3589 
8783 21 22 498 
8784 3072 6598 7529 
8785 4905 6095 7430 
8786 6419 6418 6420 
8787 2779 7671 7827 
8788 886 887 888 
8789 1965 2760 5005 
8790 433 434 493 
8791 4528 4529 4530 
8792 4330 4307 4949 
8793 3881 3789 3882 
8794 2273 2260 3173 
8795 1266 1265 1267 
8796 865 2414 7372 
8797 3296 3297 3298 
8798 3912 2378 7153 
8799 2056 2052 7200 
8800 1022 1049 2654 
8801 6443 6442 6444 
8802 2754 2758 7358 
8803 1774 1775 1776 
8804 2607 2604 7535 
8805 2227 2203 2228 
8806 5099 5100 5101 
8807 3608 4315 7445 
8808 2915 5060 8014 
8809 8 9 7348 
8810 9 565 7348 
8811 5206 4958 5207 
8812 2007 2006 2008 
8813 4799 3805 5398 
8814 994 996 1969 
8815 3747 3373 6872 
8816 4771 4345 4772 
8817 3085 3083 3086 
8818 1965 5005 7412 
8819 2091 2225 7306 
8820 4877 3882 4878 
8821 603 605 8530 
8822 3808 3176 3809 
8823 4498 4500 4501 
8824 1268 1267 1269 
8825 1184 1186 1276 
8826 6129 7662 7707 
8827 4801 3809 4802 
8828 4182 1659 6123 
8829 6441 6440 6442 
8830 1382 1384 2743 
8831 2190 1978 2192 
8832 5852 4949 5934 
8833 2235 2147 4961 
8834 3480 2956 3481 
8835 6439 6438 6440 
8836 3348 3705 5191 
8837 4732 4731 4733 
8838 4676 4008 4738 
8839 2095 2094 2096 
8840 443 444 7350 
8841 515 443 7350 
8842 2890 2891 2892 
8843 3895 3551 4171 
8844 969 956 970 
8845 3199 2219 7659 
8846 4530 4531 4532 
8847 5336 4765 5404 
8848 4412 4014 7294 
8849 1210 1211 1212 
8850 1297 1144 1298 
8851 6405 3262 7196 
8852 4091 4089 5401 
8853 26 27 486 
8854 2663 7398 8070 
8855 3452 2926 3453 
8856 2905 3725 7074 
8857 7789 4387 7809 
8858 2549 2547 2558 
8859 2108 2110 7251 
8860 845 1599 7386 
8861 4385 2391 7568 
8862 2178 1974 2179 
8863 4777 4776 4778 
8864 1583 1581 7132 
8865 2602 4342 7535 
8866 2538 3143 7652 
8867 1380 1378 2741 
8868 2952 2942 2953 
8869 2003 1999 2004 
8870 3292 3293 3294 
8871 3630 7243 7329 
8872 4991 3967 6647 
8873 4962 4733 4963 
8874 3921 4367 7789 
8875 3868 3870 4152 
8876 3515 3514 4089 
8877 2468 2469 2470 
8878 3367 3047 3369 
8879 2941 2228 2942 
8880 3257 2865 7390 
8881 1393 1857 7497 
8882 3873 4188 4189 
8883 5405 7283 7284 
8884 1985 1930 1986 
8885 4728 4727 4729 
8886 3776 3537 5476 
8887 3284 3285 3286 
8888 1906 2690 7364 
8889 1260 1259 1261 
8890 441 442 7351 
8891 442 515 7351 
8892 439 440 7377 
8893 505 439 7377 
8894 2045 2044 2046 
8895 4526 4527 4528 
8896 1982 1679 2016 
8897 4039 4038 4957 
8898 6070 6066 7645 
8899 4237 4238 4239 
8900 5097 5098 5099 
8901 6137 4963 6138 
8902 2329 3425 7419 
8903 7239 2137 7428 
8904 1654 1653 1679 
8905 4501 4948 5869 
8906 1652 1651 1653 
8907 6436 6435 6438 
8908 3829 3646 3830 
8909 6488 6489 6490 
8910 3089 3087 3090 
8911 430 431 530 
8912 6685 6680 7564 
8913 3889 4167 4909 
8914 5258 5257 5259 
8915 7589 6084 7927 
8916 2758 2950 3347 
8917 3822 4941 7531 
8918 4682 3998 4892 
8919 3621 3364 3893 
8920 2616 6640 7398 
8921 4302 4968 7506 
8922 3389 3136 7410 
8923 3280 3281 3282 
8924 3890 3889 7190 
8925 602 600 2613 
8926 2648 3450 7384 
8927 2193 2272 7385 
8928 2410 3593 7401 
8929 2398 2395 7406 
8930 6342 6344 6346 
8931 4568 2777 5063 
8932 3503 2557 3504 
8933 17 18 7353 
8934 508 17 7353 
8935 1208 1209 1210 
8936 3599 3595 6961 
8937 3168 3271 3272 
8938 3065 3063 3066 
8939 898 900 1351 
8940 3966 3432 3976 
8941 4494 4496 4497 
8942 3101 3104 7427 
8943 2344 2347 7274 
8944 5637 5638 5639 
8945 4935 4171 5765 
8946 2605 3558 7549 
8947 2669 3225 7319 
8948 3929 2818 6463 
8949 3174 3173 3804 
8950 2043 2042 2044 
8951 1318 3630 7329 
8952 6295 6296 6298 
8953 4524 4525 4526 
8954 1722 1724 7777 
8955 884 885 886 
8956 6434 6433 6435 
8957 3594 3592 4966 
8958 1114 1149 1150 
8959 6888 6889 6890 
8960 3274 3275 3276 
8961 4614 4332 8021 
8962 1482 1483 1484 
8963 1625 1562 1626 
8964 1140 1124 7387 
8965 4033 4765 5336 
8966 1085 1084 7767 
8967 4909 5753 5797 
8968 1411 1410 7321 
8969 1069 1113 1114 
8970 2193 2192 2259 
8971 7100 7099 7101 
8972 1054 649 1055 
8973 833 2420 7393 
8974 2107 2106 2108 
8975 1997 6126 7901 
8976 4636 1515 5209 
8977 3945 3946 7258 
8978 2956 2056 7511 
8979 6607 3574 7547 
8980 2466 2467 2468 
8981 7502 6371 7874 
8982 3276 3277 3278 
8983 1170 1142 1171 
8984 3220 3761 4033 
8985 6418 6417 6447 
8986 1150 1312 1313 
8987 3093 3091 3094 
8988 6484 6485 6486 
8989 1027 1059 7399 
8990 1585 1584 1621 
8991 3644 3044 3648 
8992 955 949 956 
8993 2882 2883 2884 
8994 1206 1207 1208 
8995 1955 2071 7394 
8996 4957 5955 7316 
8997 2667 2669 7319 
8998 2393 2397 7568 
8999 1923 1854 1924 
9000 4712 4711 4713 
9001 1997 7664 7813 
9002 7244 7510 7814 
9003 3552 4030 7327 
9004 6589 6588 6590 
9005 5095 5096 5097 
9006 3916 2684 7402 
9007 440 441 3169 
9008 948 944 949 
9009 2888 2889 2890 
9010 4553 4551 4828 
9011 6464 8031 8061 
9012 1772 1773 1774 
9013 3117 3195 7302 
9014 6432 6431 6433 
9015 1313 1360 1361 
9016 612 614 7280 
9017 1141 1105 1142 
9018 432 433 7355 
9019 2041 2040 2042 
9020 4522 4523 4524 
9021 4030 5327 7327 
9022 1517 1309 2692 
9023 2665 5956 7321 
9024 2157 7252 7712 
9025 1853 1670 1854 
9026 433 493 7355 
9027 3264 2946 3699 
9028 6414 6412 6415 
9029 22 23 7354 
9030 427 428 482 
9031 1258 1257 1259 
9032 2718 2720 3228 
9033 6146 6148 6149 
9034 4940 4939 5877 
9035 3231 3232 7411 
9036 498 22 7354 
9037 3632 2386 4939 
9038 4710 4709 4711 
9039 1031 2677 7680 
9040 4518 4519 4522 
9041 1879 1630 1880 
9042 882 883 884 
9043 4829 4828 5346 
9044 4141 1561 7497 
9045 3286 3285 7197 
9046 4677 4012 5897 
9047 602 2613 7313 
9048 2657 7038 7039 
9049 2886 2887 2888 
9050 2338 2340 2341 
9051 5915 4865 6105 
9052 2464 2465 2466 
9053 2039 2038 2040 
9054 1104 1055 1105 
9055 1029 1068 1069 
9056 1988 1880 1989 
9057 4139 3678 4150 
9058 2456 2458 7301 
9059 3927 4413 4414 
9060 4136 4135 4137 
9061 1900 2389 7362 
9062 2741 1378 7516 
9063 6394 6396 6398 
9064 1256 1255 1257 
9065 1339 1298 1341 
9066 1669 1668 1670 
9067 4235 4236 4237 
9068 1307 1322 7739 
9069 3097 3095 3098 
9070 6996 6998 6999 
9071 5151 5150 5152 
9072 3802 3189 7534 
9073 4516 4517 4518 
9074 7130 7714 7801 
9075 6430 6429 6431 
9076 18 19 2686 
9077 6979 579 6994 
9078 2083 1936 2084 
9079 1314 1519 7769 
9080 3948 4492 4493 
9081 2436 2434 2439 
9082 2037 2036 2038 
9083 3602 3792 4971 
9084 3964 3963 4143 
9085 686 690 7758 
9086 6383 6381 6386 
9087 6231 6233 6234 
9088 3093 3096 7444 
9089 1591 889 6000 
9090 1848 1900 7362 
9091 5149 5148 5150 
9092 2542 2456 7301 
9093 2536 2535 2546 
9094 2528 2527 2535 
9095 2702 2701 2703 
9096 436 437 2688 
9097 2884 2885 2886 
9098 7130 4728 7714 
9099 5093 5094 5095 
9100 1410 2665 7321 
9101 1273 1287 7256 
9102 1622 1621 1683 
9103 5232 4004 5233 
9104 931 929 2653 
9105 2191 2268 3619 
9106 2226 2820 3920 
9107 6038 4928 6039 
9108 3505 3504 3529 
9109 3169 441 7351 
9110 440 3169 7377 
9111 5956 2667 7319 
9112 2944 3259 3465 
9113 1320 1291 1515 
9114 4819 4818 4820 
9115 4233 4234 4235 
9116 3019 3020 3021 
9117 5147 5146 5148 
9118 4708 4707 4709 
9119 2562 2560 2563 
9120 7333 7789 7809 
9121 7012 7010 7013 
9122 880 881 882 
9123 3267 3010 7418 
9124 4513 4514 4516 
9125 6428 6427 6429 
9126 6480 6481 6482 
9127 3057 3058 3059 
9128 1973 1901 1974 
9129 5949 4193 7513 
9130 4154 3864 7180 
9131 3140 3742 4341 
9132 2679 2154 7340 
9133 2526 2525 2527 
9134 3443 2787 3514 
9135 4350 3860 4866 
9136 3348 5191 6809 
9137 2035 2034 2036 
9138 3786 5978 5983 
9139 915 918 2641 
9140 3017 3018 3019 
9141 5479 4441 5480 
9142 4901 5710 5741 
9143 3506 3787 3907 
9144 4982 4983 5299 
9145 1254 1253 1255 
9146 6362 6360 6364 
9147 6458 6457 6459 
9148 4780 4781 4782 
9149 4706 4705 4707 
9150 6426 6425 6427 
9151 4925 4019 4926 
9152 3045 4664 7571 
9153 7208 7210 7211 
9154 4231 4232 4233 
9155 1023 1031 7680 
9156 5026 5028 7813 
9157 4123 5862 7514 
9158 1976 7414 7523 
9159 3351 2362 7619 
9160 1966 1965 7412 
9161 4703 4702 4705 
9162 7072 8172 8199 
9163 5145 5144 5146 
9164 4511 4512 4513 
9165 3101 3099 3102 
9166 1929 1908 1930 
9167 617 3601 7280 
9168 4817 4816 4818 
9169 4063 5245 5763 
9170 6469 4635 7563 
9171 4033 5336 5337 
9172 1282 1299 7420 
9173 2033 2032 2034 
9174 2524 2523 2525 
9175 5314 5949 6197 
9176 4509 4510 4511 
9177 4701 4700 4702 
9178 1686 1684 1687 
9179 822 820 7643 
9180 6520 6522 6523 
9181 2676 3435 7379 
9182 776 780 7415 
9183 6476 6477 6478 
9184 3204 3962 5034 
9185 3799 4107 5056 
9186 2462 2463 2464 
9187 7029 7031 7033 
9188 2329 2323 3423 
9189 6424 6423 6425 
9190 1409 1410 1411 
9191 2074 2203 2227 
9192 3635 2207 3812 
9193 5633 5634 5635 
9194 3015 3016 3017 
9195 4958 4957 7316 
9196 1827 1815 1828 
9197 5868 4961 6111 
9198 2522 2521 2523 
9199 2880 2881 2882 
9200 7304 3441 7405 
9201 1478 1479 1480 
9202 3465 3259 7229 
9203 6536 3231 7411 
9204 4699 4698 4700 
9205 1770 1771 1772 
9206 4750 4020 7587 
9207 1116 1146 2689 
9208 3413 3414 3838 
9209 878 879 880 
9210 2031 2030 2032 
9211 1907 1843 1908 
9212 6121 4966 7687 
9213 6421 6420 6423 
9214 3436 2399 3437 
9215 3053 3054 3055 
9216 2876 2877 2878 
9217 1252 1251 1253 
9218 2820 3204 7447 
9219 2756 2752 2948 
9220 4691 4690 4692 
9221 4208 4210 4211 
9222 2282 2084 2958 
9223 4893 4892 5747 
9224 6598 6601 7529 
9225 1808 1809 7383 
9226 6170 7518 7799 
9227 1991 1993 2681 
9228 2057 3193 7673 
9229 5143 5142 5144 
9230 1976 2155 7414 
9231 6319 6317 6320 
9232 3911 2378 3912 
9233 3906 4951 6008 
9234 1842 1626 1843 
9235 2757 2947 7443 
9236 2520 2519 2521 
9237 18 2686 7353 
9238 3011 3012 3013 
9239 3596 3598 4207 
9240 6472 6473 6474 
9241 2209 2271 7707 
9242 1943 1891 1944 
9243 1660 1558 4388 
9244 3203 2284 3848 
9245 4507 4508 4509 
9246 1985 7342 7803 
9247 4391 3178 7781 
9248 614 617 7280 
9249 2242 2386 3632 
9250 1250 1249 1251 
9251 4280 3605 7530 
9252 2518 2517 2519 
9253 6409 6408 6411 
9254 2334 2336 2337 
9255 6346 6348 6349 
9256 4120 4824 5412 
9257 6846 6849 6850 
9258 5091 5092 5093 
9259 4697 4696 4698 
9260 3105 3103 3106 
9261 3013 3014 3015 
9262 2144 2158 2159 
9263 1204 1205 1206 
9264 4004 3367 7552 
9265 2651 3177 7426 
9266 3221 5865 7189 
9267 4967 4966 6121 
9268 4978 6469 6470 
9269 1510 1508 7158 
9270 4229 4230 4231 
9271 2029 2028 2030 
9272 4038 3730 7455 
9273 2175 2213 2214 
9274 3046 2254 3047 
9275 4318 4320 4580 
9276 23 24 3153 
9277 622 1355 7320 
9278 4102 5418 5419 
9279 619 622 7320 
9280 4503 4504 4505 
9281 3603 7067 7530 
9282 4901 5741 7691 
9283 4695 4694 4696 
9284 2027 2026 2028 
9285 2166 7126 7543 
9286 3800 3583 7160 
9287 1294 1334 1608 
9288 2516 2515 2517 
9289 1248 1247 1249 
9290 1814 1813 1815 
9291 4693 4692 4694 
9292 2761 1974 7435 
9293 4956 3912 5806 
9294 3782 3768 4764 
9295 5141 5140 5142 
9296 4505 4506 4507 
9297 4996 5918 8124 
9298 3085 3088 7502 
9299 3113 3111 3114 
9300 3703 4032 5186 
9301 1544 1627 2693 
9302 2234 7810 7915 
9303 7383 1812 7687 
9304 6528 6527 6529 
9305 6672 6885 6886 
9306 7178 4154 7179 
9307 4303 5414 5563 
9308 4882 3861 5460 
9309 2697 7946 7998 
9310 819 821 3641 
9311 5139 5138 5140 
9312 6312 6309 6313 
9313 2440 2439 2537 
9314 4343 2679 7340 
9315 1385 1387 7539 
9316 823 825 826 
9317 1099 1097 2954 
9318 2319 2330 7404 
9319 1882 2057 7673 
9320 2878 2879 2880 
9321 1049 1062 7363 
9322 1246 1245 1247 
9323 815 817 1359 
9324 4772 4773 4774 
9325 2538 2537 3143 
9326 3632 4939 4940 
9327 4894 3538 4895 
9328 4878 5241 5242 
9329 2025 2024 2026 
9330 5664 4155 7178 
9331 785 793 3628 
9332 1542 1600 7430 
9333 4487 4488 4503 
9334 5137 5136 5138 
9335 2514 2513 2515 
9336 3009 3010 3011 
9337 2874 2875 2876 
9338 4227 4228 4229 
9339 876 877 878 
9340 2870 2871 2872 
9341 3676 3201 3678 
9342 362 363 7480 
9343 3191 2251 7705 
9344 4774 4775 4776 
9345 5557 4141 7497 
9346 4411 4014 4412 
9347 2548 2556 7655 
9348 1890 1889 1891 
9349 2440 2559 7456 
9350 1181 1182 2920 
9351 3617 2607 7535 
9352 3426 3424 3546 
9353 3513 3789 3881 
9354 4480 4481 4485 
9355 1244 1243 1245 
9356 4485 4486 4487 
9357 6331 6333 7872 
9358 3230 3554 7636 
9359 6581 6583 6584 
9360 2344 2346 2347 
9361 2512 2511 2513 
9362 1133 1163 7408 
9363 5135 5134 5136 
9364 4957 4959 5955 
9365 3918 4097 4098 
9366 972 988 1650 
9367 4478 4479 4480 
9368 1062 1078 7363 
9369 4225 4226 4227 
9370 3543 1092 3656 
9371 2510 2509 2511 
9372 1240 1239 1241 
9373 1242 1241 1243 
9374 1847 5723 5724 
9375 2023 2022 2024 
9376 4555 3939 5052 
9377 2223 2087 2691 
9378 4472 4473 4478 
9379 1397 1396 1398 
9380 1562 1517 7367 
9381 3632 4940 4992 
9382 6678 6681 7300 
9383 1937 2682 7846 
9384 1768 1769 1770 
9385 582 4279 6229 
9386 6398 6399 6401 
9387 3173 2260 7526 
9388 4470 4471 4472 
9389 2226 3920 7556 
9390 2868 2869 2870 
9391 2508 2507 2509 
9392 1517 2692 7367 
9393 4468 4469 4470 
9394 3583 4178 4198 
9395 5133 5132 5134 
9396 2872 2873 2874 
9397 4387 7789 7825 
9398 5318 4087 5726 
9399 1935 1858 1936 
9400 3806 4088 4090 
9401 5073 5075 5162 
9402 2654 1049 7363 
9403 5131 5130 5132 
9404 2165 2277 2278 
9405 3007 3008 3009 
9406 4461 4462 4468 
9407 4814 4410 4816 
9408 4551 4549 7366 
9409 1812 1811 1813 
9410 1931 7184 7782 
9411 5442 4093 5443 
9412 2506 2505 2507 
9413 1238 1237 1239 
9414 2460 2461 2462 
9415 4110 5420 5421 
9416 2441 2437 2777 
9417 4223 4224 4225 
9418 1474 1475 1476 
9419 3697 4584 4586 
9420 2866 2867 2868 
9421 4729 4731 4732 
9422 4591 3976 5174 
9423 4772 4345 4773 
9424 3372 3374 3897 
9425 2864 2865 2866 
9426 4459 4460 4461 
9427 4448 4449 4459 
9428 5129 5128 5130 
9429 1341 1343 5925 
9430 2862 2863 2864 
9431 2536 2548 7448 
9432 4446 4447 4448 
9433 4536 4538 4907 
9434 2504 2503 2505 
9435 8266 3858 8309 
9436 2021 2020 2022 
9437 1317 1014 7374 
9438 4905 5739 6095 
9439 2650 3604 7445 
9440 911 913 964 
9441 4147 3656 4443 
9442 1806 1805 1807 
9443 3253 3254 3691 
9444 4439 4440 4446 
9445 5127 5126 5128 
9446 2502 2501 2503 
9447 1808 1807 1809 
9448 2377 1840 7772 
9449 1014 1022 7374 
9450 3378 3488 3489 
9451 5207 4958 7316 
9452 3661 3696 3697 
9453 894 896 2661 
9454 2271 2270 3363 
9455 2860 2861 2862 
9456 4437 4438 4439 
9457 3431 3440 7512 
9458 6892 6890 6893 
9459 7664 7308 7813 
9460 1326 1521 4386 
9461 4422 4423 4437 
9462 5629 5630 5631 
9463 4221 4222 4223 
9464 874 875 876 
9465 4420 4421 4422 
9466 3005 3006 3007 
9467 2500 2499 2501 
9468 7710 6204 7758 
9469 4289 3699 4599 
9470 1804 1803 1805 
9471 3907 3908 4203 
9472 4780 4778 4781 
9473 4941 6943 7531 
9474 2915 3384 5060 
9475 5125 5124 5126 
9476 1665 1616 1666 
9477 2856 2857 2858 
9478 3993 4972 7575 
9479 5242 5303 5522 
9480 1390 1394 3931 
9481 3354 3469 3712 
9482 1236 1235 1237 
9483 719 720 721 
9484 2858 2859 2860 
9485 4360 4361 4420 
9486 4203 4204 4356 
9487 2498 2497 2499 
9488 3003 3004 3005 
9489 1802 1801 1803 
9490 3001 3002 3003 
9491 4198 5886 6205 
9492 3601 619 7320 
9493 3774 4727 4728 
9494 1395 1391 1396 
9495 2854 2855 2856 
9496 1888 1887 1889 
9497 2308 2307 2309 
9498 5123 5122 5124 
9499 4358 4359 4360 
9500 2997 2998 2999 
9501 4219 4220 4221 
9502 1022 2654 7374 
9503 2389 1911 7523 
9504 4356 4357 4358 
9505 4377 4378 5072 
9506 3533 4119 4120 
9507 5089 5090 5091 
9508 1800 1799 1801 
9509 2852 2853 2854 
9510 1582 1581 1583 
9511 6234 6235 6238 
9512 2496 2495 2497 
9513 4217 4218 4219 
9514 3688 3687 3728 
9515 4992 4940 4993 
9516 1646 1513 7417 
9517 3182 3526 7663 
9518 2850 2851 2852 
9519 1798 1797 1799 
9520 29 30 548 
9521 7166 1069 7262 
9522 2999 3000 3001 
9523 1234 1233 1235 
9524 2848 2849 2850 
9525 1569 1630 1879 
9526 3913 3408 4095 
9527 4732 4733 4962 
9528 2008 2095 7801 
9529 1615 1583 1616 
9530 4215 4216 4217 
9531 6601 6600 6602 
9532 2494 2493 2495 
9533 2994 7365 7560 
9534 2624 2622 7442 
9535 2846 2847 2848 
9536 2693 3184 3185 
9537 3109 3107 3110 
9538 1202 1203 1204 
9539 5121 5120 5122 
9540 3691 3695 4563 
9541 801 803 1153 
9542 2995 2996 2997 
9543 872 873 874 
9544 1984 1983 2020 
9545 4211 4212 4213 
9546 3223 3226 3888 
9547 1323 3406 3407 
9548 2096 2097 2098 
9549 2643 2642 2644 
9550 870 871 872 
9551 2771 2108 7251 
9552 2844 2845 2846 
9553 1232 1231 1233 
9554 3077 3080 7524 
9555 4282 2373 7541 
9556 4213 4214 4215 
9557 1796 1795 1797 
9558 3889 3548 4167 
9559 2993 2994 2995 
9560 2492 2491 2493 
9561 868 869 870 
9562 1230 1229 1231 
9563 2132 2133 2134 
9564 866 867 868 
9565 3407 3835 3836 
9566 2991 2992 2993 
9567 2238 3379 7498 
9568 6069 6070 6071 
9569 1965 1859 2760 
9570 4962 4963 6137 
9571 864 865 866 
9572 2714 2716 4976 
9573 2546 3214 7272 
9574 2842 2843 2844 
9575 3147 2166 7543 
9576 3185 3530 3618 
9577 1933 1932 1983 
9578 23 3153 7354 
9579 4065 3890 7190 
9580 750 6356 6357 
9581 862 863 864 
9582 809 811 999 
9583 6613 6607 7547 
9584 6220 6218 6222 
9585 4134 4132 4135 
9586 5119 5118 5120 
9587 670 8249 8260 
9588 3558 4950 7549 
9589 1794 1793 1795 
9590 1832 1828 7773 
9591 2155 2242 7414 
9592 2631 2627 3434 
9593 5352 5353 5548 
9594 860 861 862 
9595 3555 4920 7750 
9596 2987 2988 2989 
9597 3237 7293 7814 
9598 1150 1149 1312 
9599 2989 2990 2991 
9600 858 859 860 
9601 2018 2211 3175 
9602 7682 4988 7739 
9603 1313 1312 1360 
9604 2840 2841 2842 
9605 5866 5015 5867 
9606 3061 3059 3062 
9607 789 788 791 
9608 2057 2060 3193 
9609 3529 4365 7278 
9610 2490 2489 2491 
9611 3881 3882 4877 
9612 7414 4992 7523 
9613 3608 3610 4315 
9614 2004 2005 2006 
9615 1470 1471 1472 
9616 2138 2139 2140 
9617 856 857 858 
9618 3618 4115 4913 
9619 1986 1998 1999 
9620 4786 4782 4787 
9621 2458 2459 2460 
9622 4802 4807 5400 
9623 3450 3948 7384 
9624 2100 2101 2102 
9625 1380 2741 4328 
9626 1792 1791 1793 
9627 715 716 717 
9628 5117 5116 5118 
9629 711 712 713 
9630 1114 1113 1149 
9631 797 799 2680 
9632 1228 1227 1229 
9633 2816 2818 2944 
9634 4913 4914 5898 
9635 4776 4775 4783 
9636 854 855 856 
9637 2985 2986 2987 
9638 1595 1552 1596 
9639 1309 1140 7387 
9640 7200 2055 7432 
9641 424 425 531 
9642 3730 2202 7455 
9643 1399 1398 7407 
9644 4379 4095 4825 
9645 2488 2487 2489 
9646 1790 1789 1791 
9647 852 853 854 
9648 4957 4038 4959 
9649 4300 4298 7289 
9650 2983 2984 2985 
9651 1163 1326 7408 
9652 707 708 709 
9653 2838 2839 2840 
9654 850 851 852 
9655 703 704 705 
9656 2952 2953 3850 
9657 4774 4773 4775 
9658 2227 2228 2941 
9659 6314 6313 6316 
9660 2716 2718 7391 
9661 2008 2093 2094 
9662 3136 3220 7410 
9663 2981 2982 2983 
9664 2941 2942 2952 
9665 3268 3020 7518 
9666 4959 4038 7455 
9667 4868 4051 5221 
9668 766 767 7533 
9669 2826 2828 3247 
9670 3220 4033 7410 
9671 848 849 850 
9672 3508 3479 3509 
9673 3864 3212 3865 
9674 1643 1641 1895 
9675 693 696 697 
9676 699 700 701 
9677 2486 2485 2487 
9678 3478 3477 3479 
9679 5115 5114 5116 
9680 2397 3436 7568 
9681 4826 4825 5408 
9682 2979 2980 2981 
9683 3474 3473 3475 
9684 846 847 848 
9685 3211 2691 3212 
9686 2639 4299 7506 
9687 3954 3955 4464 
9688 4414 4415 4416 
9689 2120 2121 2122 
9690 2977 2978 2979 
9691 1993 2074 7403 
9692 1922 1916 1932 
9693 3898 4397 4906 
9694 844 845 846 
9695 1561 1393 7497 
9696 5955 4959 6009 
9697 2438 2442 2443 
9698 1673 1636 7336 
9699 5409 5408 5410 
9700 6248 6249 6250 
9701 1226 1225 1227 
9702 7356 1050 7680 
9703 2484 2483 2485 
9704 1688 1687 1881 
9705 842 843 844 
9706 6033 3802 7534 
9707 1788 1787 1789 
9708 4345 4343 7423 
9709 4050 3509 4051 
9710 2443 2444 2545 
9711 5648 5647 5649 
9712 4033 5337 7410 
9713 3551 2676 7379 
9714 1578 1537 1579 
9715 805 807 3049 
9716 2134 2135 2136 
9717 5554 4141 5557 
9718 3069 3072 7529 
9719 1069 1068 1113 
9720 5113 5112 5114 
9721 1200 1201 1202 
9722 2206 7633 7727 
9723 1766 1767 1768 
9724 840 841 842 
9725 4845 5444 5467 
9726 2975 2976 2977 
9727 7662 2080 7707 
9728 1086 1087 7522 
9729 3411 3826 3827 
9730 1879 1880 1988 
9731 5423 5424 5425 
9732 5421 5422 5423 
9733 3948 4493 7384 
9734 2456 2457 2458 
9735 1536 1512 1537 
9736 3452 3453 3954 
9737 4002 3651 5021 
9738 3355 3038 3356 
9739 1303 1304 1305 
9740 838 839 840 
9741 4388 1558 7720 
9742 1786 1785 1787 
9743 3658 3654 5022 
9744 2278 3410 3411 
9745 6682 6686 7520 
9746 4430 5008 5764 
9747 1274 1273 7256 
9748 4972 4649 5896 
9749 5200 4643 5201 
9750 5625 5626 5627 
9751 2347 2348 2349 
9752 651 615 7606 
9753 1988 1989 2220 
9754 1397 1398 1399 
9755 3204 5034 7447 
9756 613 7146 7606 
9757 2230 3348 6809 
9758 5930 5207 7504 
9759 6071 6076 6077 
9760 1134 1121 1155 
9761 2482 2481 2483 
9762 2973 2974 2975 
9763 1224 1223 1225 
9764 1534 1529 1575 
9765 1593 1575 1619 
9766 1896 1866 1916 
9767 1623 1619 1678 
9768 1839 1678 1866 
9769 836 837 838 
9770 2971 2972 2973 
9771 3712 3951 3991 
9772 2266 2837 2838 
9773 647 649 1054 
9774 3522 2634 7513 
9775 2396 5811 8208 
9776 1956 1906 7364 
9777 4416 5067 5354 
9778 2179 2762 2763 
9779 4565 6339 8167 
9780 2480 2479 2481 
9781 2478 2477 2479 
9782 1784 1783 1785 
9783 2743 1384 2744 
9784 6282 6281 6283 
9785 2930 3358 3359 
9786 5087 5088 5089 
9787 2777 2437 7649 
9788 1450 1449 1529 
9789 6739 6740 6741 
9790 834 835 836 
9791 6173 6170 7799 
9792 2102 2103 2104 
9793 1448 1447 1449 
9794 5111 5110 5112 
9795 1937 1938 2145 
9796 6737 6738 6739 
9797 1283 2685 7585 
9798 4655 4736 5406 
9799 1509 1508 1510 
9800 608 606 7296 
9801 641 643 2184 
9802 7252 3625 7826 
9803 361 362 7490 
9804 1337 1300 7585 
9805 7099 4308 7109 
9806 4016 4723 5917 
9807 3124 3525 7514 
9808 2114 2115 2116 
9809 1407 1408 1409 
9810 5107 5106 5108 
9811 3381 4017 4353 
9812 3470 3346 3471 
9813 2969 2970 2971 
9814 2673 2670 7322 
9815 6741 6746 6747 
9816 3562 3563 3883 
9817 939 2778 7582 
9818 2242 3632 7414 
9819 832 833 834 
9820 1511 1510 1512 
9821 5109 5108 5110 
9822 4674 4675 5561 
9823 3880 3879 3933 
9824 4909 4167 5753 
9825 3037 2911 3038 
9826 1222 1221 1223 
9827 6735 6736 6737 
9828 1505 1504 1506 
9829 3936 5024 5025 
9830 3143 3403 7392 
9831 1387 1390 7539 
9832 830 831 832 
9833 1126 1129 1130 
9834 1198 1199 1200 
9835 1388 2714 7397 
9836 3343 3342 3344 
9837 2718 3228 7391 
9838 2364 2366 3354 
9839 7127 2767 7785 
9840 5105 5104 5106 
9841 3489 3490 3562 
9842 1141 1170 7701 
9843 7619 4354 7695 
9844 5644 5643 5645 
9845 3481 2956 7511 
9846 4197 3447 7217 
9847 2341 2342 2343 
9848 1501 1500 1502 
9849 2476 2475 2477 
9850 6733 6734 6735 
9851 1220 1219 1221 
9852 2967 2968 2969 
9853 3534 3181 4389 
9854 1466 1467 1468 
9855 1645 1647 7682 
9856 828 829 830 
9857 1986 1930 1998 
9858 4302 4873 4968 
9859 4189 4188 5692 
9860 3430 3886 4324 
9861 4896 6225 7380 
9862 2910 2909 2911 
9863 826 827 828 
9864 926 787 6163 
9865 3449 1118 7357 
9866 4371 4373 7868 
9867 4628 4143 5192 
9868 4532 4534 5674 
9869 5063 2777 7503 
9870 3345 3344 3346 
9871 1090 1092 3543 
9872 6011 4280 7530 
9873 1908 1843 2780 
9874 3952 3671 3953 
9875 3884 4163 4164 
9876 2289 893 6116 
9877 6176 6174 6177 
9878 1442 1437 1443 
9879 2104 2105 2106 
9880 4642 4571 4643 
9881 1095 1107 1108 
9882 1782 1781 1783 
9883 5005 2760 5020 
9884 2361 2362 3351 
9885 1218 1217 1219 
9886 2108 2109 2110 
9887 944 941 7582 
9888 4296 921 7643 
9889 5014 3934 5015 
9890 3632 4992 7414 
9891 5103 5102 5104 
9892 4669 4670 5195 
9893 6731 6732 6733 
9894 2110 2111 2112 
9895 2965 2966 2967 
9896 4493 4494 7573 
9897 2474 2473 2475 
9898 3175 3176 3808 
9899 1034 1035 1036 
9900 1344 1295 2171 
9901 2004 1999 2005 
9902 1326 4386 7408 
9903 1436 1435 1437 
9904 4409 4813 4815 
9905 7335 5868 7591 
9906 373 374 7487 
9907 1626 1562 7367 
9908 3339 3338 3340 
9909 4123 5321 5862 
9910 44 45 3152 
9911 1289 1290 1329 
9912 2681 1993 7403 
9913 3537 3529 7278 
9914 4251 4253 4562 
9915 3808 3809 4801 
9916 2051 2052 2056 
9917 2137 2138 7458 
9918 4157 5216 5217 
9919 1329 1330 1548 
9920 3989 5204 7610 
9921 5314 4193 5949 
9922 2745 2744 2746 
9923 2747 2746 2748 
9924 3335 3334 3336 
9925 4501 5869 5938 
9926 3242 3693 3694 
9927 1548 1549 1682 
9928 4171 3551 7379 
9929 6729 6730 6731 
9930 2963 2964 2965 
9931 2472 2471 2473 
9932 3683 4376 4377 
9933 773 3361 7710 
9934 3582 4176 4199 
9935 4570 4569 4571 
9936 7111 4750 7587 
9937 4828 4551 7366 
9938 5211 4145 5702 
9939 3655 3659 3661 
9940 4773 4345 7423 
9941 8158 3388 8267 
9942 3804 4094 4650 
9943 4343 7340 7423 
9944 2454 2455 2456 
9945 6681 6684 7300 
9946 2692 1309 7387 
9947 4255 4257 4520 
9948 1528 4355 5399 
9949 1911 1976 7523 
9950 1184 1276 7437 
9951 1780 1779 1781 
9952 3442 3935 3936 
9953 2547 2546 7272 
9954 3991 4145 5210 
9955 2749 2748 2750 
9956 1521 1569 7434 
9957 4618 4624 5205 
9958 5621 5622 5623 
9959 1157 1167 7845 
9960 7671 7341 7827 
9961 795 791 945 
9962 2049 2050 2051 
9963 1650 1651 1652 
9964 7648 2180 7830 
9965 1216 1215 1217 
9966 1430 1429 1431 
9967 7912 7361 8000 
9968 3223 2287 3226 
9969 3041 8196 8210 
9970 3650 4181 4515 
9971 7367 6050 8071 
9972 6727 6728 6729 
9973 2435 7345 7578 
9974 1652 1653 1654 
9975 3605 3603 7530 
9976 3189 2773 7534 
9977 1982 2016 2206 
9978 2259 3638 4653 
9979 1654 1679 1982 
9980 2961 2962 2963 
9981 3039 7947 8003 
9982 1972 2152 2153 
9983 1196 1197 1198 
9984 5101 5100 5102 
9985 3878 3877 3879 
9986 3123 3822 7531 
9987 2250 2251 3191 
9988 1382 2743 7746 
9989 2074 2227 7403 
9990 1962 1963 2077 
9991 2047 2048 2049 
9992 3331 3330 3332 
9993 7390 2863 7631 
9994 2100 2098 2101 
9995 1951 8010 8020 
9996 2604 2602 7535 
9997 2447 2445 2770 
9998 1497 1496 1498 
9999 4933 3901 4934 
10000 3575 3183 7622 
10001 3995 4424 4669 
10002 3113 3116 7589 
10003 3480 3481 3995 
10004 1988 2220 2226 
10005 6084 6087 7927 
10006 2443 2442 2444 
10007 4151 4932 5693 
10008 2008 2006 2093 
10009 7068 3138 8783 
10010 3145 2365 3366 
10011 5207 7316 7504 
10012 6725 6726 6727 
10013 3179 3851 4127 
10014 2168 1956 7364 
10015 6051 4282 7541 
10016 1287 1288 1289 
10017 1671 4001 5220 
10018 1778 1777 1779 
10019 2768 3241 3242 
10020 4094 3173 7526 
10021 6888 6886 6889 
10022 6723 6724 6725 
10023 2919 3844 4380 
10024 2714 4976 7397 
10025 372 373 7491 
10026 380 381 7472 
10027 3543 3656 4147 
10028 2077 2078 2250 
10029 45 46 7438 
10030 43 44 7439 
10031 5287 5286 5288 
10032 1379 1381 1382 
10033 4961 2147 7662 
10034 8042 1188 8044 
10035 2470 2469 2471 
10036 2096 2094 2097 
10037 1428 1427 1429 
10038 3403 3404 3768 
10039 2829 2827 2909 
10040 2795 2796 2930 
10041 3327 3326 3328 
10042 1361 1360 7337 
10043 604 602 7313 
10044 4151 5693 7554 
10045 1389 1388 7397 
10046 2603 2605 7549 
10047 3799 5056 7968 
10048 3876 3875 3877 
10049 3712 3469 3951 
10050 4426 4427 4428 
10051 4741 4743 4744 
10052 3951 3469 4502 
10053 4353 4734 4753 
10054 2376 2378 3911 
10055 1334 1544 7424 
10056 8779 4579 8786 
10057 4335 4661 5545 
10058 4058 5247 5248 
10059 3763 3147 7543 
10060 406 407 7470 
10061 4324 4916 4917 
10062 2349 2350 2351 
10063 2226 2284 2820 
10064 3515 4089 4091 
10065 5640 5639 5641 
10066 387 388 7475 
10067 2382 2380 7574 
10068 2959 2960 2961 
10069 1676 1675 1677 
10070 1776 1775 1777 
10071 1493 1492 1494 
10072 3143 3144 3403 
10073 5617 5618 5619 
10074 2362 2364 7619 
10075 2226 2220 2284 
10076 957 945 975 
10077 2218 2216 3192 
10078 6260 6262 6263 
10079 3960 3959 4569 
10080 4528 4530 5677 
10081 2825 2823 3928 
10082 5085 5086 5087 
10083 2468 2467 2469 
10084 8877 7786 8882 
10085 2432 2433 2434 
10086 2763 2764 2959 
10087 6721 6722 6723 
10088 5099 5098 5100 
10089 3574 3559 7547 
10090 1214 1213 1215 
10091 1273 1275 1287 
10092 394 395 7462 
10093 2260 2259 7526 
10094 2262 3182 7562 
10095 3346 3344 7850 
10096 4313 4311 5954 
10097 2820 3203 3204 
10098 2356 2358 2361 
10099 396 397 7466 
10100 6719 6720 6721 
10101 6672 6670 6885 
10102 8010 7073 8020 
10103 3057 3055 3058 
10104 1551 1567 2797 
10105 5990 5992 7937 
10106 4307 4282 6051 
10107 3543 4147 4375 
10108 4732 4962 6199 
10109 7359 3347 7360 
10110 3158 8186 8271 
10111 2144 2013 2158 
10112 1382 1381 1383 
10113 1350 7257 7501 
10114 4323 4280 6011 
10115 8038 4476 8082 
10116 1029 1030 1068 
10117 2253 2261 3179 
10118 5973 5972 5974 
10119 1875 1873 7733 
10120 1764 1765 1766 
10121 3988 5699 7977 
10122 3625 7222 7624 
10123 2950 3349 7389 
10124 5947 2771 7251 
10125 3741 3139 7565 
10126 3145 3755 3985 
10127 3443 3514 3515 
10128 1523 1573 7679 
10129 3874 3871 3875 
10130 6244 6243 6245 
10131 1320 1515 4636 
10132 2373 2019 7541 
10133 2792 2794 2795 
10134 3727 3825 4646 
10135 1878 2207 3635 
10136 2820 2284 3203 
10137 6031 3802 6033 
10138 4926 4928 6038 
10139 5097 5096 5098 
10140 2609 2607 3617 
10141 3439 4019 4925 
10142 2195 2229 2230 
10143 3682 3681 3959 
10144 1953 1893 7457 
10145 3755 3366 3823 
10146 4915 3800 7160 
10147 5046 5165 5166 
10148 2045 2046 2047 
10149 2450 2451 2452 
10150 2430 2431 2432 
10151 1417 1418 1419 
10152 1007 1008 1029 
10153 3968 4990 6182 
10154 3721 3341 7563 
10155 6680 6677 7564 
10156 1649 1646 7417 
10157 2175 2159 2213 
10158 3753 3415 3779 
10159 3404 3144 3923 
10160 6169 6166 6170 
10161 4941 5878 6943 
10162 63 64 533 
10163 62 63 7463 
10164 87 88 460 
10165 420 421 7471 
10166 92 93 2727 
10167 395 396 468 
10168 82 83 2732 
10169 398 399 540 
10170 421 422 450 
10171 401 402 481 
10172 84 85 536 
10173 404 405 538 
10174 410 411 535 
10175 412 413 2728 
10176 90 91 534 
10177 414 415 452 
10178 417 418 537 
10179 407 408 454 
10180 94 95 458 
10181 419 420 2729 
10182 70 71 541 
10183 73 74 464 
10184 77 78 7467 
10185 78 79 2730 
10186 76 77 542 
10187 80 81 462 
10188 68 69 2735 
10189 388 389 465 
10190 66 67 466 
10191 381 382 463 
10192 383 384 2731 
10193 385 386 544 
10194 376 377 2733 
10195 42 43 545 
10196 46 47 453 
10197 39 40 451 
10198 32 33 449 
10199 34 35 2737 
10200 378 379 543 
10201 413 414 7468 
10202 36 37 546 
10203 33 34 7479 
10204 375 376 7464 
10205 35 36 7484 
10206 79 80 7482 
10207 52 53 483 
10208 371 372 550 
10209 49 50 547 
10210 374 375 461 
10211 57 58 2738 
10212 59 60 467 
10213 55 56 549 
10214 370 371 7483 
10215 360 361 457 
10216 369 370 2736 
10217 61 62 2734 
10218 363 364 551 
10219 368 369 7488 
10220 365 366 2739 
10221 367 368 459 
10222 83 84 7473 
10223 56 57 7485 
10224 67 68 7474 
10225 81 82 7477 
10226 58 59 7492 
10227 377 378 7493 
10228 93 94 7469 
10229 69 70 7481 
10230 60 61 7486 
10231 384 385 7494 
10232 382 383 7478 
10233 91 92 7476 
10234 389 390 7495 
10235 390 391 2740 
10236 392 393 532 
10237 391 392 7496 
10238 1421 1438 1439 
10239 3448 3243 3671 
10240 1950 1925 7830 
10241 2184 643 7373 
10242 6717 6718 6719 
10243 3323 3322 3324 
10244 2466 2465 2467 
10245 1635 1861 1937 
10246 2549 2558 7616 
10247 4102 4100 5418 
10248 1661 1902 1962 
10249 1462 1463 1464 
10250 6601 6602 6603 
10251 5934 4949 5935 
10252 3158 5819 8186 
10253 3204 3203 3538 
10254 1194 1195 1196 
10255 4976 2716 7391 
10256 2126 2124 2776 
10257 4334 3678 7581 
10258 1212 1211 1213 
10259 3053 2612 3054 
10260 2132 2128 2133 
10261 3888 3226 3898 
10262 1146 1294 7433 
10263 2391 2393 7568 
10264 2690 1673 7336 
10265 6328 6330 6331 
10266 5887 7574 7772 
10267 2043 2044 2045 
10268 5271 5278 7221 
10269 3925 2726 5016 
10270 1893 1681 1964 
10271 2564 2563 3402 
10272 4000 4690 4691 
10273 982 975 1001 
10274 3529 4364 4365 
10275 1454 1455 1456 
10276 1086 7522 7763 
10277 1068 1030 1070 
10278 1489 1488 1490 
10279 1387 1386 1388 
10280 3204 3538 3962 
10281 3583 3568 4178 
10282 2464 2463 2465 
10283 3946 3449 7357 
10284 1569 1879 7434 
10285 6667 3052 7558 
10286 2632 3408 3913 
10287 7065 4197 7066 
10288 5835 5834 5836 
10289 5276 5283 7583 
10290 2441 2777 4568 
10291 941 939 7582 
10292 1547 1546 1586 
10293 2941 2952 3969 
10294 2452 2453 2454 
10295 1608 1334 7424 
10296 2770 2445 7592 
10297 1691 1677 1692 
10298 2351 2352 2360 
10299 4982 4981 4983 
10300 4365 4366 4441 
10301 4712 4713 4714 
10302 2120 2118 2121 
10303 1973 1974 2178 
10304 2200 2150 2774 
10305 5095 5094 5096 
10306 3573 4014 4411 
10307 4402 4300 7289 
10308 4966 7383 7687 
10309 2319 2321 2330 
10310 3435 2673 7322 
10311 3143 2537 3144 
10312 4375 4903 4904 
10313 7069 1634 7601 
10314 1390 1389 1391 
10315 3154 3122 3415 
10316 2397 2399 3436 
10317 2041 2042 2043 
10318 3354 2366 3469 
10319 683 8098 8121 
10320 6609 6607 6613 
10321 2546 2928 3214 
10322 3558 3571 4950 
10323 3524 3535 3536 
10324 2098 2097 7528 
10325 4442 5179 5493 
10326 2448 2449 2450 
10327 1390 3931 7539 
10328 3898 3226 4396 
10329 2689 1146 7433 
10330 5338 5004 5339 
10331 5613 5614 5615 
10332 2307 2306 8028 
10333 3504 2557 7616 
10334 3236 1928 7778 
10335 2138 2136 2139 
10336 3918 3836 4097 
10337 985 986 1007 
10338 4372 4370 4577 
10339 4710 4711 4712 
10340 1544 2693 7424 
10341 2142 2140 2222 
10342 4540 8321 8336 
10343 3804 3173 4094 
10344 821 823 7422 
10345 4247 4249 4275 
10346 7392 3782 7859 
10347 817 819 7421 
10348 3319 3318 3320 
10349 1292 1321 1376 
10350 1400 1399 1401 
10351 2153 3043 3044 
10352 3991 3951 4145 
10353 1458 1459 1460 
10354 2103 2101 2918 
10355 1877 2790 3950 
10356 1485 1484 1486 
10357 1210 1209 1211 
10358 8420 1353 8424 
10359 4386 1521 7434 
10360 4819 4820 4821 
10361 2039 2040 2041 
10362 1774 1773 1775 
10363 4406 4404 5919 
10364 1385 1383 1386 
10365 7179 7180 7181 
10366 3962 4894 5172 
10367 1405 1414 1415 
10368 3919 5006 5019 
10369 1877 3950 7828 
10370 1761 1762 1764 
10371 3962 3538 4894 
10372 1006 1001 1023 
10373 4524 4526 5688 
10374 7297 3714 7977 
10375 2114 2112 2115 
10376 5031 5029 5032 
10377 3214 3467 3860 
10378 2037 2038 2039 
10379 2108 2106 2109 
10380 5016 2726 7576 
10381 4368 3922 4575 
10382 5093 5092 5094 
10383 5233 4004 7552 
10384 3827 4303 7436 
10385 3555 3553 4919 
10386 3905 4946 5933 
10387 3750 4663 4715 
10388 2955 3353 3713 
10389 5054 3719 5055 
10390 3986 4400 5202 
10391 1029 1008 1030 
10392 6715 6716 6717 
10393 1441 1451 1452 
10394 2951 2759 3243 
10395 1208 1207 1209 
10396 362 7480 7490 
10397 5211 5702 5703 
10398 615 613 7606 
10399 5010 6674 8019 
10400 4020 3438 7587 
10401 4817 4818 4819 
10402 4708 4709 4710 
10403 5210 4145 5211 
10404 4494 4497 7573 
10405 7179 4154 7180 
10406 3983 5180 5181 
10407 1422 1413 1423 
10408 3253 2683 3254 
10409 2102 2101 2103 
10410 3202 3677 5042 
10411 1387 1388 1389 
10412 6492 6490 6493 
10413 3829 3830 4654 
10414 5022 3654 7747 
10415 6368 6370 6371 
10416 3985 3755 4025 
10417 1382 1383 1384 
10418 3046 3047 3367 
10419 3368 4005 4658 
10420 1695 1694 1696 
10421 2035 2036 2037 
10422 1528 1337 4355 
10423 5027 5025 5882 
10424 4375 4147 4903 
10425 2055 2165 7432 
10426 1845 3237 7778 
10427 7524 6458 7860 
10428 4994 7844 7930 
10429 3911 3912 4956 
10430 5609 5610 5611 
10431 1323 1308 3406 
10432 2259 2192 3638 
10433 3652 3733 3750 
10434 1300 1283 7585 
10435 6484 6482 6485 
10436 3342 3352 7575 
10437 3347 2950 7389 
10438 5636 5635 5637 
10439 7972 2359 8023 
10440 4397 4396 4429 
10441 6713 6714 6715 
10442 5764 5008 7370 
10443 2444 2442 2445 
10444 2755 2751 3444 
10445 4355 1337 7585 
10446 2033 2034 2035 
10447 2462 2461 2463 
10448 2214 2213 3180 
10449 6171 6170 6173 
10450 4703 4705 4706 
10451 3834 4069 4070 
10452 4701 4702 4703 
10453 4814 4816 4817 
10454 4706 4707 4708 
10455 6711 6712 6713 
10456 6488 6486 6489 
10457 5412 4824 5456 
10458 890 892 960 
10459 5605 5606 5607 
10460 2685 1274 7256 
10461 6496 6494 6497 
10462 4699 4700 4701 
10463 723 721 724 
10464 4978 4635 6469 
10465 2031 2032 2033 
10466 1178 1180 1181 
10467 2627 2624 7442 
10468 5043 5045 5046 
10469 970 956 1609 
10470 1294 1608 7433 
10471 2428 2429 2430 
10472 687 685 2772 
10473 6371 6373 7874 
10474 3034 2710 3681 
10475 5601 5602 5603 
10476 2111 2109 2769 
10477 6500 6498 6501 
10478 2104 2103 2105 
10479 5072 4378 5073 
10480 1666 1668 1669 
10481 2459 2457 2551 
10482 4497 4498 7751 
10483 1387 1389 1390 
10484 7343 4289 7677 
10485 3548 2631 7454 
10486 5597 5598 5599 
10487 5645 5647 5648 
10488 3344 3342 7575 
10489 770 774 2810 
10490 3635 3812 4093 
10491 2453 2451 2550 
10492 4973 1377 7746 
10493 719 717 720 
10494 6480 6478 6481 
10495 3547 3546 3578 
10496 4257 4259 7396 
10497 3768 3404 3775 
10498 6476 6474 6477 
10499 3518 3853 7902 
10500 3865 3867 3868 
10501 3356 3687 3688 
10502 5169 4586 5880 
10503 1859 1643 7450 
10504 1054 1055 1104 
10505 4120 4119 4824 
10506 4904 4903 5666 
10507 4697 4698 4699 
10508 2029 2030 2031 
10509 4518 4522 5691 
10510 1139 1132 2782 
10511 6472 6470 6473 
10512 929 927 7409 
10513 1303 1159 1304 
10514 949 944 4362 
10515 715 713 716 
10516 1772 1771 1773 
10517 4362 944 7582 
10518 3145 3366 3755 
10519 5593 5594 5595 
10520 2237 3365 3652 
10521 5184 7912 8000 
10522 1641 1350 7501 
10523 711 709 712 
10524 1170 1171 1324 
10525 1206 1205 1207 
10526 3633 651 7606 
10527 3315 3314 3316 
10528 5737 4750 7111 
10529 2027 2028 2029 
10530 1141 1142 1170 
10531 2317 2319 7404 
10532 4430 4429 5007 
10533 3261 2891 7645 
10534 707 705 708 
10535 6709 6710 6711 
10536 1170 1551 7701 
10537 1104 1105 1141 
10538 3403 3144 3404 
10539 3898 4396 4397 
10540 1087 1090 7522 
10541 2460 2459 2461 
10542 703 701 704 
10543 4691 4692 4693 
10544 693 691 696 
10545 1126 1110 1129 
10546 4695 4696 4697 
10547 4163 4896 7507 
10548 2025 2026 2027 
10549 2122 2121 2129 
10550 2434 2433 2435 
10551 4693 4694 4695 
10552 7306 3427 7509 
10553 699 697 700 
10554 1052 1020 2783 
10555 5091 5090 5092 
10556 3913 4095 4379 
10557 2134 2133 2135 
10558 3514 2787 7727 
10559 2444 2445 2446 
10560 4241 4243 4276 
10561 2713 2115 2765 
10562 3592 1808 7383 
10563 6504 6502 6505 
10564 5476 3537 7278 
10565 5641 5643 5644 
10566 4198 4178 5886 
10567 3185 3618 3914 
10568 2101 2098 7528 
10569 3943 3827 7436 
10570 3989 4632 5204 
10571 1445 1447 1448 
10572 1095 1064 1107 
10573 2116 2115 2713 
10574 2709 2706 2710 
10575 676 674 3051 
10576 3427 3884 7509 
10577 3233 7443 7725 
10578 3828 3944 4395 
10579 2110 2109 2111 
10580 5083 5084 5085 
10581 2568 2566 3501 
10582 1379 1380 1381 
10583 3241 2926 3452 
10584 2023 2024 2025 
10585 2768 2767 2926 
10586 2357 2355 2368 
10587 4650 4094 5432 
10588 4151 3693 4463 
10589 1332 1402 1403 
10590 2766 2765 2767 
10591 7633 4995 7727 
10592 1579 1581 1582 
10593 2259 4653 7526 
10594 3868 3869 3870 
10595 6455 6457 6458 
10596 3865 3212 3867 
10597 4442 4366 5013 
10598 4728 4729 7714 
10599 1101 1072 1106 
10600 2251 2253 7705 
10601 4382 5475 5481 
10602 5866 3587 8236 
10603 4104 3841 4168 
10604 4139 4150 5559 
10605 4379 4825 4826 
10606 1273 1271 1275 
10607 2021 2022 2023 
10608 6598 6600 6601 
10609 4042 5300 5301 
10610 4818 4816 7577 
10611 1699 1698 1700 
10612 1099 2954 7566 
10613 2106 2105 7451 
10614 3529 3504 4364 
10615 4397 4429 4430 
10616 2558 2547 7272 
10617 2446 2447 2448 
10618 979 980 985 
10619 5003 3722 5004 
10620 4098 4097 5416 
10621 6508 6506 6509 
10622 5480 4441 7453 
10623 2458 2457 2459 
10624 2083 2084 2282 
10625 3129 2368 3387 
10626 3183 2263 7622 
10627 1395 1396 1397 
10628 2129 2121 4387 
10629 4411 4412 4936 
10630 1269 1267 2785 
10631 3436 3437 3909 
10632 4826 5408 5409 
10633 807 809 7446 
10634 3694 3693 4151 
10635 5589 5590 5591 
10636 1412 1411 1413 
10637 1007 986 1008 
10638 6707 6708 6709 
10639 640 637 7877 
10640 2206 2016 7633 
10641 3599 6961 7689 
10642 1397 1399 1400 
10643 5218 4630 5757 
10644 7388 4587 8022 
10645 851 906 7638 
10646 2287 2168 7521 
10647 3311 3310 3312 
10648 1481 1480 1482 
10649 2557 2549 7616 
10650 3407 3406 3835 
10651 3242 3241 3693 
10652 6705 6706 6707 
10653 1012 1005 1056 
10654 1759 1760 1761 
10655 4892 3998 7689 
10656 7305 638 7632 
10657 680 678 790 
10658 4415 4413 7972 
10659 1502 1504 1505 
10660 657 655 1550 
10661 1433 1435 1436 
10662 3641 821 7422 
10663 819 3641 7421 
10664 1360 1610 2428 
10665 6079 6077 6080 
10666 1984 2020 2021 
10667 7423 2157 7712 
10668 653 651 3633 
10669 823 826 7422 
10670 1359 817 7421 
10671 2456 2455 2457 
10672 3506 3907 7655 
10673 1406 1401 1407 
10674 3589 3575 4180 
10675 3676 3678 4139 
10676 5089 5088 5090 
10677 4235 4237 4277 
10678 1770 1769 1771 
10679 4377 4376 4378 
10680 3643 3645 5011 
10681 1265 1263 1522 
10682 3880 3933 3934 
10683 638 641 7632 
10684 3475 3477 3478 
10685 3471 3473 3474 
10686 7181 7180 7183 
10687 1935 1936 2083 
10688 6885 3056 7839 
10689 3452 3954 3956 
10690 3870 3871 3873 
10691 7454 5881 8036 
10692 2435 2433 2437 
10693 2239 2180 7648 
10694 4167 3548 7454 
10695 2165 2278 7432 
10696 1828 1829 1830 
10697 2438 2441 2442 
10698 4906 4397 7555 
10699 2112 2111 7612 
10700 2662 608 7296 
10701 5004 3722 7730 
10702 1498 1500 1501 
10703 1933 1983 1984 
10704 1192 1193 1194 
10705 6703 6704 6705 
10706 3434 2627 7442 
10707 4430 5007 5008 
10708 5079 5080 5081 
10709 2546 2535 2928 
10710 3936 3935 5024 
10711 5014 5015 5866 
10712 2432 2431 2433 
10713 3876 3878 4153 
10714 4511 4513 4938 
10715 6469 3337 7854 
10716 1098 1100 2821 
10717 3832 3833 3834 
10718 5078 5076 5153 
10719 363 551 7480 
10720 4430 5764 7555 
10721 1406 3649 3650 
10722 1506 1508 1509 
10723 1594 1586 1614 
10724 5431 4848 5433 
10725 3873 3874 4188 
10726 4866 3860 7461 
10727 3993 4649 4972 
10728 1376 1377 4973 
10729 6950 2599 8026 
10730 4180 3575 7622 
10731 2450 2449 2451 
10732 2111 2769 4383 
10733 5081 5082 5083 
10734 5283 5281 5284 
10735 4075 3637 4847 
10736 1669 1670 1853 
10737 672 669 968 
10738 3691 3254 3695 
10739 1923 1924 1951 
10740 3582 3566 4176 
10741 1853 1854 1923 
10742 2631 3434 7454 
10743 5632 5631 5633 
10744 7238 4296 7643 
10745 2752 2750 7431 
10746 1922 1932 1933 
10747 1595 1596 7601 
10748 3402 4980 4981 
10749 1377 1321 1378 
10750 2135 2133 5041 
10751 5683 4870 5684 
10752 5637 5639 5640 
10753 1477 1476 1478 
10754 2016 2018 7633 
10755 2179 2763 7646 
10756 2527 2525 2929 
10757 2786 2206 2787 
10758 1425 1427 1428 
10759 3983 3467 3984 
10760 1292 1291 1320 
10761 3688 3728 4156 
10762 667 665 2775 
10763 4563 3695 4589 
10764 1379 1378 1380 
10765 1305 1304 1316 
10766 3878 3879 3880 
10767 3175 3808 4995 
10768 2366 2365 3145 
10769 2537 2439 7540 
10770 2760 1859 7450 
10771 921 822 7643 
10772 2431 2429 4390 
10773 5077 5078 5079 
10774 3307 3306 3308 
10775 3828 3827 3943 
10776 6692 6694 6695 
10777 5152 5150 5694 
10778 4309 7174 7731 
10779 1494 1496 1497 
10780 1204 1203 1205 
10781 1944 2079 2080 
10782 1831 4475 4476 
10783 3358 3727 7832 
10784 1255 1253 2784 
10785 2695 2696 2697 
10786 1259 1257 1556 
10787 1390 1391 1394 
10788 1809 1810 1811 
10789 803 805 7499 
10790 3340 3342 3343 
10791 1130 1129 1162 
10792 1768 1767 1769 
10793 3901 3763 7660 
10794 3913 4379 4398 
10795 2713 2765 2766 
10796 3868 3867 3869 
10797 1490 1492 1493 
10798 1643 1895 7450 
10799 2523 2521 2931 
10800 1982 2206 2786 
10801 6512 6510 6513 
10802 1652 1654 1997 
10803 4181 3649 5009 
10804 1108 1107 2742 
10805 1895 1641 7501 
10806 957 975 982 
10807 3876 3877 3878 
10808 3919 5019 7718 
10809 5024 3935 5891 
10810 6435 6433 6446 
10811 5692 4188 5810 
10812 5148 5146 5698 
10813 2364 2363 2365 
10814 3874 3875 3876 
10815 4505 4507 4945 
10816 1324 7702 7815 
10817 2766 2767 2768 
10818 4441 4366 4442 
10819 2556 3506 7655 
10820 1896 1916 1922 
10821 1839 1866 1896 
10822 1623 1678 1839 
10823 1593 1619 1623 
10824 8331 5903 8386 
10825 2163 2015 2221 
10826 1534 1575 1593 
10827 4365 4364 4366 
10828 1289 1288 1290 
10829 1292 1320 1321 
10830 5918 3929 6463 
10831 2463 2461 2937 
10832 2279 3542 4113 
10833 2768 2926 3241 
10834 799 801 7459 
10835 5087 5086 5088 
10836 1329 1290 1330 
10837 7373 645 7699 
10838 4896 7380 7507 
10839 1830 1836 1837 
10840 3880 3934 4901 
10841 3467 2928 7611 
10842 3044 3043 7505 
10843 1450 1529 1534 
10844 2750 2754 7431 
10845 3336 3338 3339 
10846 2167 1921 2274 
10847 3303 3302 3304 
10848 4151 4463 4932 
10849 3907 4203 4979 
10850 2786 7308 7664 
10851 5421 5423 6128 
10852 1486 1488 1489 
10853 3332 3334 3335 
10854 1548 1330 1549 
10855 663 661 1017 
10856 4164 4163 7507 
10857 2018 3175 7633 
10858 1671 5220 7797 
10859 5585 5586 5587 
10860 1065 1053 1072 
10861 2364 2365 2366 
10862 1448 1449 1450 
10863 4776 4783 7752 
10864 4425 7281 8020 
10865 1538 1361 7337 
10866 4487 4503 5708 
10867 2519 2517 2932 
10868 2160 2265 3663 
10869 4949 4307 7545 
10870 2080 2208 2209 
10871 4395 7944 7969 
10872 2653 929 7409 
10873 2435 2437 2438 
10874 795 945 957 
10875 3027 3029 3726 
10876 4475 4418 4482 
10877 4364 3504 7616 
10878 2298 2405 6822 
10879 3043 3381 7505 
10880 1090 3543 7522 
10881 7275 2628 7544 
10882 4618 3710 4624 
10883 4983 4981 4984 
10884 982 1001 1006 
10885 3683 2920 4376 
10886 1683 3937 7082 
10887 1757 1758 1759 
10888 5058 3199 7659 
10889 3442 2787 3443 
10890 4229 4231 4521 
10891 2452 2451 2453 
10892 1831 1810 4418 
10893 1615 1616 1665 
10894 1073 604 7313 
10895 2448 2447 2449 
10896 4620 3987 5194 
10897 4110 5421 7663 
10898 3579 3578 3580 
10899 1251 1249 1553 
10900 4480 4485 5713 
10901 3884 4164 7509 
10902 2454 2453 2455 
10903 3944 3943 4674 
10904 4303 5563 7436 
10905 2697 2698 2699 
10906 2285 2274 3528 
10907 6701 6702 6703 
10908 4678 4296 7238 
10909 6246 6245 6248 
10910 5144 5142 5707 
10911 6688 6690 6761 
10912 2515 2513 2933 
10913 6601 6603 7793 
10914 1837 1886 1887 
10915 898 1351 7597 
10916 3037 3038 3355 
10917 2698 2696 4435 
10918 2333 2332 2334 
10919 2742 1107 4399 
10920 2446 2445 2447 
10921 3697 3696 4584 
10922 1155 1121 7566 
10923 4358 4360 4975 
10924 3870 3869 3871 
10925 4432 4428 4433 
10926 3556 3555 7750 
10927 5140 5138 5711 
10928 6263 6266 6267 
10929 4901 5014 5710 
10930 1006 1023 1050 
10931 1582 1583 1615 
10932 2159 2158 7625 
10933 3707 6083 6084 
10934 2438 2437 2441 
10935 2109 2106 7451 
10936 3402 2563 4980 
10937 2389 7523 7617 
10938 4470 4472 4955 
10939 4207 4208 7774 
10940 2467 2465 2552 
10941 3526 4110 7663 
10942 4092 4091 4112 
10943 2511 2509 2934 
10944 2920 1182 7437 
10945 3647 3831 3832 
10946 2237 2056 2956 
10947 4422 4437 5813 
10948 2118 2116 7542 
10949 2430 2429 2431 
10950 1394 1391 1395 
10951 3214 2928 3467 
10952 4461 4468 5740 
10953 4448 4459 5755 
10954 2473 2471 2939 
10955 1202 1201 1203 
10956 2145 1938 2146 
10957 977 978 979 
10958 2699 2700 2701 
10959 2705 2700 2706 
10960 2918 2101 7528 
10961 4439 4446 5766 
10962 5136 5134 5721 
10963 2507 2505 2935 
10964 2910 2911 3037 
10965 1988 2226 7556 
10966 1360 1312 1610 
10967 6244 6246 6247 
10968 3860 3467 3983 
10969 3515 4091 4092 
10970 5132 5130 5735 
10971 2265 2161 2266 
10972 1994 1886 1995 
10973 1290 1288 3634 
10974 2213 2159 7625 
10975 7529 6601 7793 
10976 809 999 7446 
10977 3508 3509 4050 
10978 2160 1995 2161 
10979 1422 2694 2695 
10980 1162 1129 4867 
10981 2487 2485 2554 
10982 1578 1579 7425 
10983 4442 5013 5179 
10984 1287 1275 1288 
10985 3911 4956 4988 
10986 1245 1243 1598 
10987 3782 4764 7598 
10988 2209 2269 2270 
10989 1409 1411 1412 
10990 3328 3330 3331 
10991 2501 2499 2555 
10992 6699 6700 6701 
10993 1536 1537 1578 
10994 2481 2479 2553 
10995 872 874 1356 
10996 3180 2213 3181 
10997 2477 2475 2940 
10998 645 647 7699 
10999 4868 5221 5333 
11000 1436 1437 1442 
11001 4781 4778 7752 
11002 4225 4227 4490 
11003 2786 2787 3442 
11004 2497 2495 2936 
11005 6129 4961 7662 
11006 2362 2363 2364 
11007 1400 7341 7671 
11008 4934 6212 8069 
11009 2493 2491 2938 
11010 3226 2287 7521 
11011 5126 5124 5155 
11012 1316 1304 4408 
11013 3368 4658 7715 
11014 2406 2404 6865 
11015 6411 6408 6416 
11016 3411 3827 3828 
11017 2362 2358 2363 
11018 1482 1484 1485 
11019 1755 1756 1757 
11020 7488 2736 7489 
11021 1442 1443 2805 
11022 1879 1988 7556 
11023 2077 1963 2078 
11024 5886 4178 5887 
11025 4773 7423 7712 
11026 3952 3953 5066 
11027 3478 3479 3508 
11028 373 7487 7491 
11029 4642 4643 5200 
11030 5122 5120 5796 
11031 1122 1135 1604 
11032 2628 2632 7544 
11033 1836 1829 3653 
11034 2361 2358 2362 
11035 3152 45 7438 
11036 44 3152 7439 
11037 3873 3871 3874 
11038 1239 1237 1533 
11039 4663 3733 4667 
11040 1511 1512 1536 
11041 4988 4956 6181 
11042 5118 5116 5854 
11043 3835 3406 4394 
11044 2612 2609 7536 
11045 6317 6316 7788 
11046 1235 1233 2788 
11047 3543 4375 7522 
11048 4442 5493 7453 
11049 2429 1610 7629 
11050 2250 2078 2251 
11051 878 880 965 
11052 1962 1902 1963 
11053 1549 1330 1558 
11054 2522 2524 7922 
11055 4050 4051 4868 
11056 457 361 7490 
11057 6069 6066 6070 
11058 783 788 789 
11059 1200 1199 1201 
11060 3661 3659 3696 
11061 3922 3694 7554 
11062 6331 6332 6333 
11063 2829 2909 2910 
11064 4221 4223 4477 
11065 1394 1395 2779 
11066 3998 3599 7689 
11067 2439 2434 7578 
11068 4972 5896 7220 
11069 1509 1510 1511 
11070 2364 3354 7619 
11071 868 870 2800 
11072 3129 3722 5002 
11073 2128 2126 7548 
11074 4331 2343 7274 
11075 4199 4176 5874 
11076 7066 4197 7217 
11077 3699 2946 7736 
11078 5020 7928 7988 
11079 2756 2948 7736 
11080 3470 3471 7429 
11081 5106 5104 5157 
11082 6084 6086 6087 
11083 5075 5076 5077 
11084 2178 2179 7646 
11085 6697 6698 6699 
11086 3179 2261 3851 
11087 2013 1953 7538 
11088 3180 3181 3533 
11089 5633 5635 5636 
11090 1153 803 7499 
11091 1665 1666 7654 
11092 5747 4892 5752 
11093 4426 4070 4427 
11094 6221 2808 8686 
11095 5112 5110 5156 
11096 2269 2208 2912 
11097 4127 3851 5171 
11098 2168 7364 7521 
11099 4817 4819 5413 
11100 3365 2956 3480 
11101 7173 4290 7791 
11102 1190 1191 1192 
11103 4992 4993 7617 
11104 5271 5274 5278 
11105 4966 3592 7383 
11106 7434 1879 7556 
11107 4380 4381 4382 
11108 3345 3346 3470 
11109 3442 3443 3935 
11110 4901 3934 5014 
11111 2750 2751 2754 
11112 801 1153 7459 
11113 2147 1944 7662 
11114 3919 2178 4384 
11115 5628 5627 5629 
11116 7317 1381 7776 
11117 4217 4219 4458 
11118 1559 1558 1660 
11119 1661 1660 1901 
11120 7522 4375 7763 
11121 4934 3901 7660 
11122 1473 1472 1474 
11123 1225 1223 2798 
11124 4570 4571 4642 
11125 2051 2056 2237 
11126 1376 1321 1377 
11127 1229 1227 1554 
11128 805 3049 7499 
11129 5073 4378 5074 
11130 4409 4408 4410 
11131 1320 4636 7516 
11132 3324 3326 3327 
11133 4213 4215 4278 
11134 1828 1815 1829 
11135 3049 807 7446 
11136 1149 1113 2807 
11137 1181 1180 1182 
11138 5416 4097 5417 
11139 3299 3298 3300 
11140 860 862 2799 
11141 3839 4846 5523 
11142 6670 6667 7558 
11143 2746 2744 4419 
11144 856 858 1358 
11145 2969 2971 3942 
11146 2975 2977 3738 
11147 2811 2185 2812 
11148 864 866 966 
11149 3343 3344 3345 
11150 1171 1878 7702 
11151 2981 2983 3737 
11152 4813 4410 4814 
11153 3925 5016 5017 
11154 374 461 7487 
11155 7712 7252 7826 
11156 1152 1151 1291 
11157 2434 2435 7578 
11158 1428 1429 1430 
11159 1647 2376 7682 
11160 1893 1964 7457 
11161 2965 2967 3739 
11162 1681 1649 7550 
11163 2035 2037 2177 
11164 3983 3984 5180 
11165 2680 799 7459 
11166 3750 3733 4663 
11167 3533 3534 4119 
11168 789 791 795 
11169 7412 5005 7764 
11170 4701 4703 5001 
11171 3715 3187 3717 
11172 2691 7412 7764 
11173 5073 5074 5075 
11174 2045 2047 2234 
11175 1324 1171 7702 
11176 4712 4714 5824 
11177 1797 1795 2801 
11178 2039 2041 3042 
11179 641 2184 7632 
11180 2029 2031 3040 
11181 1430 1431 2726 
11182 1766 1765 1767 
11183 1031 1057 2677 
11184 1805 1803 2802 
11185 850 852 967 
11186 985 980 986 
11187 4502 3469 7594 
11188 4404 4402 7567 
11189 1198 1197 1199 
11190 2025 2027 2176 
11191 2116 2713 7542 
11192 3983 5181 7461 
11193 4695 4697 4997 
11194 2987 2989 3736 
11195 846 848 2803 
11196 4920 4919 5820 
11197 1801 1799 1824 
11198 3437 3439 7537 
11199 4691 4693 6204 
11200 2991 2993 3965 
11201 1902 1901 1973 
11202 1469 1468 1470 
11203 828 830 1970 
11204 4599 4600 5183 
11205 2961 2963 3994 
11206 3448 3671 3952 
11207 7810 7195 7915 
11208 1384 1383 1385 
11209 1813 1811 7551 
11210 3652 3365 3733 
11211 2428 1610 2429 
11212 2854 2856 3816 
11213 2848 2850 3673 
11214 3835 4394 4823 
11215 1809 1807 1810 
11216 2115 2112 7612 
11217 5085 5084 5086 
11218 1793 1791 1826 
11219 2844 2846 3817 
11220 4708 4710 5864 
11221 2763 2959 3740 
11222 3533 3181 3534 
11223 838 840 2804 
11224 2858 2860 3815 
11225 4097 3836 7668 
11226 2021 2023 3036 
11227 1937 1861 1938 
11228 3650 3649 4181 
11229 2862 2864 3674 
11230 2251 2078 2252 
11231 842 844 959 
11232 6346 6349 7133 
11233 1316 4408 4409 
11234 4441 4442 7453 
11235 2347 2346 2348 
11236 1563 1344 7605 
11237 1783 1781 2806 
11238 7728 2146 7836 
11239 1113 1068 7519 
11240 2840 2842 3818 
11241 3960 4569 4570 
11242 5084 5082 5154 
11243 6295 6298 7043 
11244 4119 3534 4554 
11245 3763 7543 7660 
11246 1973 2178 3919 
11247 5416 5417 5454 
11248 3571 3573 7557 
11249 1377 1379 7746 
11250 4261 4263 4271 
11251 834 836 958 
11252 4150 4335 7532 
11253 3635 4093 4998 
11254 1400 1401 1406 
11255 1933 1984 2233 
11256 3568 2382 7574 
11257 3381 4353 7505 
11258 3320 3322 3323 
11259 6695 6696 6697 
11260 4026 5375 7916 
11261 3480 3995 4010 
11262 5052 3939 7866 
11263 3724 4140 4622 
11264 1054 1104 3642 
11265 6371 6372 6373 
11266 4409 4410 4813 
11267 2694 7579 7580 
11268 3145 3985 7594 
11269 5021 3651 7654 
11270 4389 3181 7625 
11271 5079 5078 5080 
11272 3581 3580 3636 
11273 4813 4814 5415 
11274 1787 1785 1823 
11275 4998 4093 5442 
11276 550 372 7491 
11277 381 463 7472 
11278 1196 1195 1197 
11279 4307 6051 7545 
11280 46 453 7438 
11281 545 43 7439 
11282 2951 3243 3448 
11283 1321 1320 7516 
11284 1448 1450 5000 
11285 1219 1217 1555 
11286 5559 4150 7532 
11287 3489 3562 3902 
11288 1170 1324 1551 
11289 1271 1269 7590 
11290 2997 2999 3734 
11291 3694 4151 7554 
11292 2682 2917 7937 
11293 3355 3356 7661 
11294 3836 3835 7668 
11295 1551 1324 1552 
11296 4396 3226 7521 
11297 1839 1896 1897 
11298 670 5864 8249 
11299 3218 6291 7722 
11300 3001 3003 3971 
11301 1308 1305 7569 
11302 3039 6204 7947 
11303 5874 4176 5875 
11304 1944 1891 2079 
11305 4311 4309 7731 
11306 1344 2171 7605 
11307 7694 2802 7863 
11308 1549 1558 1559 
11309 3986 3483 4400 
11310 3368 3367 4004 
11311 1215 1213 2808 
11312 2868 2870 3814 
11313 6911 6909 7883 
11314 3222 6342 7719 
11315 1579 1582 7425 
11316 7956 3902 8086 
11317 3316 3318 3319 
11318 2111 4383 7612 
11319 407 454 7470 
11320 1385 1386 1387 
11321 5935 4949 7545 
11322 5003 5004 5338 
11323 7523 4992 7617 
11324 388 465 7475 
11325 1068 1070 7519 
11326 4397 4430 7555 
11327 3356 3688 7661 
11328 1889 1887 7561 
11329 3828 3943 3944 
11330 1443 1445 7570 
11331 2253 2252 2254 
11332 1559 1660 1661 
11333 1478 1480 1481 
11334 6234 6238 6255 
11335 1534 1593 1605 
11336 3909 3437 7537 
11337 4474 3877 7928 
11338 2261 2254 3046 
11339 3144 2537 7540 
11340 3682 3959 3960 
11341 1070 1176 4417 
11342 7612 4383 7785 
11343 395 468 7462 
11344 2955 2707 3353 
11345 3688 4156 4157 
11346 3335 3336 7460 
11347 2769 2109 7451 
11348 468 396 7466 
11349 6111 4961 6129 
11350 1378 1321 7516 
11351 1084 7050 7767 
11352 2227 2941 7607 
11353 3643 3044 3644 
11354 1980 1919 7779 
11355 3923 3144 7540 
11356 3331 3332 7452 
11357 1064 1052 7593 
11358 1442 2805 2822 
11359 3745 3744 3746 
11360 2754 2755 2758 
11361 1110 1108 7586 
11362 3907 4979 7655 
11363 3925 5017 5018 
11364 1159 1139 7588 
11365 1779 1777 1825 
11366 2750 2748 2751 
11367 647 1054 7699 
11368 2337 2336 2338 
11369 4005 4004 5232 
11370 7926 775 7941 
11371 5077 5076 5078 
11372 2758 2759 2950 
11373 3295 3294 3296 
11374 1422 1423 2694 
11375 63 533 7463 
11376 2734 62 7463 
11377 92 2727 7476 
11378 2732 83 7473 
11379 80 462 7482 
11380 2729 420 7471 
11381 421 450 7471 
11382 383 2731 7478 
11383 2727 93 7469 
11384 414 452 7468 
11385 542 77 7467 
11386 459 368 7488 
11387 2728 413 7468 
11388 78 2730 7467 
11389 385 544 7494 
11390 461 375 7464 
11391 68 2735 7474 
11392 57 2738 7485 
11393 2737 35 7484 
11394 449 33 7479 
11395 34 2737 7479 
11396 378 543 7493 
11397 82 2732 7477 
11398 36 546 7484 
11399 2735 69 7481 
11400 84 536 7473 
11401 376 2733 7464 
11402 462 81 7477 
11403 466 67 7474 
11404 371 550 7483 
11405 59 467 7492 
11406 2736 370 7483 
11407 2730 79 7482 
11408 94 458 7469 
11409 549 56 7485 
11410 70 541 7481 
11411 2738 58 7492 
11412 2733 377 7493 
11413 369 2736 7488 
11414 467 60 7486 
11415 463 382 7478 
11416 2731 384 7494 
11417 61 2734 7486 
11418 534 91 7476 
11419 465 389 7495 
11420 390 2740 7495 
11421 392 532 7496 
11422 2740 391 7496 
11423 2872 2874 3813 
11424 3695 3254 4999 
11425 1381 1380 7776 
11426 2876 2878 3675 
11427 3860 3983 7461 
11428 7058 3626 7738 
11429 3046 3367 3368 
11430 1267 1265 7599 
11431 3129 3387 3722 
11432 1764 1762 1765 
11433 7508 1563 7605 
11434 3471 3474 7429 
11435 2584 2586 3197 
11436 3361 4000 7710 
11437 6071 6070 6076 
11438 3469 2366 7594 
11439 5752 4892 7689 
11440 2941 3969 7607 
11441 1567 1552 1595 
11442 5042 3677 5043 
11443 2121 2118 7542 
11444 1406 1407 3649 
11445 1728 1731 1733 
11446 2661 896 7597 
11447 4181 5009 5010 
11448 3007 3009 3732 
11449 1551 1552 1567 
11450 7403 2227 7607 
11451 2237 2956 3365 
11452 2146 1938 3654 
11453 1322 1645 7739 
11454 1661 1901 1902 
11455 2948 2752 7431 
11456 7464 2733 7465 
11457 1430 2726 3924 
11458 2349 2348 2350 
11459 5002 3722 5003 
11460 3919 4384 5006 
11461 4501 5938 7751 
11462 1431 1433 7576 
11463 2946 2756 7736 
11464 5081 5080 5082 
11465 5166 5165 5851 
11466 2126 2776 7548 
11467 3984 3467 7611 
11468 5083 5082 5084 
11469 691 687 7596 
11470 4157 4156 4648 
11471 4195 5990 7937 
11472 1597 1595 1634 
11473 3892 3746 4108 
11474 3120 3451 7760 
11475 3212 2691 7764 
11476 6244 6245 6246 
11477 3924 3925 7644 
11478 2910 3037 3357 
11479 3645 3644 3646 
11480 4663 4667 5229 
11481 3034 3681 3682 
11482 2909 2827 7670 
11483 5075 5074 5076 
11484 4022 4391 4392 
11485 5046 5045 5165 
11486 4348 4108 4850 
11487 2822 2823 2824 
11488 3591 3589 7604 
11489 2535 2527 7615 
11490 4604 4201 6632 
11491 5624 5623 5625 
11492 2133 2128 7548 
11493 2251 2252 2253 
11494 5875 7648 7830 
11495 5269 5271 7221 
11496 2357 2368 3129 
11497 5629 5631 5632 
11498 1830 1829 1836 
11499 1811 1810 1831 
11500 3021 3023 3975 
11501 6889 3060 7939 
11502 1377 1378 1379 
11503 3841 3591 7603 
11504 1831 4418 4475 
11505 1305 1316 7569 
11506 4475 4482 5916 
11507 4732 6199 7714 
11508 1423 1425 7579 
11509 2632 3913 7544 
11510 4729 4732 7714 
11511 1474 1476 1477 
11512 2146 3654 3655 
11513 7518 3018 7799 
11514 1567 1595 1597 
11515 2341 2340 2342 
11516 2825 3928 7670 
11517 3054 2612 7536 
11518 2253 2254 2261 
11519 1152 1291 1292 
11520 3013 3015 3731 
11521 1753 1754 1755 
11522 2351 2350 2352 
11523 4520 4257 7396 
11524 2560 2538 7652 
11525 6458 6459 6460 
11526 3175 4995 7633 
11527 2158 2013 7538 
11528 4157 5217 7661 
11529 1926 1972 7742 
11530 4424 3481 7944 
11531 4575 3922 7554 
11532 5264 5263 5265 
11533 2824 2825 2826 
11534 2445 2442 7592 
11535 5874 5875 6636 
11536 2683 2145 7728 
11537 6739 6741 6742 
11538 3312 3314 3315 
11539 1211 1209 1588 
11540 3448 4908 8006 
11541 4157 4648 5216 
11542 1953 7457 7538 
11543 3291 3290 3292 
11544 2765 2115 7612 
11545 1903 1960 7808 
11546 2525 2523 7627 
11547 1837 1836 1886 
11548 1961 1904 2375 
11549 678 676 7609 
11550 6885 6670 7558 
11551 3323 3324 7500 
11552 1257 1255 7630 
11553 2153 3044 3643 
11554 2301 2303 4306 
11555 2609 3617 7536 
11556 4775 4773 7712 
11557 2763 3740 7646 
11558 3017 3019 3974 
11559 1761 1760 1762 
11560 2822 2805 2823 
11561 1666 1669 7654 
11562 2703 2701 7525 
11563 3655 3654 3658 
11564 655 653 7614 
11565 3474 3475 7706 
11566 6473 3333 7989 
11567 2283 2282 3201 
11568 2265 2266 3672 
11569 1108 2742 7586 
11570 6458 6460 7860 
11571 5560 5559 5767 
11572 674 672 7600 
11573 2882 2884 3679 
11574 1511 1536 1565 
11575 4290 4741 7791 
11576 6788 4265 8012 
11577 2160 2161 2265 
11578 2366 3145 7594 
11579 2080 2079 2208 
11580 1994 1995 2160 
11581 1887 1886 1994 
11582 5421 6128 7663 
11583 2145 2146 7728 
11584 2950 2951 3349 
11585 4390 2429 7629 
11586 4822 4046 5061 
11587 4599 3699 4600 
11588 3287 3286 3288 
11589 690 773 7758 
11590 4050 4868 4869 
11591 1194 1193 1195 
11592 2442 2441 7592 
11593 4456 4561 8004 
11594 1188 1189 1190 
11595 1635 1634 1858 
11596 5043 3677 5044 
11597 4778 4776 7752 
11598 5970 5972 5973 
11599 2754 2751 2755 
11600 2705 2706 2709 
11601 3478 3508 4076 
11602 2376 3911 7682 
11603 1878 3635 7702 
11604 2314 2313 2315 
11605 7062 8122 8137 
11606 4498 4501 7751 
11607 4335 5545 7532 
11608 2521 2519 7635 
11609 2826 2827 2828 
11610 4418 7694 7863 
11611 2209 2208 2269 
11612 1964 1681 7550 
11613 2824 2823 2825 
11614 1649 7417 7550 
11615 3439 4925 7537 
11616 6070 7645 7890 
11617 4005 5232 5461 
11618 3339 3340 7709 
11619 2765 7612 7785 
11620 6901 6900 8078 
11621 1253 1251 7634 
11622 1773 1771 1822 
11623 7455 7159 7770 
11624 7569 1316 7823 
11625 4980 7392 7859 
11626 1412 1413 1422 
11627 1861 1858 1935 
11628 3924 2726 3925 
11629 7545 3600 7948 
11630 2083 2282 2283 
11631 2572 2570 3500 
11632 2695 2694 2696 
11633 2826 2825 2827 
11634 7542 2713 7809 
11635 1551 2797 7701 
11636 1519 5190 7769 
11637 4139 5559 5560 
11638 5919 4404 7567 
11639 3960 4570 4639 
11640 4001 3651 4002 
11641 3448 3952 4908 
11642 2253 3179 7705 
11643 1615 1665 1671 
11644 7681 7195 7810 
11645 4988 6181 7865 
11646 3343 3345 3498 
11647 3202 3201 3676 
11648 4113 4114 5458 
11649 3368 4004 4005 
11650 3927 4414 4768 
11651 2949 1306 3270 
11652 1671 1665 3651 
11653 2709 2710 3034 
11654 2517 2515 7641 
11655 2828 2829 2830 
11656 2270 2269 3409 
11657 1100 1099 1121 
11658 669 667 7623 
11659 1596 1552 7815 
11660 3475 3478 7706 
11661 2828 2827 2829 
11662 6735 6737 6753 
11663 4402 7289 7567 
11664 2441 4568 7592 
11665 2813 2812 2814 
11666 7540 2439 7578 
11667 3614 778 6209 
11668 2805 1443 7570 
11669 5262 5260 5263 
11670 6384 2802 8285 
11671 1597 1634 1635 
11672 2758 2755 2759 
11673 2705 2709 2957 
11674 5735 2418 8483 
11675 1122 1121 1134 
11676 3444 2751 7726 
11677 3573 4411 7557 
11678 3206 3028 7735 
11679 3181 2213 7625 
11680 3833 3831 4662 
11681 4950 3571 7557 
11682 3332 3335 7452 
11683 4178 3568 7574 
11684 2950 2759 2951 
11685 3647 3646 3829 
11686 1576 1539 6155 
11687 1922 1933 7686 
11688 5417 4097 7668 
11689 1249 1247 7647 
11690 3319 3320 7517 
11691 2564 3402 7626 
11692 3828 4395 7711 
11693 2513 2511 7653 
11694 4387 2121 7542 
11695 4959 7455 7770 
11696 3452 3956 7639 
11697 3336 3339 7460 
11698 4267 4269 4270 
11699 1135 1134 1151 
11700 665 663 7628 
11701 3990 6113 6115 
11702 1597 1635 7846 
11703 4593 3973 4594 
11704 5045 5044 5569 
11705 2509 2507 7656 
11706 3406 1308 7569 
11707 7360 3347 7389 
11708 1671 3651 4001 
11709 1312 1149 7650 
11710 3241 3452 7639 
11711 2343 2342 2344 
11712 6646 5001 8175 
11713 3034 3682 3720 
11714 4983 4984 5345 
11715 2766 7333 7809 
11716 7782 7184 7960 
11717 5620 5619 5621 
11718 6731 6733 6754 
11719 2380 2377 7772 
11720 1972 2153 7742 
11721 3443 3515 7613 
11722 5298 5351 5352 
11723 2459 2551 7651 
11724 1098 1097 1099 
11725 4435 2696 7580 
11726 3068 7529 7793 
11727 5248 5249 5250 
11728 3834 3833 4069 
11729 4376 2920 7437 
11730 3340 3343 7709 
11731 1853 1923 1979 
11732 1465 1464 1466 
11733 4392 4393 5360 
11734 3566 2239 7648 
11735 1205 1203 1532 
11736 1944 2080 7662 
11737 3713 3353 3989 
11738 6648 4997 8077 
11739 1635 1858 1861 
11740 3033 2198 3891 
11741 2699 2702 7946 
11742 2499 2497 7665 
11743 3643 3644 3645 
11744 4463 3693 7639 
11745 6725 6727 6743 
11746 3655 3658 3659 
11747 1182 1184 7437 
11748 7193 1931 7782 
11749 974 954 1971 
11750 2697 2696 2698 
11751 1201 1199 2809 
11752 3315 3316 7515 
11753 2495 2493 7666 
11754 5009 3649 7667 
11755 2356 2357 2358 
11756 1167 2949 7845 
11757 1006 1050 1096 
11758 4000 4691 7710 
11759 2359 2345 5040 
11760 3243 2759 7717 
11761 6843 8356 8382 
11762 3304 3306 3307 
11763 1729 8032 8151 
11764 1407 1409 7667 
11765 3283 3282 3284 
11766 1139 2782 7588 
11767 2049 2051 7681 
11768 7405 4386 7795 
11769 1129 1110 7586 
11770 3308 3310 3311 
11771 5625 5627 5628 
11772 6886 6885 7839 
11773 3193 2060 7693 
11774 1052 2783 7593 
11775 2063 3689 5730 
11776 894 2661 7608 
11777 1304 1159 7588 
11778 3659 3658 3660 
11779 3832 3831 3833 
11780 7702 4998 7815 
11781 1684 1683 7082 
11782 4584 4585 5071 
11783 3202 3676 3677 
11784 1461 1460 1462 
11785 2726 1431 7576 
11786 2295 2293 6833 
11787 5954 4311 7731 
11788 870 872 7678 
11789 687 2772 7596 
11790 1759 1758 1760 
11791 1107 1064 7593 
11792 4584 3696 4585 
11793 5041 2133 7548 
11794 3459 3457 3460 
11795 2283 3201 3202 
11796 1831 4476 7551 
11797 6630 3928 7955 
11798 1470 1472 1473 
11799 2744 1384 7753 
11800 4632 4436 4633 
11801 1703 1702 1704 
11802 1121 1099 7566 
11803 1034 1016 1035 
11804 4579 6097 8786 
11805 3655 3661 7836 
11806 1634 1595 7601 
11807 7568 3436 7819 
11808 3254 2683 7728 
11809 7184 1985 7803 
11810 2354 6462 7783 
11811 2310 2309 2311 
11812 5193 4333 5816 
11813 4600 3699 7736 
11814 1527 1571 1894 
11815 3324 3327 7500 
11816 1445 1448 7570 
11817 1275 1271 7590 
11818 6655 1832 7773 
11819 1654 1982 7664 
11820 3351 7619 7695 
11821 7488 7489 7740 
11822 1928 1845 7778 
11823 1269 2785 7590 
11824 4292 3872 4293 
11825 4409 4815 7823 
11826 2755 3444 7717 
11827 5013 4366 7820 
11828 5891 3935 7613 
11829 3693 3241 7639 
11830 3546 3424 7862 
11831 866 868 7684 
11832 2237 3652 7681 
11833 5810 4188 7669 
11834 2095 7130 7801 
11835 1751 1752 1753 
11836 2479 2477 7674 
11837 4274 4660 5526 
11838 4554 8193 8221 
11839 4384 2178 7646 
11840 1096 1050 1097 
11841 5616 5615 5617 
11842 3913 4398 7544 
11843 696 691 7596 
11844 4134 4135 4136 
11845 2696 2694 7580 
11846 6076 6070 7890 
11847 1186 1187 1188 
11848 2356 2355 2357 
11849 2694 1423 7579 
11850 2080 2209 7707 
11851 7739 4988 7865 
11852 1767 1765 1821 
11853 1811 1831 7551 
11854 4168 3841 7603 
11855 1182 1183 1184 
11856 5043 5044 5045 
11857 7511 7200 7969 
11858 2699 2698 2700 
11859 862 864 7683 
11860 4208 4211 7774 
11861 4171 7379 7816 
11862 2785 1267 7599 
11863 1380 4328 7776 
11864 858 860 7685 
11865 4816 4410 7878 
11866 2701 2700 2705 
11867 1192 1191 1193 
11868 3648 7505 7757 
11869 3645 3646 3647 
11870 986 980 1655 
11871 2475 2473 7675 
11872 1882 1881 2057 
11873 1179 1177 2185 
11874 3935 3443 7613 
11875 4188 3874 7669 
11876 3987 3713 7610 
11877 3589 4180 7604 
11878 6719 6721 6744 
11879 2928 2535 7615 
11880 2343 2344 7274 
11881 5196 4633 5197 
11882 1070 1030 1175 
11883 2925 2924 3122 
11884 6009 4959 7770 
11885 676 3051 7609 
11886 1036 1037 1038 
11887 2312 2311 2313 
11888 3989 3353 4436 
11889 5183 4600 5184 
11890 7789 4367 7825 
11891 653 3633 7614 
11892 6135 5987 8155 
11893 2354 2355 2356 
11894 2527 2929 7615 
11895 2563 2560 7652 
11896 1135 1151 1152 
11897 2431 4390 7649 
11898 4416 5354 5355 
11899 1265 1522 7599 
11900 1807 1805 7694 
11901 1815 1813 7688 
11902 1550 655 7614 
11903 1466 1468 1469 
11904 2787 2206 7727 
11905 1197 1195 1589 
11906 1757 1756 1758 
11907 3051 674 7600 
11908 6390 1949 8018 
11909 4824 4119 7642 
11910 5739 5182 8153 
11911 592 594 7926 
11912 3925 5018 7644 
11913 2422 5882 8252 
11914 848 850 7696 
11915 2566 2564 7626 
11916 1184 1185 1186 
11917 2317 7404 8063 
11918 1100 1121 1122 
11919 3710 3351 7695 
11920 7556 3920 7795 
11921 3876 4153 7669 
11922 4131 4133 5525 
11923 795 957 1851 
11924 4149 3843 7913 
11925 3688 4157 7661 
11926 2929 2525 7627 
11927 1887 1994 7561 
11928 1721 1723 1838 
11929 1453 1452 1454 
11930 2433 2431 7649 
11931 844 846 7698 
11932 7275 7544 7852 
11933 2779 1395 7671 
11934 790 678 7609 
11935 1433 1436 7576 
11936 3501 2566 7626 
11937 2461 2459 7651 
11938 979 978 980 
11939 2937 2461 7651 
11940 3279 3278 3280 
11941 7611 2928 7615 
11942 1054 3642 7699 
11943 4138 4612 4613 
11944 1457 1456 1458 
11945 1255 2784 7630 
11946 3300 3302 3303 
11947 1122 1134 1135 
11948 1749 1750 1751 
11949 2523 2931 7627 
11950 7946 5010 7998 
11951 1098 1099 1100 
11952 3436 3909 7819 
11953 2591 2577 8203 
11954 1379 1382 7746 
11955 1187 1185 3941 
11956 840 842 7700 
11957 2465 2463 7676 
11958 1917 1921 2167 
11959 1050 1023 7680 
11960 4153 3878 7691 
11961 3245 3718 3719 
11962 1191 1189 1531 
11963 1556 1257 7630 
11964 2888 2890 3811 
11965 6320 6317 7788 
11966 3585 3664 3665 
11967 3320 3323 7517 
11968 1395 1397 7671 
11969 1891 1889 7703 
11970 2437 2433 7649 
11971 2931 2521 7635 
11972 2784 1253 7634 
11973 836 838 7704 
11974 5071 4585 5888 
11975 2805 7570 7851 
11976 5621 5623 5624 
11977 1982 2786 7664 
11978 1997 1654 7664 
11979 3515 4092 7613 
11980 2278 3411 7711 
11981 3316 3319 7515 
11982 3273 3272 3274 
11983 4981 4980 7859 
11984 672 968 7600 
11985 1070 4417 7519 
11986 4375 4904 7763 
11987 4980 2563 7652 
11988 3835 4823 7668 
11989 3823 3366 7962 
11990 2519 2932 7635 
11991 1741 1742 1743 
11992 2644 2646 3035 
11993 3647 3829 3831 
11994 6952 8277 8541 
11995 3394 4059 4060 
11996 6189 1725 7777 
11997 1760 1758 1763 
11998 5612 5611 5613 
11999 6342 6346 7719 
12000 4877 4878 7919 
12001 4399 1107 7593 
12002 2707 2703 7692 
12003 7345 5012 7934 
12004 1251 1553 7634 
12005 4119 4554 7642 
12006 3649 1407 7667 
12007 1730 1727 1732 
12008 4387 7542 7809 
12009 2932 2517 7641 
12010 1735 1736 1737 
12011 3911 4988 7682 
12012 1182 1180 1183 
12013 2463 2937 7676 
12014 1745 1746 1747 
12015 5507 5506 5508 
12016 6477 3329 8060 
12017 3880 4901 7691 
12018 2515 2933 7641 
12019 1096 1097 1098 
12020 2352 2350 2353 
12021 4999 7728 7836 
12022 1420 1419 1421 
12023 4394 3406 7569 
12024 3651 1665 7654 
12025 4867 1129 7586 
12026 3307 3308 7559 
12027 1743 1744 1745 
12028 1425 1428 7579 
12029 5887 4178 7574 
12030 3874 3876 7669 
12031 1737 1738 1739 
12032 1755 1754 1756 
12033 2815 2814 2816 
12034 968 669 7623 
12035 2933 2513 7653 
12036 952 925 3662 
12037 1553 1249 7647 
12038 7575 4972 7850 
12039 667 2775 7623 
12040 1397 1400 7671 
12041 2807 1113 7519 
12042 4466 4467 4625 
12043 2511 2934 7653 
12044 1440 1439 1441 
12045 4408 1304 7588 
12046 1747 1748 1749 
12047 1119 1136 1154 
12048 2122 2129 7857 
12049 6470 6469 7854 
12050 2934 2509 7656 
12051 3466 3465 3977 
12052 6291 6295 7722 
12053 2579 2582 8203 
12054 2305 2307 2308 
12055 2507 2935 7656 
12056 5608 5607 5609 
12057 2279 4113 7693 
12058 2354 2353 2355 
12059 2552 2465 7676 
12060 681 684 8003 
12061 7603 3591 7604 
12062 2775 665 7628 
12063 1756 1754 2832 
12064 1933 2233 7686 
12065 3867 3212 7764 
12066 1739 1740 1741 
12067 2896 2898 3680 
12068 5296 5297 5298 
12069 3303 3304 7527 
12070 2473 2939 7675 
12071 469 6231 7800 
12072 4176 3566 7648 
12073 7333 3921 7789 
12074 3635 4998 7702 
12075 3643 5011 7742 
12076 2555 2499 7665 
12077 6715 6717 6755 
12078 872 1356 7678 
12079 3250 2070 3251 
12080 3119 3117 7302 
12081 2497 2936 7665 
12082 3878 3880 7691 
12083 3700 3251 3701 
12084 3455 3142 3456 
12085 5667 4886 5814 
12086 2821 1100 7743 
12087 3928 2823 7851 
12088 2936 2495 7666 
12089 2493 2938 7666 
12090 2553 2479 7674 
12091 3296 3298 3299 
12092 3666 5036 5037 
12093 2477 2940 7674 
12094 2892 2894 3810 
12095 4394 7569 7823 
12096 2940 2475 7675 
12097 4602 4590 5185 
12098 3289 7197 7794 
12099 8926 7686 8933 
12100 3989 4436 4632 
12101 4419 2744 7753 
12102 1385 7539 7753 
12103 5604 5603 5605 
12104 663 1017 7628 
12105 2800 870 7678 
12106 4775 7712 7826 
12107 1172 1060 8062 
12108 2360 2352 7783 
12109 5617 5619 5620 
12110 1816 1732 1817 
12111 6947 6948 7806 
12112 4741 4744 7791 
12113 2051 2237 7681 
12114 2352 2353 2354 
12115 3846 3838 4845 
12116 3387 3927 7730 
12117 2827 2825 7670 
12118 2344 2345 2346 
12119 2363 7754 7886 
12120 1190 1189 1191 
12121 4128 3486 4872 
12122 1733 1734 1735 
12123 5056 4107 5057 
12124 4467 4445 4601 
12125 3978 3977 4596 
12126 4418 1810 7694 
12127 1384 1385 7753 
12128 2037 2039 7716 
12129 2748 2746 7726 
12130 5011 3645 7756 
12131 4624 3710 7695 
12132 7544 4398 7852 
12133 3478 4076 7706 
12134 4386 7434 7795 
12135 7629 1610 7650 
12136 2776 2124 7857 
12137 459 7488 7740 
12138 923 920 1849 
12139 4431 4567 8053 
12140 868 2800 7684 
12141 2363 2358 7754 
12142 5600 5599 5601 
12143 7434 7556 7795 
12144 8056 6962 8093 
12145 826 828 7741 
12146 6199 4962 7871 
12147 7588 2782 7878 
12148 4270 4272 5541 
12149 4691 6204 7710 
12150 1416 1415 1417 
12151 3480 4010 7723 
12152 1973 3919 7718 
12153 2767 2765 7785 
12154 7432 2278 7711 
12155 3722 3387 7730 
12156 3493 4597 5178 
12157 3411 3828 7711 
12158 3676 4139 7690 
12159 2160 3663 7745 
12160 7272 4350 7943 
12161 1683 1850 3937 
12162 1290 3634 7720 
12163 1371 1369 7312 
12164 2576 2574 3499 
12165 3938 3940 5070 
12166 2811 2813 5033 
12167 3365 3480 7723 
12168 966 866 7684 
12169 5037 5038 5039 
12170 5005 5020 7931 
12171 3653 1829 7688 
12172 4385 7568 7819 
12173 5765 4171 7816 
12174 3167 2246 3168 
12175 3668 5064 5065 
12176 1358 858 7685 
12177 860 2799 7685 
12178 2799 862 7683 
12179 960 892 7608 
12180 1070 1175 1176 
12181 864 966 7683 
12182 3198 2219 3199 
12183 5935 7545 7948 
12184 2811 2812 2813 
12185 2047 2049 7810 
12186 5596 5595 5597 
12187 324 325 3156 
12188 7868 4373 8099 
12189 1462 1464 1465 
12190 2338 2339 2340 
12191 2027 2029 7724 
12192 4667 3733 7723 
12193 3229 3963 3964 
12194 2706 2700 7787 
12195 4747 4059 5385 
12196 1558 1330 7720 
12197 1902 1973 7718 
12198 2153 3643 7742 
12199 3713 3989 7610 
12200 3531 3857 4450 
12201 6174 6173 7917 
12202 1610 1312 7650 
12203 1813 7551 7688 
12204 3343 3498 7709 
12205 4972 7220 7850 
12206 3418 3419 7913 
12207 2701 2705 7525 
12208 1448 5000 7570 
12209 3366 2365 7886 
12210 3524 3463 3535 
12211 4203 4356 7812 
12212 4429 4396 7833 
12213 2705 2957 7525 
12214 2405 2408 6822 
12215 2902 2904 3684 
12216 6711 6713 6756 
12217 4483 4126 5540 
12218 977 963 978 
12219 7521 7364 7833 
12220 1829 1815 7688 
12221 1805 2802 7694 
12222 2698 4435 7787 
12223 2252 7899 7964 
12224 850 967 7696 
12225 4104 4168 7843 
12226 4979 4203 7812 
12227 4453 3405 4454 
12228 6890 6889 7939 
12229 2023 2025 7729 
12230 2803 848 7696 
12231 7464 7465 7765 
12232 4646 3825 4671 
12233 1404 1403 1405 
12234 4114 3542 4126 
12235 7062 7424 8122 
12236 1810 1807 7694 
12237 2672 2675 7980 
12238 3299 3300 7553 
12239 3647 3832 7756 
12240 1330 1290 7720 
12241 5194 3987 7610 
12242 846 2803 7698 
12243 266 267 7987 
12244 1122 1604 7743 
12245 2261 3046 7715 
12246 1409 1412 7667 
12247 5013 7820 7943 
12248 2346 2345 2359 
12249 4999 3254 7728 
12250 4632 4633 5196 
12251 959 844 7698 
12252 2177 2037 7716 
12253 3129 5002 7754 
12254 1995 1886 7755 
12255 1149 2807 7650 
12256 1696 1698 1699 
12257 2804 840 7700 
12258 7083 7549 7849 
12259 947 972 7949 
12260 2746 4419 7726 
12261 2039 3042 7716 
12262 4353 4753 7757 
12263 842 959 7700 
12264 5592 5591 5593 
12265 5613 5615 5616 
12266 5044 7690 7898 
12267 7510 7261 7814 
12268 838 2804 7704 
12269 6705 6707 6745 
12270 1984 2021 7732 
12271 4875 4876 5654 
12272 1692 1694 1695 
12273 4429 7833 7923 
12274 5250 5251 5252 
12275 1658 1675 1676 
12276 4987 3723 8085 
12277 7364 2690 7833 
12278 958 836 7704 
12279 1836 3653 7755 
12280 2180 1950 7830 
12281 3046 3368 7715 
12282 5875 4176 7648 
12283 2176 2027 7724 
12284 2029 3040 7724 
12285 7690 5560 7898 
12286 6465 2412 8072 
12287 2245 2232 2246 
12288 1889 7561 7703 
12289 3483 2360 7737 
12290 1176 1177 1178 
12291 1179 2185 2811 
12292 7300 6684 7883 
12293 3292 3294 3295 
12294 7422 826 7741 
12295 3304 3307 7527 
12296 1963 1902 7718 
12297 2079 1891 7703 
12298 7308 5026 7813 
12299 4395 3944 8005 
12300 2205 2173 2835 
12301 7268 8139 8157 
12302 3288 3290 3291 
12303 2025 2176 7729 
12304 2751 2748 7726 
12305 5268 5267 5272 
12306 3733 3365 7723 
12307 2234 2047 7810 
12308 4211 4213 7817 
12309 3221 7189 8262 
12310 2759 2755 7717 
12311 4350 4866 8033 
12312 6128 5423 7831 
12313 8394 3114 8409 
12314 7754 5002 7886 
12315 3851 2261 7715 
12316 7691 5741 8286 
12317 3036 2023 7729 
12318 1178 1179 1180 
12319 3461 3460 3837 
12320 1753 1752 1754 
12321 896 898 7597 
12322 4884 4885 5163 
12323 4444 4445 4466 
12324 5484 5486 5490 
12325 2021 3036 7732 
12326 1188 1187 1189 
12327 828 1970 7741 
12328 1458 1460 1461 
12329 2327 2331 2332 
12330 2829 2910 7721 
12331 2588 3400 3401 
12332 461 7464 7765 
12333 7128 4995 7932 
12334 3308 3311 7559 
12335 2233 1984 7732 
12336 6125 6124 7867 
12337 4396 7521 7833 
12338 3076 7524 7860 
12339 4106 4104 7843 
12340 2930 2796 3358 
12341 2641 2642 2643 
12342 4245 8159 8176 
12343 6481 3325 8102 
12344 1876 1954 1958 
12345 5609 5611 5612 
12346 3677 3676 7690 
12347 5044 3677 7690 
12348 4060 4059 4747 
12349 2275 2276 7909 
12350 1896 1922 7749 
12351 1872 1874 3690 
12352 6346 7133 7719 
12353 2815 2817 3245 
12354 2279 3198 3542 
12355 7052 3914 8190 
12356 1700 1702 1703 
12357 3719 3718 4626 
12358 6210 2417 8051 
12359 5266 5265 5267 
12360 6832 6831 8143 
12361 2830 2829 7721 
12362 5202 4400 7838 
12363 3100 7427 7870 
12364 2334 2335 2336 
12365 4782 4781 7960 
12366 4408 7588 7878 
12367 4113 3542 4114 
12368 1897 1896 7749 
12369 2285 3528 3861 
12370 1450 1534 7748 
12371 7645 2889 7890 
12372 7405 7795 7938 
12373 2908 2406 6865 
12374 2713 2766 7809 
12375 3092 7444 7872 
12376 1951 1924 7920 
12377 5000 1450 7748 
12378 5588 5587 5589 
12379 1833 1817 1834 
12380 4783 4775 7826 
12381 3637 3636 7708 
12382 4213 4278 7817 
12383 775 797 7941 
12384 6231 6234 7800 
12385 3047 2254 7964 
12386 892 894 7608 
12387 6339 6630 8111 
12388 5423 5425 7831 
12389 3084 7502 7874 
12390 4259 4261 7713 
12391 2357 3129 7754 
12392 6295 7043 7722 
12393 4201 3206 7735 
12394 5438 4841 5474 
12395 1152 7951 7970 
12396 2358 2357 7754 
12397 6781 2421 7847 
12398 2344 2342 2345 
12399 1534 1605 7748 
12400 3970 2831 4451 
12401 5605 5607 5608 
12402 1861 1935 7747 
12403 2781 2339 3178 
12404 130 131 3155 
12405 1454 1456 1457 
12406 2060 2219 2279 
12407 1307 7739 7865 
12408 8237 4580 8463 
12409 1190 1352 8044 
12410 3927 4768 7730 
12411 1184 1183 1185 
12412 5254 5255 5256 
12413 2568 3501 7762 
12414 1178 1181 7798 
12415 3394 3178 4022 
12416 321 322 491 
12417 133 134 492 
12418 2910 3357 7721 
12419 2057 1881 2058 
12420 3531 3199 3532 
12421 7570 5000 7851 
12422 7561 1994 7745 
12423 7971 1162 8041 
12424 2795 2794 2796 
12425 1441 1452 1453 
12426 7341 4578 7827 
12427 1186 1185 1187 
12428 4419 7753 7925 
12429 1938 1861 7747 
12430 3654 1938 7747 
12431 1751 1750 1752 
12432 5486 5485 5487 
12433 2049 7681 7810 
12434 1994 2160 7745 
12435 1156 1157 7845 
12436 3666 5037 7910 
12437 3284 3286 3287 
12438 3037 3355 7761 
12439 3353 2707 7692 
12440 2057 2058 2060 
12441 5601 5603 5604 
12442 3300 3303 7553 
12443 1689 1883 2913 
12444 1922 7686 7749 
12445 1676 1677 1691 
12446 2703 7525 7692 
12447 4139 5560 7690 
12448 1705 1704 1706 
12449 3376 3378 7956 
12450 7505 4353 7757 
12451 7549 4950 7849 
12452 2124 2122 7857 
12453 5252 5253 5254 
12454 6633 2353 7844 
12455 3727 4646 7832 
12456 1886 1836 7755 
12457 6213 8241 8295 
12458 2182 6956 8261 
12459 1867 1834 1868 
12460 7737 2360 7783 
12461 7396 4259 7713 
12462 1593 1623 7858 
12463 4454 3405 7875 
12464 3357 3037 7761 
12465 1331 1315 1332 
12466 3466 3978 4444 
12467 5827 5829 5830 
12468 1367 1365 7882 
12469 4358 4975 7879 
12470 5960 4371 7868 
12471 5597 5599 5600 
12472 2350 2348 7844 
12473 6690 6692 7697 
12474 4400 3483 7737 
12475 4288 7275 7852 
12476 6889 6886 7839 
12477 4138 4613 7892 
12478 2516 2518 8039 
12479 2948 7361 7912 
12480 5074 4378 7864 
12481 2793 2791 2833 
12482 2232 2230 6809 
12483 2300 1367 7882 
12484 3291 3292 7640 
12485 1652 1997 7901 
12486 2570 2568 7762 
12487 7833 2690 7923 
12488 4798 4672 5397 
12489 3696 3659 7759 
12490 2836 2835 3196 
12491 8475 1354 8477 
12492 1749 1748 1750 
12493 2167 2274 2285 
12494 4848 4847 7246 
12495 1421 1439 1440 
12496 1417 1419 1420 
12497 2060 2058 2219 
12498 3166 3744 3745 
12499 3417 3669 4116 
12500 6701 6703 6757 
12501 2944 3465 3466 
12502 4366 4364 7820 
12503 1752 1750 1820 
12504 3245 2817 3718 
12505 3585 3210 3664 
12506 3758 3159 5053 
12507 1552 1324 7815 
12508 6234 6255 7800 
12509 2231 2230 2232 
12510 7795 3920 7938 
12511 6023 5964 7957 
12512 5593 5595 5596 
12513 5469 5470 5477 
12514 1430 3924 7805 
12515 3171 2833 3172 
12516 3587 640 7877 
12517 2949 3270 3961 
12518 3862 4883 4884 
12519 1715 1717 1862 
12520 2279 2219 3198 
12521 1100 1122 7743 
12522 4597 3164 7885 
12523 2813 2814 2815 
12524 3857 3532 3858 
12525 3280 3282 3283 
12526 3287 3288 7595 
12527 3536 3535 3839 
12528 325 326 7744 
12529 4114 4126 4483 
12530 3659 3660 7759 
12531 3645 3647 7756 
12532 7774 4211 7817 
12533 1635 1937 7846 
12534 2338 2336 2339 
12535 7616 2558 7820 
12536 318 319 552 
12537 136 137 553 
12538 6485 3321 8145 
12539 1316 4409 7823 
12540 1687 1684 7082 
12541 2340 2339 2781 
12542 1946 6972 8078 
12543 1747 1746 1748 
12544 1422 2695 7914 
12545 1683 1621 1850 
12546 7777 8412 8493 
12547 7876 2822 7973 
12548 5525 4133 5544 
12549 4786 4787 7981 
12550 1695 1696 7546 
12551 1707 1706 1708 
12552 7225 3444 7996 
12553 5584 5582 5585 
12554 7764 5005 7931 
12555 1442 2822 7876 
12556 5989 5214 8422 
12557 1176 1175 1177 
12558 1954 7808 8046 
12559 2334 2332 2335 
12560 3964 4143 4628 
12561 1605 1593 7858 
12562 3413 3838 3846 
12563 5523 4846 5524 
12564 3570 6037 8171 
12565 5820 4919 5821 
12566 3394 4022 4059 
12567 4129 3858 4130 
12568 5589 5591 5592 
12569 7425 1582 7797 
12570 1582 1615 7797 
12571 3793 3172 3794 
12572 3698 4590 4602 
12573 4962 6137 7871 
12574 4466 4445 4467 
12575 2352 2354 7783 
12576 3168 3272 3273 
12577 1615 1671 7797 
12578 3682 3960 7786 
12579 3276 3278 3279 
12580 5375 6256 7916 
12581 4937 3546 7862 
12582 1295 1172 7999 
12583 3636 4559 7708 
12584 3720 3682 7786 
12585 3960 4639 7786 
12586 4984 4981 7859 
12587 7237 8119 8132 
12588 4131 4130 4132 
12589 1710 1711 1712 
12590 2781 3178 3394 
12591 4747 5385 5386 
12592 3401 4043 4044 
12593 4995 3808 7932 
12594 8106 5916 8123 
12595 1745 1744 1746 
12596 1167 1306 2949 
12597 5551 5550 5552 
12598 5684 4870 7855 
12599 2252 2078 7899 
12600 5256 5257 5258 
12601 5046 5166 8140 
12602 4585 3696 7759 
12603 4613 4612 5564 
12604 4392 5360 5378 
12605 328 329 3157 
12606 3843 3418 7913 
12607 3424 3423 7862 
12608 5022 7747 7905 
12609 7137 8038 8082 
12610 4116 4117 4856 
12611 4356 4358 7879 
12612 6692 6695 7697 
12613 4133 4132 4134 
12614 7753 7539 7925 
12615 4138 4136 4603 
12616 1178 1177 1179 
12617 3355 7661 7880 
12618 3500 2570 7762 
12619 4331 7274 7807 
12620 2146 3655 7836 
12621 4436 3353 7692 
12622 7899 5019 7964 
12623 4364 7616 7820 
12624 4378 4376 7864 
12625 1743 1742 1744 
12626 1926 7742 7920 
12627 1428 1430 7805 
12628 2700 2698 7787 
12629 6632 4201 7735 
12630 6697 6699 6758 
12631 6473 6470 7854 
12632 4261 4271 7713 
12633 7437 1276 7864 
12634 1691 1692 7855 
12635 2815 2816 2817 
12636 7621 3891 8170 
12637 5038 5036 6213 
12638 4467 4601 4616 
12639 5284 5285 5286 
12640 2957 2709 7804 
12641 2060 2279 7693 
12642 1292 1376 7951 
12643 3938 1850 3939 
12644 3636 4558 4559 
12645 6909 7300 7883 
12646 4417 1176 7798 
12647 1405 1415 1416 
12648 7718 5019 7899 
12649 4333 4331 7807 
12650 5581 5580 5582 
12651 7820 2558 7943 
12652 5186 4032 5187 
12653 1314 1161 1315 
12654 3531 3532 3857 
12655 5157 8407 8413 
12656 3034 3720 7804 
12657 1130 1162 7971 
12658 139 140 455 
12659 315 316 456 
12660 3198 3199 3531 
12661 5477 5478 5574 
12662 6818 6378 7952 
12663 6474 6473 7989 
12664 1741 1740 1742 
12665 1332 1403 1404 
12666 5585 5587 5588 
12667 7580 7579 7805 
12668 5201 4643 8408 
12669 3344 7575 7850 
12670 6489 3317 8188 
12671 4348 4850 4897 
12672 2383 2295 6833 
12673 4376 7437 7864 
12674 2194 2069 2195 
12675 6825 7956 8086 
12676 5074 7864 7993 
12677 4134 4136 4138 
12678 1540 1577 7780 
12679 5016 7576 7876 
12680 6761 6690 7697 
12681 4673 4798 5506 
12682 327 328 7821 
12683 4482 4418 7863 
12684 7931 5020 7988 
12685 6464 8061 8124 
12686 3875 3871 7988 
12687 917 6226 7953 
12688 7812 4356 7879 
12689 4820 4818 8041 
12690 3288 3291 7595 
12691 5049 4555 5050 
12692 1160 1148 1161 
12693 7195 4716 7915 
12694 2333 6133 8677 
12695 4781 7782 7960 
12696 3940 3939 4555 
12697 1176 1178 7798 
12698 5153 8042 8044 
12699 4857 4859 4860 
12700 3466 3977 3978 
12701 1853 1979 7881 
12702 3846 4845 4880 
12703 2187 2009 6026 
12704 1739 1738 1740 
12705 2709 3034 7804 
12706 3846 4880 4881 
12707 2643 2644 7856 
12708 6665 1278 8402 
12709 7654 1669 7881 
12710 3867 7764 7931 
12711 3892 4108 4348 
12712 2336 2335 7781 
12713 3112 7589 7927 
12714 4444 3978 4445 
12715 2280 2281 7902 
12716 1436 1442 7876 
12717 1737 1736 1738 
12718 4797 4084 5396 
12719 1038 1039 1040 
12720 7579 1428 7805 
12721 5780 5782 5783 
12722 2083 2283 7905 
12723 3292 3295 7640 
12724 5037 5036 5038 
12725 2823 2805 7851 
12726 3745 3746 3892 
12727 4810 3767 5160 
12728 3462 4026 7916 
12729 1746 1744 1819 
12730 2782 1132 7971 
12731 7576 1436 7876 
12732 126 127 3170 
12733 5039 5038 5701 
12734 4129 4130 4131 
12735 4443 3656 8029 
12736 1650 1652 7901 
12737 1696 1699 7546 
12738 3578 3546 4937 
12739 4671 4672 4673 
12740 2353 2350 7844 
12741 4670 8005 8034 
12742 142 143 555 
12743 312 313 554 
12744 2342 2340 7824 
12745 6549 1940 8103 
12746 3857 3858 4129 
12747 1669 1853 7881 
12748 3937 1850 3938 
12749 127 128 7822 
12750 4131 4132 4133 
12751 3665 3664 3666 
12752 7577 2782 7971 
12753 5470 4149 7913 
12754 3666 3664 5035 
12755 4410 4408 7878 
12756 5541 4272 7784 
12757 2303 2305 7790 
12758 2346 2359 7930 
12759 3273 3274 3405 
12760 5288 5286 5315 
12761 2365 2363 7886 
12762 2417 3161 8051 
12763 5579 5578 5580 
12764 326 327 503 
12765 128 129 504 
12766 2163 2221 8035 
12767 1735 1734 1736 
12768 4695 4997 7947 
12769 4253 4255 7995 
12770 1127 1147 1174 
12771 6204 4693 7947 
12772 6493 3313 8227 
12773 4908 3952 7936 
12774 6972 6971 8143 
12775 2524 2539 7922 
12776 6821 5935 7948 
12777 3636 3580 4558 
12778 3706 3970 4588 
12779 4875 3859 4876 
12780 1314 1331 1519 
12781 5542 5541 5736 
12782 7086 3445 8150 
12783 3461 3837 7954 
12784 1733 1731 1734 
12785 1066 1047 1067 
12786 4138 4603 4612 
12787 1963 7718 7899 
12788 7747 1935 7905 
12789 2826 3247 8027 
12790 2325 2326 2327 
12791 2425 6665 8388 
12792 4272 4274 7784 
12793 4878 5242 7919 
12794 3273 3405 4452 
12795 1924 1926 7920 
12796 4860 4861 5501 
12797 6139 1690 7924 
12798 5016 7876 7973 
12799 4047 4044 4811 
12800 915 2641 7961 
12801 5551 5552 5553 
12802 5153 5076 7993 
12803 964 913 7961 
12804 5009 7667 7914 
12805 3419 3119 7302 
12806 145 146 489 
12807 309 310 490 
12808 5067 8023 8219 
12809 6159 3149 7992 
12810 1519 2831 3706 
12811 7661 5217 7880 
12812 3553 2647 7900 
12813 6077 6076 8015 
12814 1147 1128 1148 
12815 1066 1102 4455 
12816 1705 1707 1934 
12817 4881 5472 5473 
12818 146 147 7835 
12819 4822 5061 5062 
12820 2326 2324 2367 
12821 4847 3637 7708 
12822 8904 5539 8912 
12823 7905 2283 8017 
12824 7071 7093 8130 
12825 1594 3545 7929 
12826 7742 5011 7920 
12827 3239 2708 8423 
12828 1935 2083 7905 
12829 2328 7419 8066 
12830 1187 3941 7841 
12831 2245 2246 3167 
12832 5537 5534 5538 
12833 6177 6174 7917 
12834 594 775 7926 
12835 5816 4333 7807 
12836 147 148 3127 
12837 3930 6814 8082 
12838 2078 1963 7899 
12839 4068 4899 5662 
12840 5549 5538 5550 
12841 7667 1412 7914 
12842 3202 5042 8017 
12843 2695 2697 7998 
12844 3940 4555 5049 
12845 3642 1104 7974 
12846 3489 3902 7956 
12847 1703 1704 1705 
12848 8026 2599 8056 
12849 1531 1189 7841 
12850 4948 4500 8076 
12851 5469 4149 5470 
12852 2816 2944 7840 
12853 2512 2514 8084 
12854 3938 3939 3940 
12855 5799 7980 8158 
12856 1730 1732 1816 
12857 4452 4453 4793 
12858 1127 1103 1128 
12859 5021 7654 7881 
12860 308 309 7848 
12861 2917 4195 7937 
12862 3794 3796 4595 
12863 2340 2781 7824 
12864 6132 4614 8726 
12865 5020 2760 8013 
12866 2068 2067 2069 
12867 3920 7447 7938 
12868 6497 3309 8265 
12869 4502 7594 7887 
12870 8139 2093 8157 
12871 1036 1035 1037 
12872 2348 2346 7930 
12873 7756 7073 8010 
12874 5375 5746 6256 
12875 6924 7926 7941 
12876 947 7949 8101 
12877 3666 5035 5036 
12878 4881 4880 5472 
12879 4270 5541 5542 
12880 2245 3167 3491 
12881 1728 1730 1731 
12882 5040 2345 7824 
12883 2195 2230 2231 
12884 2572 3500 7829 
12885 2836 3196 7802 
12886 5569 5044 7898 
12887 2288 4579 8779 
12888 4975 4360 8002 
12889 913 915 7961 
12890 7594 3985 7887 
12891 2066 2064 2067 
12892 1102 1067 1103 
12893 1883 1917 7796 
12894 5577 5576 5578 
12895 8119 2005 8132 
12896 4389 8129 8174 
12897 6133 6132 8702 
12898 3358 3360 3727 
12899 1692 1695 7855 
12900 3862 3861 4882 
12901 5385 4059 7889 
12902 3877 3875 7928 
12903 3727 3824 3825 
12904 1740 1738 1818 
12905 5433 4848 7246 
12906 3808 4801 7932 
12907 5575 5478 5576 
12908 3952 5066 7936 
12909 5276 5280 5281 
12910 1868 1870 1959 
12911 1951 7920 8010 
12912 3798 3973 4593 
12913 4671 3825 4672 
12914 1577 1689 7780 
12915 2792 2793 2794 
12916 7944 4395 8005 
12917 5007 4429 7923 
12918 3486 3033 7792 
12919 1183 1180 7853 
12920 307 308 2819 
12921 6636 5875 7950 
12922 3358 2796 3360 
12923 1705 1706 1707 
12924 1141 7701 7974 
12925 4217 4458 8001 
12926 1045 1043 2914 
12927 2690 7336 7923 
12928 4278 4215 8001 
12929 4559 4558 5700 
12930 329 330 7906 
12931 6661 2105 8079 
12932 4126 3542 7884 
12933 2644 3035 7856 
12934 1726 1727 1728 
12935 3518 3539 3853 
12936 7761 3355 7880 
12937 2811 5033 7853 
12938 2574 2572 7829 
12939 5581 5582 5584 
12940 5654 4876 5678 
12941 3660 8059 8094 
12942 1331 1332 7940 
12943 2327 2326 2331 
12944 3417 2385 3669 
12945 5258 5259 5260 
12946 1040 1041 1042 
12947 7540 7578 7934 
12948 3167 3168 7935 
12949 264 265 8080 
12950 2231 2232 2245 
12951 1712 2919 7618 
12952 4883 4882 5566 
12953 3862 4884 7994 
12954 4348 4897 5903 
12955 7830 1925 7950 
12956 6893 6890 7939 
12957 963 952 7842 
12958 1412 1422 7914 
12959 3799 4084 4107 
12960 2790 2791 2792 
12961 4588 3970 5023 
12962 8073 1328 8149 
12963 797 2680 7941 
12964 4452 3405 4453 
12965 1135 1152 7970 
12966 1314 1315 1331 
12967 7578 7345 7934 
12968 3491 3769 4042 
12969 3205 1576 6155 
12970 1676 1691 3668 
12971 1707 1708 1709 
12972 3171 3793 3799 
12973 3668 1691 4870 
12974 149 150 7893 
12975 3869 3867 7931 
12976 125 126 7907 
12977 6421 6424 8624 
12978 5532 5534 5536 
12979 1736 1734 3446 
12980 7914 2695 7998 
12981 4999 7388 8022 
12982 6501 3305 8305 
12983 4417 6190 7983 
12984 4042 4770 5300 
12985 1160 1161 1314 
12986 4793 4453 4794 
12987 3706 2831 3970 
12988 2339 2336 7781 
12989 4643 4571 8390 
12990 7951 6559 7970 
12991 5579 5580 5581 
12992 952 3662 7842 
12993 5501 5502 5531 
12994 5064 4870 5683 
12995 1714 1712 7618 
12996 7864 1276 7993 
12997 7304 7405 7938 
12998 4274 5526 7784 
12999 4886 4292 7834 
13000 5536 5537 5656 
13001 5250 5252 5819 
13002 972 1650 7949 
13003 1541 1371 7312 
13004 4499 7237 8096 
13005 2285 3861 3862 
13006 2951 3448 8006 
13007 3745 3892 4170 
13008 4657 2643 5228 
13009 4631 4630 5218 
13010 5284 5281 5285 
13011 3839 3535 4457 
13012 925 923 7837 
13013 5286 5285 7766 
13014 3839 4457 4846 
13015 2062 2061 2063 
13016 1042 1043 1044 
13017 4306 2303 7790 
13018 1723 1725 1726 
13019 6569 2413 8141 
13020 4422 5813 8024 
13021 5549 5550 5551 
13022 2068 2194 2915 
13023 1180 1179 7853 
13024 1189 1187 7841 
13025 2321 2324 2325 
13026 4798 5397 5511 
13027 4474 7928 8013 
13028 4022 4392 7889 
13029 2308 2309 2310 
13030 3961 3270 7873 
13031 1284 8088 8233 
13032 7736 2948 7912 
13033 7844 2348 7930 
13034 5184 4600 7912 
13035 2793 2833 3171 
13036 3499 2574 7829 
13037 1881 1687 7869 
13038 2318 2316 2322 
13039 920 917 7953 
13040 2817 2816 7840 
13041 6478 6477 8060 
13042 4629 4628 4630 
13043 5300 4770 5382 
13044 7539 3931 7925 
13045 1044 1045 1046 
13046 4042 3769 4770 
13047 3560 6094 8421 
13048 3491 3167 3769 
13049 4181 5010 8019 
13050 1816 1817 1833 
13051 1147 1148 1160 
13052 1621 1584 7866 
13053 4413 4994 7972 
13054 4572 7086 7959 
13055 3923 7540 7934 
13056 4059 4022 7889 
13057 978 963 7842 
13058 2641 2643 4657 
13059 4857 4117 4858 
13060 1877 2789 2790 
13061 4167 7454 8036 
13062 7659 2058 7869 
13063 3662 925 7837 
13064 4265 4267 8012 
13065 1046 1047 1053 
13066 1650 7901 7949 
13067 1833 1834 1867 
13068 2001 2000 2061 
13069 2275 7909 8081 
13070 3270 3698 7873 
13071 4693 4695 7947 
13072 4673 4672 4798 
13073 1519 1331 2831 
13074 3727 3360 3824 
13075 7389 3349 7976 
13076 5417 7668 7895 
13077 1961 2375 7771 
13078 3033 3891 7792 
13079 2558 7272 7943 
13080 2780 1843 8071 
13081 4846 4457 5492 
13082 2697 2699 7946 
13083 4495 7268 8119 
13084 2345 2342 7824 
13085 1016 991 7986 
13086 3445 7787 8055 
13087 4116 3669 4117 
13088 3378 3489 7956 
13089 4859 4858 5059 
13090 4933 4934 8069 
13091 4601 4445 7911 
13092 5875 7830 7950 
13093 3531 4450 7884 
13094 5532 5502 5533 
13095 1709 1708 1710 
13096 3274 3276 7875 
13097 3695 4999 8022 
13098 923 1849 7837 
13099 3171 3172 3793 
13100 1341 1342 1343 
13101 7276 4474 8115 
13102 3668 4870 5064 
13103 3542 3198 7884 
13104 1179 2811 7853 
13105 4292 4293 7834 
13106 3837 4888 4889 
13107 1041 1039 1656 
13108 1613 1658 7942 
13109 5477 5470 5478 
13110 7668 4823 7895 
13111 3142 2836 7802 
13112 3930 8106 8123 
13113 1626 7367 8071 
13114 4631 5218 5539 
13115 3178 2339 7781 
13116 1038 1037 1039 
13117 5577 5578 5579 
13118 6505 3301 8353 
13119 4787 4782 7960 
13120 1066 4455 7990 
13121 5033 2813 7891 
13122 1833 1867 1877 
13123 3366 7886 7962 
13124 1186 1188 8042 
13125 3714 3988 7977 
13126 2915 3159 3384 
13127 3978 4596 7911 
13128 3463 3461 7954 
13129 2843 2841 8123 
13130 4884 4883 4885 
13131 7053 4489 8137 
13132 1572 1516 2000 
13133 5078 5153 8068 
13134 2319 2320 2321 
13135 996 998 8117 
13136 4600 7736 7912 
13137 150 151 501 
13138 304 305 502 
13139 5022 7905 8017 
13140 5574 5478 5575 
13141 1132 1130 7971 
13142 7224 7225 8162 
13143 4629 4630 4631 
13144 3964 4628 4629 
13145 5201 8408 8417 
13146 303 304 7896 
13147 675 677 8121 
13148 1127 1128 1147 
13149 4856 4117 4857 
13150 6573 6572 8179 
13151 5300 5382 5384 
13152 302 303 3160 
13153 7398 4398 8070 
13154 2508 2510 8125 
13155 1728 1727 1730 
13156 3481 7511 7944 
13157 2062 2064 2065 
13158 5315 5286 7766 
13159 7938 7447 8007 
13160 1053 1047 1066 
13161 6829 6828 8180 
13162 4633 4436 8009 
13163 3837 3460 4888 
13164 1102 1103 1127 
13165 3962 5172 8058 
13166 1046 1045 1047 
13167 3891 7779 8170 
13168 3384 3758 4049 
13169 4929 4786 7981 
13170 2815 3245 7891 
13171 8428 3110 8435 
13172 1726 1725 1727 
13173 7304 7938 8007 
13174 5843 4929 7984 
13175 5293 5292 5294 
13176 1524 1328 8073 
13177 2792 2791 2793 
13178 5009 7914 7998 
13179 2305 2308 7790 
13180 1104 1141 7974 
13181 3793 3794 7963 
13182 2944 3466 7840 
13183 5269 7221 8127 
13184 5814 4886 7834 
13185 7711 4395 7969 
13186 2058 1881 7869 
13187 6864 2335 8049 
13188 7577 7971 8041 
13189 1044 1043 1045 
13190 1721 1722 1723 
13191 2675 3388 7980 
13192 3466 4444 7840 
13193 4860 4859 4861 
13194 2588 2580 3400 
13195 4221 4477 8052 
13196 1152 1292 7951 
13197 5537 5538 5549 
13198 7805 3924 8016 
13199 6139 7924 8170 
13200 2063 5730 7861 
13201 3924 7644 8016 
13202 1106 1072 2927 
13203 4458 4219 8052 
13204 5037 5039 8083 
13205 4919 3553 7900 
13206 5575 5576 5577 
13207 2790 2789 2791 
13208 330 331 514 
13209 124 125 513 
13210 3210 2908 7888 
13211 1723 1722 1725 
13212 3869 7931 7988 
13213 1917 2167 7796 
13214 6594 1175 8031 
13215 4491 7087 8139 
13216 3799 3793 4084 
13217 3928 7851 7955 
13218 2068 2069 2194 
13219 7432 7711 7969 
13220 1066 1067 1102 
13221 1604 1135 7970 
13222 5002 5003 7962 
13223 7200 7432 7969 
13224 3405 3274 7875 
13225 4049 4766 5381 
13226 1725 1722 7777 
13227 4398 4379 8070 
13228 2325 2324 2326 
13229 3149 3166 7992 
13230 8259 1897 8282 
13231 4870 1691 7855 
13232 3156 325 7744 
13233 4424 7944 8005 
13234 8016 7644 8055 
13235 3941 1185 8025 
13236 5536 5534 5537 
13237 1042 1041 1043 
13238 2065 2066 2070 
13239 1627 1611 8126 
13240 2254 2252 7964 
13241 8120 3491 8154 
13242 3859 3665 7910 
13243 4929 7981 7984 
13244 1908 2780 8089 
13245 3168 3273 7935 
13246 2646 3229 7982 
13247 3668 5065 7942 
13248 2915 2194 3159 
13249 6509 3297 8380 
13250 267 479 7987 
13251 1183 7853 8025 
13252 123 124 7908 
13253 1998 1930 8089 
13254 4392 5378 7889 
13255 8007 5034 8029 
13256 4339 8007 8029 
13257 1689 2913 7780 
13258 6339 8111 8167 
13259 1849 920 7953 
13260 4857 4858 4859 
13261 3862 4882 4883 
13262 5274 5275 5276 
13263 7979 1959 8173 
13264 4713 5225 9044 
13265 4191 6325 8181 
13266 5991 4456 8004 
13267 2105 2103 8079 
13268 2276 3413 7909 
13269 6695 6697 7921 
13270 2641 4657 7961 
13271 3035 2646 7982 
13272 3198 3531 7884 
13273 151 152 7894 
13274 4339 7304 8007 
13275 4081 3717 4086 
13276 8516 5097 8527 
13277 2321 2320 2324 
13278 684 3039 8003 
13279 1874 1876 7775 
13280 3384 3159 3758 
13281 8402 1278 8407 
13282 5228 2643 7856 
13283 4714 9049 9063 
13284 2171 1295 7999 
13285 3660 3658 8059 
13286 1877 1867 2789 
13287 4133 4134 7892 
13288 7851 5000 7955 
13289 5017 5016 7973 
13290 4134 4138 7892 
13291 1332 1404 7940 
13292 1035 1016 7986 
13293 1040 1039 1041 
13294 1516 1342 7978 
13295 4872 3486 7792 
13296 4049 3758 4766 
13297 8287 5047 8343 
13298 6088 2789 7979 
13299 7928 5020 8013 
13300 5813 4437 8075 
13301 2310 2311 2312 
13302 8419 3667 8460 
13303 2314 2315 2316 
13304 3628 793 8101 
13305 4439 5766 8075 
13306 8020 7281 8087 
13307 1658 1676 7942 
13308 4415 7972 8023 
13309 4215 4217 8001 
13310 7580 7805 8016 
13311 3698 4602 7873 
13312 5741 5742 8286 
13313 5501 4861 5502 
13314 7886 5002 7962 
13315 2822 2824 7973 
13316 7692 7525 8009 
13317 2813 2815 7891 
13318 4755 4046 4822 
13319 5000 7748 7955 
13320 4360 4420 8002 
13321 2312 2313 2314 
13322 4255 4520 7995 
13323 4633 8009 8067 
13324 3665 3666 7910 
13325 3701 3702 3703 
13326 262 263 8133 
13327 6477 6474 7989 
13328 1175 1030 8031 
13329 5532 5533 5534 
13330 3456 3142 7802 
13331 1037 1035 3670 
13332 3871 3869 7988 
13333 2066 2067 2068 
13334 1850 1621 7866 
13335 1687 7082 7869 
13336 6656 6825 8086 
13337 4797 5396 5510 
13338 1721 1720 1722 
13339 1343 1516 1546 
13340 1713 1712 1714 
13341 7073 4425 8020 
13342 5544 4133 7892 
13343 3229 3964 7982 
13344 4451 2831 7940 
13345 5030 5031 8134 
13346 6482 6481 8102 
13347 4997 4697 8077 
13348 7853 5033 8025 
13349 5699 4621 8489 
13350 1949 6817 8018 
13351 2831 1331 7940 
13352 7611 8716 8721 
13353 986 1655 8061 
13354 6302 6301 8544 
13355 4332 4611 8021 
13356 7419 5248 8066 
13357 2257 2186 8350 
13358 2317 2318 2319 
13359 3701 3251 3702 
13360 3769 3167 7935 
13361 8004 4561 8163 
13362 5057 4107 7918 
13363 5262 5263 5264 
13364 7920 5011 8010 
13365 3394 4060 8037 
13366 1719 1718 1720 
13367 2913 1883 7796 
13368 2062 2063 2064 
13369 3276 3279 7875 
13370 6805 2425 8385 
13371 2908 6865 7888 
13372 3349 2951 8006 
13373 975 945 8218 
13374 4044 4043 7945 
13375 3444 7726 7996 
13376 5254 5256 5815 
13377 5280 5275 5361 
13378 4249 4251 8112 
13379 6970 4287 8199 
13380 4107 4084 4797 
13381 4515 4181 8019 
13382 4445 3978 7911 
13383 4382 5481 5483 
13384 152 153 2834 
13385 5076 5074 7993 
13386 5821 4919 7900 
13387 5043 5046 8094 
13388 301 302 7897 
13389 1719 1720 1721 
13390 1958 1987 2156 
13391 7992 4170 8155 
13392 2504 2506 8161 
13393 1710 1712 1713 
13394 8738 2320 8748 
13395 5010 5009 7998 
13396 7726 4419 7996 
13397 4810 5160 5161 
13398 2001 2061 2062 
13399 2817 7840 8045 
13400 6350 1555 8674 
13401 7361 7359 8000 
13402 7943 4350 8033 
13403 5017 7973 8027 
13404 3664 3210 7888 
13405 3535 3463 7954 
13406 3939 1850 7866 
13407 2721 2723 8142 
13408 1717 1716 1718 
13409 6697 6758 7921 
13410 2385 2383 7933 
13411 2319 2318 2320 
13412 3944 4674 8034 
13413 2065 2064 2066 
13414 1277 6805 8372 
13415 7447 5034 8007 
13416 5086 5084 8088 
13417 4225 4490 8092 
13418 7973 2824 8027 
13419 4477 4223 8092 
13420 4436 7692 8009 
13421 3401 3400 4043 
13422 4043 3400 4046 
13423 6080 6077 8015 
13424 1715 1714 1716 
13425 7551 4476 8038 
13426 1999 1998 8132 
13427 6015 8142 8333 
13428 2310 2312 3667 
13429 2760 7450 8013 
13430 1341 1298 1342 
13431 1717 1718 1719 
13432 5396 4084 7963 
13433 5531 5502 5532 
13434 7336 6950 8026 
13435 1686 1688 8189 
13436 2306 2328 8028 
13437 3413 3846 7909 
13438 3273 4452 7935 
13439 2335 2332 8049 
13440 1923 1951 8087 
13441 3703 3767 4032 
13442 2015 1961 7771 
13443 5276 5275 5280 
13444 7697 6695 7921 
13445 1572 2000 2001 
13446 7137 3653 8038 
13447 2919 4380 7618 
13448 1030 1008 8031 
13449 5061 4046 8040 
13450 1713 1714 1715 
13451 2314 2316 2317 
13452 4420 4422 8024 
13453 4701 5001 8098 
13454 5053 3159 7967 
13455 3794 4595 7963 
13456 8752 7092 8759 
13457 2807 7519 7983 
13458 5035 3664 7888 
13459 5155 6863 8472 
13460 153 154 7965 
13461 5019 5006 8008 
13462 328 3157 7821 
13463 6161 1362 8253 
13464 1715 1716 1717 
13465 3846 4881 7909 
13466 3166 3745 7992 
13467 6159 7992 8155 
13468 1867 1868 7979 
13469 4435 8016 8055 
13470 326 503 7744 
13471 7424 2693 8122 
13472 2156 2186 2255 
13473 8371 2830 8383 
13474 7949 6127 8101 
13475 4876 3859 7910 
13476 3185 3914 8122 
13477 1311 2711 8149 
13478 5801 5799 8158 
13479 2317 2316 2318 
13480 4448 5755 8107 
13481 4884 5163 8205 
13482 5766 4446 8107 
13483 4589 3695 8022 
13484 7276 8115 8152 
13485 4267 4270 8012 
13486 1364 1996 8253 
13487 4791 5292 5293 
13488 4970 6835 8174 
13489 2283 3202 8017 
13490 8002 4420 8024 
13491 2255 2257 3186 
13492 5225 9034 9044 
13493 3628 8101 8134 
13494 3196 2835 4484 
13495 3656 4339 8029 
13496 2195 2231 7967 
13497 5153 7993 8042 
13498 3047 7964 8008 
13499 2010 2921 2922 
13500 8457 3106 8468 
13501 4084 3793 7963 
13502 7824 2781 8037 
13503 4043 4046 4755 
13504 3186 3187 3715 
13505 1868 1959 7979 
13506 6433 6431 8136 
13507 8053 4567 8230 
13508 7224 8162 8201 
13509 4444 4466 8045 
13510 646 644 8177 
13511 7250 6023 8326 
13512 2194 2195 7967 
13513 7923 7336 8026 
13514 4032 3767 4810 
13515 5258 5260 5261 
13516 5488 5487 5489 
13517 3703 3702 3767 
13518 5011 7756 8010 
13519 3902 3562 8110 
13520 4573 5891 8325 
13521 5007 7923 8026 
13522 4593 4594 5395 
13523 2518 2534 8039 
13524 1160 7769 7958 
13525 8388 6665 8402 
13526 5866 5867 8200 
13527 4435 7580 8016 
13528 8333 3389 8427 
13529 8177 5867 8276 
13530 503 327 7821 
13531 8242 5047 8287 
13532 1546 1516 1572 
13533 6486 6485 8145 
13534 2000 1516 7978 
13535 7525 2957 8009 
13536 2500 2502 8192 
13537 2006 2005 8157 
13538 3170 127 7822 
13539 154 155 512 
13540 300 301 511 
13541 8009 2957 8067 
13542 4419 7925 7996 
13543 6701 6757 8054 
13544 4229 4521 8131 
13545 1343 1342 1516 
13546 6096 5739 8153 
13547 2067 2064 7861 
13548 4755 4822 5344 
13549 5753 4167 8036 
13550 5034 3962 8058 
13551 5486 5487 5488 
13552 1174 1147 7958 
13553 4490 4227 8131 
13554 7519 4417 7983 
13555 128 504 7822 
13556 2824 2826 8027 
13557 7107 7415 8166 
13558 4476 4475 8106 
13559 5248 5250 8066 
13560 5295 5294 5296 
13561 2173 2163 8035 
13562 4400 7737 8085 
13563 5197 4633 8067 
13564 3161 3894 8051 
13565 4811 4044 7945 
13566 2064 2063 7861 
13567 7909 4881 8081 
13568 7840 4444 8045 
13569 8044 1352 8068 
13570 1676 3668 7942 
13571 5032 8130 8217 
13572 3492 3164 3493 
13573 5013 7943 8033 
13574 4245 4247 8159 
13575 3964 4629 7982 
13576 3157 329 7906 
13577 1127 1174 7966 
13578 8059 5042 8094 
13579 6758 6699 8054 
13580 4593 5395 5503 
13581 2158 7538 8129 
13582 1008 986 8061 
13583 5040 7824 8037 
13584 5179 5013 8033 
13585 4042 5301 8154 
13586 4455 1102 7966 
13587 1276 1186 8042 
13588 7538 5907 8129 
13589 1870 1872 7904 
13590 5261 5260 5262 
13591 5280 5361 5389 
13592 7281 4431 8053 
13593 5271 5273 5274 
13594 1072 1053 7990 
13595 3690 1874 7775 
13596 2383 6833 7933 
13597 5052 7866 8073 
13598 489 146 7835 
13599 4152 7369 8248 
13600 5264 5265 5266 
13601 7501 7156 8152 
13602 1185 1183 8025 
13603 4219 4221 8052 
13604 8459 1279 8464 
13605 4270 5542 8012 
13606 2286 2187 6026 
13607 1053 1066 7990 
13608 8017 5042 8059 
13609 5153 8044 8068 
13610 2221 2015 7771 
13611 3969 2952 8165 
13612 3653 7688 8038 
13613 147 3127 7835 
13614 8261 4464 8506 
13615 2794 2793 7968 
13616 6026 6027 8057 
13617 5755 4459 8147 
13618 7548 2776 8099 
13619 4461 5740 8147 
13620 259 260 8198 
13621 668 671 8210 
13622 309 490 7848 
13623 333 334 560 
13624 121 122 561 
13625 8465 1530 8524 
13626 3545 5780 7929 
13627 1188 1190 8044 
13628 2412 6391 8072 
13629 7147 2275 8081 
13630 4443 8029 8058 
13631 3669 2385 7933 
13632 7629 7650 8065 
13633 2224 2649 8234 
13634 3163 2923 3164 
13635 126 3170 7907 
13636 7688 7551 8038 
13637 4457 3535 7954 
13638 4043 4755 7945 
13639 5273 5270 5277 
13640 3670 1035 7986 
13641 4521 4231 8156 
13642 7954 3837 8104 
13643 1067 1047 7975 
13644 3658 5022 8059 
13645 6699 6701 8054 
13646 4561 7064 8256 
13647 5274 5273 5275 
13648 4107 4797 7918 
13649 5008 5007 8056 
13650 5867 5015 8258 
13651 5032 5029 8172 
13652 8385 2425 8388 
13653 5883 4933 8069 
13654 5027 5882 8172 
13655 4235 4277 8164 
13656 6941 1277 8368 
13657 2094 2093 8187 
13658 4818 7577 8041 
13659 3745 4170 7992 
13660 2332 2331 8049 
13661 4068 3550 4899 
13662 1729 7618 8032 
13663 7999 1172 8062 
13664 1147 1160 7958 
13665 7993 1276 8042 
13666 4276 4243 8176 
13667 6481 6478 8060 
13668 2781 3394 8037 
13669 2819 308 7848 
13670 8140 5166 8194 
13671 5080 5078 8068 
13672 3796 3798 8043 
13673 8129 5907 8174 
13674 3171 3799 7968 
13675 6705 6745 8114 
13676 2943 6941 8339 
13677 4102 5419 8221 
13678 1894 1571 8116 
13679 2807 7983 8065 
13680 8134 5031 8166 
13681 1843 1626 8071 
13682 4595 3796 8043 
13683 2580 2578 8040 
13684 1045 2914 7975 
13685 2167 2285 7994 
13686 7968 5056 8097 
13687 5053 8120 8154 
13688 8031 1008 8061 
13689 6490 6489 8188 
13690 5488 5489 5491 
13691 2545 2444 8197 
13692 2922 2923 2924 
13693 5269 5270 5271 
13694 3718 2817 8045 
13695 4466 4625 8108 
13696 8201 2779 8229 
13697 4241 4276 8182 
13698 5533 8524 8547 
13699 5154 5082 8169 
13700 7737 4987 8085 
13701 7964 5019 8008 
13702 1584 1524 8073 
13703 1664 1614 1852 
13704 8005 3944 8034 
13705 3159 2194 7967 
13706 1102 1127 7966 
13707 1959 1870 7904 
13708 4379 4826 8070 
13709 6050 4948 8076 
13710 2789 1867 7979 
13711 7866 1584 8073 
13712 5266 5267 5268 
13713 4389 7625 8129 
13714 5295 5660 5661 
13715 2494 2496 8238 
13716 3850 2953 8209 
13717 5001 4703 8175 
13718 2776 7868 8099 
13719 4643 8390 8408 
13720 1192 1194 8202 
13721 1872 3690 7904 
13722 1047 1045 7975 
13723 7107 8166 8217 
13724 4437 4439 8075 
13725 6757 6703 8114 
13726 2793 3171 7968 
13727 2719 2717 8231 
13728 3163 3492 3772 
13729 6468 4714 9063 
13730 2914 1043 7991 
13731 3513 3881 8209 
13732 8014 5060 8109 
13733 3914 3618 8190 
13734 5262 5264 5282 
13735 7787 4435 8055 
13736 6900 1946 8078 
13737 2927 1072 7990 
13738 3837 4889 8104 
13739 4470 4955 8184 
13740 7650 2807 8065 
13741 5740 4468 8184 
13742 8490 3102 8503 
13743 1018 7091 8237 
13744 4277 4237 8191 
13745 5007 8026 8056 
13746 4474 8013 8115 
13747 257 258 8226 
13748 6659 2798 8635 
13749 1951 8020 8087 
13750 156 157 8048 
13751 1041 1656 7991 
13752 5780 5783 7929 
13753 7064 7065 8283 
13754 3492 3493 3760 
13755 2103 2918 8079 
13756 2448 2529 8223 
13757 7888 6865 8113 
13758 2285 3862 7994 
13759 265 2655 8080 
13760 1876 1958 7775 
13761 4697 4699 8077 
13762 6865 6025 8113 
13763 1655 980 8168 
13764 5867 8258 8276 
13765 7147 8081 8171 
13766 5052 8073 8149 
13767 4554 3534 8193 
13768 8105 5012 8144 
13769 2514 2593 8084 
13770 7181 7183 8248 
13771 1394 2779 8201 
13772 1818 8471 8520 
13773 8193 6835 8221 
13774 6347 8639 8646 
13775 3941 8025 8095 
13776 7891 5054 8095 
13777 2068 2915 8014 
13778 7910 5037 8083 
13779 1082 1083 8239 
13780 150 501 7893 
13781 5022 8017 8059 
13782 6814 7137 8082 
13783 1043 1041 7991 
13784 4708 5864 8196 
13785 1078 1079 8240 
13786 4380 4382 8032 
13787 4567 4666 8342 
13788 7106 2943 8318 
13789 6630 7955 8111 
13790 8081 5473 8171 
13791 2010 1915 2921 
13792 5008 8056 8093 
13793 330 514 7906 
13794 6745 6707 8160 
13795 2640 7107 8217 
13796 4546 4548 8250 
13797 2070 2066 8014 
13798 8372 6805 8385 
13799 3798 4593 8043 
13800 1284 7106 8279 
13801 664 666 8260 
13802 5888 4585 8194 
13803 8152 7156 8207 
13804 2490 2492 8263 
13805 2957 7804 8067 
13806 513 125 7907 
13807 5918 6464 8124 
13808 6362 6365 8382 
13809 5086 8088 8279 
13810 5293 5294 5295 
13811 7148 1503 8290 
13812 5084 5154 8088 
13813 255 256 8251 
13814 1930 1908 8089 
13815 7796 2167 7994 
13816 5796 1279 8459 
13817 7056 4175 8128 
13818 1194 1196 8233 
13819 5035 7888 8113 
13820 6494 6493 8227 
13821 7403 7607 8212 
13822 5266 5268 5269 
13823 8013 7450 8115 
13824 5250 5819 8066 
13825 1613 7942 8116 
13826 3388 7327 8267 
13827 334 335 7985 
13828 120 121 8064 
13829 5271 5270 5273 
13830 8202 1194 8233 
13831 4475 5916 8106 
13832 5576 5478 8074 
13833 3769 7935 8090 
13834 4223 4225 8092 
13835 3360 2796 8097 
13836 4452 4793 8090 
13837 5015 3934 8235 
13838 304 502 7896 
13839 4955 4472 8215 
13840 6294 6322 8497 
13841 8045 4466 8108 
13842 1940 6466 8103 
13843 5848 4947 8732 
13844 3160 303 7896 
13845 5939 4499 8096 
13846 1979 1923 8087 
13847 2245 3491 8120 
13848 7557 4411 8208 
13849 2835 2173 8035 
13850 3400 2580 8040 
13851 3578 4937 8138 
13852 4558 3580 8138 
13853 5576 8074 8213 
13854 8163 4561 8256 
13855 8410 5083 8470 
13856 5272 5365 5366 
13857 793 947 8101 
13858 5662 4899 7997 
13859 8019 3239 8293 
13860 7967 2231 8120 
13861 7370 5008 8093 
13862 2066 2068 8014 
13863 6711 6756 8185 
13864 7416 4130 8266 
13865 7156 7155 8207 
13866 6088 7979 8173 
13867 8290 5649 8763 
13868 4903 4147 8244 
13869 5268 5272 8091 
13870 7913 3419 8074 
13871 4480 5713 8228 
13872 1816 7828 8100 
13873 8368 1277 8372 
13874 5295 5296 5660 
13875 4611 5193 8755 
13876 8096 7237 8132 
13877 7935 4452 8090 
13878 1730 1816 8100 
13879 5003 5338 8225 
13880 8025 5033 8095 
13881 5811 7557 8208 
13882 7699 3642 8163 
13883 8077 4699 8098 
13884 8029 5034 8058 
13885 7838 4400 8085 
13886 501 151 7894 
13887 3930 8082 8106 
13888 4699 4701 8098 
13889 2486 2488 8284 
13890 2409 7114 8301 
13891 4858 8280 8387 
13892 7338 4564 8282 
13893 4876 7910 8083 
13894 5050 8220 8326 
13895 6366 794 8340 
13896 6258 4925 8297 
13897 8256 7064 8283 
13898 3163 3164 3492 
13899 5882 5025 8252 
13900 5014 5866 8236 
13901 5269 5268 5270 
13902 2311 2309 8271 
13903 6915 4401 8324 
13904 7980 3388 8158 
13905 5653 4405 8304 
13906 8624 6424 8638 
13907 6385 6382 8298 
13908 1298 1144 8030 
13909 8522 3098 8531 
13910 6485 6482 8102 
13911 124 513 7908 
13912 3718 8045 8108 
13913 1656 1039 8050 
13914 7955 7748 8111 
13915 8449 2419 8450 
13916 4947 4186 8118 
13917 8241 981 8295 
13918 5366 5365 5367 
13919 5042 5043 8094 
13920 1086 7763 8239 
13921 252 253 8273 
13922 8526 5718 8536 
13923 2529 2450 8272 
13924 5070 8266 8309 
13925 7934 5012 8105 
13926 7978 1342 8030 
13927 978 7842 8168 
13928 4446 4448 8107 
13929 2794 7968 8097 
13930 7942 5065 8116 
13931 689 650 8276 
13932 2924 2923 3163 
13933 2796 2794 8097 
13934 5804 8158 8267 
13935 2922 2921 2923 
13936 5154 8169 8202 
13937 4175 4791 8128 
13938 3562 3883 8110 
13939 7237 4495 8119 
13940 4593 5503 8043 
13941 4457 7954 8104 
13942 953 2299 8340 
13943 4251 4562 8112 
13944 302 3160 7897 
13945 7093 2640 8130 
13946 7287 3823 8225 
13947 5678 4876 8083 
13948 157 158 559 
13949 297 298 558 
13950 5041 7548 8099 
13951 6715 6755 8216 
13952 4881 5473 8081 
13953 1998 8096 8132 
13954 6498 6497 8265 
13955 8119 7268 8157 
13956 4712 5824 8249 
13957 1571 1613 8116 
13958 5864 4710 8249 
13959 8074 3419 8213 
13960 1969 996 8117 
13961 4990 4989 8315 
13962 6703 6705 8114 
13963 4487 5708 8255 
13964 4403 5653 8324 
13965 1731 1730 8100 
13966 677 683 8121 
13967 5713 4485 8255 
13968 2841 3930 8123 
13969 6756 6713 8216 
13970 4382 5483 8032 
13971 4046 3400 8040 
13972 2510 2533 8125 
13973 8082 4476 8106 
13974 7629 8065 8222 
13975 8207 7155 8235 
13976 7450 1895 8115 
13977 2331 8770 8776 
13978 8113 981 8241 
13979 7503 4390 8222 
13980 7869 7082 8148 
13981 8339 6941 8368 
13982 5298 5352 5572 
13983 6424 6426 8638 
13984 2454 2542 8296 
13985 3615 1627 8126 
13986 2693 3185 8122 
13987 6136 4170 8331 
13988 5053 7967 8120 
13989 8318 2943 8339 
13990 152 2834 7894 
13991 8335 5049 8373 
13992 4770 3769 8090 
13993 7828 7658 8100 
13994 3702 3251 8109 
13995 8021 4611 8747 
13996 2480 2482 8322 
13997 1037 3670 8050 
13998 1564 6355 8389 
13999 249 250 8303 
14000 1039 1037 8050 
14001 2576 3499 8206 
14002 6719 6744 8247 
14003 7225 7996 8162 
14004 1839 1897 8259 
14005 8094 5046 8140 
14006 5058 7659 8148 
14007 5080 8068 8169 
14008 7440 1729 8151 
14009 8101 6127 8134 
14010 2413 6550 8141 
14011 2314 2317 8063 
14012 6136 8331 8386 
14013 4227 4229 8131 
14014 335 336 3496 
14015 119 120 3497 
14016 3251 2070 8109 
14017 3667 2312 8063 
14018 8230 4567 8342 
14019 4626 3718 8108 
14020 5470 7913 8074 
14021 6127 5030 8134 
14022 5050 4555 8220 
14023 1342 1298 8030 
14024 263 525 8133 
14025 7748 1605 8111 
14026 6755 6717 8247 
14027 4489 7062 8137 
14028 3122 2924 8011 
14029 2005 1999 8132 
14030 7268 4491 8139 
14031 4505 4945 8274 
14032 3938 5070 8245 
14033 4925 4926 8297 
14034 7625 2158 8129 
14035 5708 4503 8274 
14036 247 248 8320 
14037 3642 8004 8163 
14038 5354 5067 8374 
14039 7858 1623 8259 
14040 7115 8352 8379 
14041 2369 8411 8452 
14042 6971 6832 8143 
14043 4540 4542 8321 
14044 4713 9044 9049 
14045 5033 7891 8095 
14046 8542 3094 8548 
14047 7659 7869 8148 
14048 2723 3389 8142 
14049 8068 1352 8169 
14050 8139 7087 8187 
14051 8115 1895 8152 
14052 5478 5470 8074 
14053 6744 6721 8264 
14054 7194 4572 8355 
14055 6400 8587 8596 
14056 979 985 8295 
14057 5492 4457 8104 
14058 2005 8119 8157 
14059 7996 7925 8162 
14060 7779 6139 8170 
14061 2070 8014 8109 
14062 8279 7106 8318 
14063 245 246 8329 
14064 6446 6433 8136 
14065 2474 2476 8347 
14066 3360 8097 8246 
14067 3580 3578 8138 
14068 6635 2788 8583 
14069 7618 4380 8032 
14070 2369 5815 8411 
14071 5854 2419 8449 
14072 2834 153 7965 
14073 6502 6501 8305 
14074 6213 5036 8241 
14075 5197 8067 8135 
14076 6017 6015 8333 
14077 5012 2545 8144 
14078 7301 2458 8348 
14079 2802 1803 8285 
14080 4577 4370 8307 
14081 1801 1824 8285 
14082 7087 4566 8300 
14083 4368 4575 8307 
14084 6725 6743 8269 
14085 4372 4577 8308 
14086 2460 2544 8348 
14087 5039 5701 8275 
14088 5819 5252 8186 
14089 2550 2451 8311 
14090 2312 2314 8063 
14091 3923 7934 8105 
14092 2231 2245 8120 
14093 4484 2835 8035 
14094 1328 1311 8149 
14095 4377 5072 8366 
14096 8111 1605 8167 
14097 2464 2615 8363 
14098 2142 2222 8316 
14099 4459 4461 8147 
14100 2470 2472 8361 
14101 2774 2150 8316 
14102 4945 4507 8306 
14103 3550 2286 8057 
14104 5063 7503 8289 
14105 5058 8148 8245 
14106 4907 4538 8336 
14107 3445 8055 8150 
14108 5162 8311 8414 
14109 6489 6486 8145 
14110 7554 5693 8294 
14111 2544 2462 8363 
14112 511 301 7897 
14113 8065 6191 8222 
14114 4511 4938 8313 
14115 2466 2468 8365 
14116 6743 6727 8288 
14117 8090 4793 8183 
14118 5018 5017 8224 
14119 7933 5941 8280 
14120 3683 4377 8328 
14121 7759 3660 8140 
14122 1006 1096 8292 
14123 6157 4885 8528 
14124 4231 4233 8156 
14125 5910 6088 8173 
14126 2222 2140 8334 
14127 5804 5801 8158 
14128 5538 8576 8610 
14129 1895 7501 8152 
14130 2506 2594 8161 
14131 7804 3720 8135 
14132 6403 8606 8614 
14133 4566 7258 8332 
14134 7082 3937 8148 
14135 8438 1285 8441 
14136 6403 1554 8606 
14137 5586 5582 8369 
14138 6731 6754 8299 
14139 8067 7804 8135 
14140 5063 8289 8328 
14141 5521 6838 8560 
14142 6828 6575 8180 
14143 8557 3090 8568 
14144 8206 3499 8312 
14145 4247 4275 8159 
14146 7777 1724 8412 
14147 5162 5075 8349 
14148 3823 7962 8225 
14149 1572 6651 8242 
14150 6410 8572 8577 
14151 5051 7858 8259 
14152 2093 2006 8157 
14153 154 512 7965 
14154 2156 2255 2256 
14155 5987 6159 8155 
14156 1694 1693 8386 
14157 1851 957 8302 
14158 4463 7639 8277 
14159 1355 624 8362 
14160 7115 7305 8352 
14161 4233 4235 8164 
14162 5164 8362 8415 
14163 4137 4135 8373 
14164 8747 4611 8755 
14165 6707 6709 8160 
14166 5725 1909 8478 
14167 7415 3628 8166 
14168 2952 3850 8165 
14169 7644 5018 8150 
14170 5054 5055 8243 
14171 2093 8139 8187 
14172 5867 8177 8200 
14173 4536 4907 8360 
14174 4938 4513 8338 
14175 6735 6753 8317 
14176 8283 7065 8352 
14177 6754 6733 8317 
14178 4518 5691 8344 
14179 8055 7644 8150 
14180 5254 5815 8186 
14181 4243 4245 8176 
14182 4576 5164 8405 
14183 3628 8134 8166 
14184 7373 7699 8163 
14185 5674 4534 8360 
14186 5015 8235 8258 
14187 980 978 8168 
14188 5907 4970 8174 
14189 2139 2136 8359 
14190 3715 3717 4081 
14191 8027 3247 8224 
14192 4174 7092 8752 
14193 3163 3772 8011 
14194 5029 5027 8172 
14195 8156 4233 8164 
14196 8088 1284 8279 
14197 5067 8219 8374 
14198 6739 6742 8327 
14199 6506 6505 8353 
14200 5061 8040 8206 
14201 2924 3163 8011 
14202 7092 5556 8759 
14203 5158 5844 8403 
14204 3779 3415 3781 
14205 2200 2774 8358 
14206 6753 6737 8327 
14207 4623 4191 8181 
14208 3858 3532 8309 
14209 4524 5688 8357 
14210 7276 8152 8207 
14211 650 646 8177 
14212 6024 975 8218 
14213 5691 4522 8357 
14214 2577 2579 8203 
14215 8488 2553 8549 
14216 4532 5674 8367 
14217 3758 5053 8232 
14218 4528 5677 8364 
14219 5677 4530 8367 
14220 4770 8090 8183 
14221 6742 6741 8341 
14222 8332 7258 8351 
14223 4703 4706 8175 
14224 5688 4526 8364 
14225 8585 3086 8591 
14226 4239 4241 8182 
14227 6572 6571 8179 
14228 5082 5080 8169 
14229 8677 6133 8702 
14230 8224 3247 8355 
14231 5354 8374 8395 
14232 5051 8259 8282 
14233 3853 3539 8257 
14234 2652 6820 8381 
14235 8162 3931 8201 
14236 1797 2801 8356 
14237 4791 5293 8128 
14238 1824 1799 8356 
14239 6410 1533 8572 
14240 1570 1526 8401 
14241 1909 1686 8189 
14242 8366 5072 8378 
14243 4468 4470 8184 
14244 934 1564 8389 
14245 7959 5018 8224 
14246 3491 4042 8154 
14247 158 159 8047 
14248 296 297 8146 
14249 4349 7780 8337 
14250 1546 1572 8242 
14251 4631 5527 8942 
14252 8166 5031 8217 
14253 3941 8095 8243 
14254 3660 8094 8140 
14255 8300 4566 8332 
14256 1605 7858 8167 
14257 795 1851 8345 
14258 6709 6711 8185 
14259 8755 5193 8761 
14260 5818 3221 8262 
14261 8040 2578 8206 
14262 4237 4239 8191 
14263 8702 6132 8726 
14264 6037 7147 8171 
14265 779 783 8370 
14266 5160 3767 8291 
14267 8205 5163 8337 
14268 5891 7613 8325 
14269 2502 2540 8192 
14270 4571 4569 8383 
14271 5125 8554 8632 
14272 2097 2094 8187 
14273 8607 3082 8617 
14274 3618 4913 8190 
14275 2779 7827 8229 
14276 4239 8182 8191 
14277 8148 3937 8245 
14278 8174 6835 8193 
14279 6493 6490 8188 
14280 4714 4713 9049 
14281 4349 8337 8421 
14282 5645 5648 8376 
14283 7925 3931 8162 
14284 4287 7072 8199 
14285 3534 4389 8193 
14286 8177 644 8200 
14287 8095 5054 8243 
14288 7881 1979 8230 
14289 260 477 8198 
14290 7224 8201 8229 
14291 7885 2921 8178 
14292 8160 6709 8185 
14293 1352 1192 8202 
14294 8181 6325 8775 
14295 8175 4706 8196 
14296 2828 2830 8371 
14297 3931 1394 8201 
14298 4706 4708 8196 
14299 2444 2446 8197 
14300 6510 6509 8380 
14301 3446 1734 8270 
14302 7416 8335 8373 
14303 7503 8222 8289 
14304 5580 8330 8369 
14305 4858 4117 8280 
14306 5277 5270 8091 
14307 6074 6075 8569 
14308 5272 5366 8091 
14309 6273 1864 8904 
14310 8571 6413 8574 
14311 8628 3078 8636 
14312 8229 7827 8278 
14313 1915 1664 8178 
14314 4913 5898 8204 
14315 8190 4913 8204 
14316 1154 8761 8767 
14317 6213 2400 8384 
14318 8440 5178 8681 
14319 3186 3715 3716 
14320 2953 3513 8209 
14321 6662 8079 8351 
14322 8169 1352 8202 
14323 5252 5254 8186 
14324 5156 6883 8433 
14325 5270 5268 8091 
14326 5056 5057 8246 
14327 8689 3066 8694 
14328 4899 3550 8057 
14329 8644 3074 8658 
14330 8097 5056 8246 
14331 7187 5168 8595 
14332 3933 7276 8207 
14333 671 3041 8210 
14334 5382 4770 8183 
14335 4894 4895 8211 
14336 5999 2291 8710 
14337 5586 8394 8409 
14338 7373 8163 8256 
14339 8670 3070 8678 
14340 2220 1989 8398 
14341 3702 8109 8291 
14342 4766 3758 8232 
14343 2681 7403 8212 
14344 8328 4377 8366 
14345 1991 2681 8398 
14346 4081 4086 5393 
14347 7759 8140 8194 
14348 4411 4936 8208 
14349 4585 7759 8194 
14350 4815 6870 8740 
14351 1214 1216 8413 
14352 8424 1353 8429 
14353 2770 7592 8378 
14354 5073 5162 8400 
14355 2551 2457 8396 
14356 2578 2576 8206 
14357 2770 8378 8400 
14358 8197 2446 8223 
14359 1664 1852 8178 
14360 7553 6708 9323 
14361 2286 6026 8057 
14362 5172 4894 8214 
14363 4472 4478 8215 
14364 2649 7187 8234 
14365 7994 4884 8205 
14366 5154 8202 8233 
14367 8149 2711 8220 
14368 4894 8211 8214 
14369 6835 4102 8221 
14370 3428 3429 8661 
14371 5590 5587 8409 
14372 4515 8293 8319 
14373 6149 6148 8741 
14374 8393 5661 8462 
14375 6713 6715 8216 
14376 4348 5903 8331 
14377 2801 1795 8392 
14378 1793 1826 8392 
14379 560 334 7985 
14380 121 561 8064 
14381 4170 3892 8331 
14382 8187 7087 8300 
14383 3933 8207 8235 
14384 5031 5032 8217 
14385 5282 5264 8127 
14386 4169 6189 8493 
14387 4153 7691 8286 
14388 2597 7116 8463 
14389 8220 2711 8326 
14390 3849 2381 8418 
14391 2945 3847 8418 
14392 5641 5644 8406 
14393 5159 5158 8431 
14394 258 578 8226 
14395 7223 7224 8229 
14396 626 628 8415 
14397 8244 4443 8310 
14398 2921 1915 8178 
14399 2717 3624 8231 
14400 5168 5687 8590 
14401 2446 2448 8223 
14402 5578 5576 8213 
14403 4478 4480 8228 
14404 4555 5052 8220 
14405 5167 8396 8445 
14406 5360 4393 8804 
14407 8037 4060 8219 
14408 5266 5269 8127 
14409 5660 5296 8254 
14410 1968 5880 8508 
14411 6497 6494 8227 
14412 3669 7933 8280 
14413 1979 8053 8230 
14414 8215 4478 8228 
14415 1731 8100 8270 
14416 5070 3940 8335 
14417 8280 5941 8387 
14418 7116 1018 8237 
14419 2496 2532 8238 
14420 1083 1086 8239 
14421 4081 5393 5394 
14422 1079 1082 8240 
14423 7796 7994 8205 
14424 4390 7629 8222 
14425 5157 5104 8407 
14426 2291 6024 8724 
14427 6870 6871 8841 
14428 1220 1222 8429 
14429 1033 1034 8454 
14430 5537 5549 8354 
14431 4147 4443 8244 
14432 7183 4152 8248 
14433 3115 3114 8394 
14434 5264 5266 8127 
14435 5710 5014 8236 
14436 3934 3933 8235 
14437 3419 7302 8213 
14438 6426 6428 8656 
14439 1898 7115 8379 
14440 8142 3389 8333 
14441 2449 2447 8414 
14442 1362 1364 8253 
14443 5038 6213 8384 
14444 5168 8590 8595 
14445 8168 7842 8403 
14446 159 160 3495 
14447 295 296 3494 
14448 2913 7796 8205 
14449 7959 8224 8355 
14450 5158 8403 8431 
14451 6079 6080 8544 
14452 8638 6426 8656 
14453 5340 4079 5380 
14454 4548 4898 8250 
14455 8100 7658 8270 
14456 6717 6719 8247 
14457 5340 5380 5570 
14458 5053 8154 8232 
14459 1586 1546 8242 
14460 8261 6956 8455 
14461 3539 3544 8257 
14462 5841 3716 8868 
14463 5164 4563 8375 
14464 5157 7253 8420 
14465 256 526 8251 
14466 4710 4712 8249 
14467 3893 6919 9023 
14468 779 8370 8539 
14469 8154 5301 8232 
14470 1968 8508 8519 
14471 7223 8229 8278 
14472 5025 5024 8252 
14473 5035 8113 8241 
14474 8237 7091 8430 
14475 3389 7410 8427 
14476 4318 4580 8430 
14477 3384 4049 8377 
14478 2097 8187 8300 
14479 5637 5640 8425 
14480 5106 5157 8420 
14481 4485 4487 8255 
14482 157 559 8048 
14483 5036 5035 8241 
14484 5040 8037 8219 
14485 6902 2182 8261 
14486 1960 2014 8462 
14487 8330 3195 8369 
14488 5021 7881 8230 
14489 7962 5003 8225 
14490 1226 1228 8441 
14491 5590 8428 8435 
14492 7155 2183 8258 
14493 5594 5591 8435 
14494 1852 1614 8287 
14495 8023 5040 8219 
14496 5079 5167 8436 
14497 8407 1278 8413 
14498 3857 4129 8404 
14499 5156 5110 8424 
14500 666 670 8260 
14501 5068 5069 8460 
14502 2184 7373 8256 
14503 2492 2595 8263 
14504 6201 8419 8460 
14505 7139 2597 8456 
14506 3937 3938 8245 
14507 7194 8371 8383 
14508 7841 3941 8243 
14509 8278 4578 8319 
14510 8405 5164 8415 
14511 8245 5070 8309 
14512 7230 5159 8473 
14513 8293 5066 8319 
14514 2315 2313 8452 
14515 1623 1839 8259 
14516 6721 6723 8264 
14517 3703 5186 8440 
14518 5017 8027 8224 
14519 5296 5298 8254 
14520 7827 4578 8278 
14521 3824 3360 8246 
14522 8109 5060 8291 
14523 5061 8206 8312 
14524 5394 5393 5455 
14525 1230 1232 8450 
14526 6312 6314 8453 
14527 7332 1894 8630 
14528 8258 2183 8276 
14529 6501 6498 8265 
14530 5113 5175 8484 
14531 8377 4049 8426 
14532 7327 5327 8267 
14533 4578 4515 8319 
14534 8252 5024 8268 
14535 7338 8282 8314 
14536 8243 5055 8323 
14537 8911 5216 8918 
14538 2309 3158 8271 
14539 5112 5156 8433 
14540 6201 7790 8419 
14541 335 3496 7985 
14542 3497 120 8064 
14543 5021 8230 8342 
14544 5540 4126 8439 
14545 6723 6725 8269 
14546 5024 5891 8268 
14547 253 475 8273 
14548 2183 689 8276 
14549 4503 4505 8274 
14550 8627 2325 8667 
14551 6311 6310 8469 
14552 1234 1236 8464 
14553 2450 2452 8272 
14554 5854 5116 8438 
14555 6345 6402 8614 
14556 2164 8128 8393 
14557 1898 8379 8405 
14558 6956 6953 8541 
14559 3953 7223 8278 
14560 4342 7148 8290 
14561 5633 5636 8442 
14562 2184 8256 8283 
14563 4464 8498 8506 
14564 2488 2541 8284 
14565 4564 5051 8282 
14566 5298 5572 8254 
14567 1639 969 8555 
14568 5693 4932 8281 
14569 7639 3956 8277 
14570 4130 3858 8266 
14571 8222 6191 8289 
14572 5580 5578 8330 
14573 8264 6723 8269 
14574 8235 7155 8258 
14575 6952 1639 8553 
14576 5088 5086 8279 
14577 8400 5162 8414 
14578 4389 8174 8193 
14579 1826 1791 8443 
14580 8272 2452 8296 
14581 1803 1801 8285 
14582 2455 2453 8445 
14583 7157 6662 8432 
14584 6191 3685 8289 
14585 1734 1731 8270 
14586 982 1006 8292 
14587 8088 5154 8233 
14588 610 8594 8600 
14589 7632 2184 8283 
14590 6727 6729 8288 
14591 8219 4060 8374 
14592 3954 4464 8455 
14593 5118 5854 8449 
14594 5594 8457 8468 
14595 5796 5120 8449 
14596 5052 8149 8220 
14597 8484 2554 8578 
14598 3940 5049 8335 
14599 8710 2291 8724 
14600 1787 1823 8448 
14601 6658 2409 8301 
14602 5598 5595 8468 
14603 1240 1242 8477 
14604 2501 2555 8451 
14605 6382 6384 8298 
14606 981 979 8295 
14607 3415 3122 8195 
14608 496 7040 9327 
14609 3953 8278 8319 
14610 957 982 8302 
14611 2452 2454 8296 
14612 7194 8355 8371 
14613 4575 7554 8294 
14614 4926 6038 8297 
14615 6729 6731 8299 
14616 4405 4407 8304 
14617 2677 8794 8800 
14618 1614 1586 8287 
14619 250 523 8303 
14620 609 612 8485 
14621 4370 4368 8307 
14622 4374 4372 8308 
14623 3122 8011 8195 
14624 6414 1598 8580 
14625 4507 4509 8306 
14626 5155 5124 8459 
14627 5122 5796 8459 
14628 7528 2097 8300 
14629 1244 1246 8487 
14630 4117 3669 8280 
14631 5105 5107 8488 
14632 8289 3685 8328 
14633 1783 2806 8461 
14634 3532 5058 8309 
14635 6184 4990 8315 
14636 1823 1785 8461 
14637 982 8292 8302 
14638 5088 8279 8318 
14639 2150 2142 8316 
14640 5059 6090 8465 
14641 6505 6502 8305 
14642 8288 6729 8299 
14643 5091 5093 8492 
14644 5167 5081 8410 
14645 4509 4511 8313 
14646 2552 8482 8492 
14647 7157 8432 8437 
14648 2711 7250 8326 
14649 5815 5256 8411 
14650 3111 3110 8428 
14651 4581 7157 8437 
14652 6615 992 8486 
14653 5629 5632 8467 
14654 8553 1639 8555 
14655 6116 6003 8586 
14656 4542 4902 8321 
14657 2451 2449 8311 
14658 6733 6735 8317 
14659 248 2656 8320 
14660 2913 8205 8337 
14661 1248 1250 8499 
14662 8456 2597 8463 
14663 4050 4869 8466 
14664 5126 5155 8472 
14665 4076 3508 8466 
14666 1586 8242 8287 
14667 2482 2543 8322 
14668 5209 8851 8855 
14669 7302 3195 8330 
14670 702 8908 8911 
14671 8306 4509 8313 
14672 8412 5491 8493 
14673 2551 8410 8470 
14674 5090 5088 8318 
14675 992 994 8486 
14676 4401 4403 8324 
14677 5258 5261 8411 
14678 7090 6902 8506 
14679 8337 5163 8421 
14680 8290 1503 8346 
14681 1522 1263 8476 
14682 5735 5130 8475 
14683 6228 8543 8582 
14684 8753 5283 8766 
14685 8213 7302 8330 
14686 8656 6428 8675 
14687 5160 8291 8377 
14688 5066 3953 8319 
14689 5578 8213 8330 
14690 8512 5282 8545 
14691 1252 1254 8504 
14692 8058 5172 8310 
14693 8311 5162 8349 
14694 246 473 8329 
14695 1897 7749 8314 
14696 794 953 8340 
14697 6737 6739 8327 
14698 3685 3683 8328 
14699 5047 4556 8343 
14700 7790 2308 8419 
14701 7320 8491 8507 
14702 2487 2554 8480 
14703 4558 8138 8478 
14704 9158 965 9160 
14705 4538 4540 8336 
14706 7528 8300 8332 
14707 2806 1781 8479 
14708 5718 8030 8536 
14709 3781 3415 8195 
14710 4464 3955 8498 
14711 1779 1825 8479 
14712 2140 2139 8334 
14713 6020 6017 8333 
14714 4603 8669 8690 
14715 3767 3702 8291 
14716 2186 2247 8350 
14717 6020 8333 8427 
14718 1256 1258 8511 
14719 5132 5735 8483 
14720 5721 5134 8483 
14721 5598 8490 8503 
14722 8352 7065 8379 
14723 4513 4516 8338 
14724 4563 4589 8375 
14725 8652 6439 8734 
14726 5602 5599 8503 
14727 5216 4648 8918 
14728 2310 3667 8419 
14729 7613 4092 8325 
14730 5062 5061 8312 
14731 6428 6430 8675 
14732 4463 8277 8553 
14733 5090 8318 8339 
14734 4515 8019 8293 
14735 6741 6747 8341 
14736 5092 5090 8339 
14737 4002 5021 8342 
14738 5844 8168 8403 
14739 1260 1262 8515 
14740 8430 7091 8498 
14741 4516 4518 8344 
14742 2918 7528 8332 
14743 4636 5209 8855 
14744 4900 4582 8705 
14745 559 158 8047 
14746 297 558 8146 
14747 5295 5661 8393 
14748 5489 5487 8434 
14749 8775 6325 8794 
14750 789 795 8345 
14751 2467 2552 8496 
14752 5711 5138 8495 
14753 2476 2531 8347 
14754 5136 5721 8495 
14755 8621 7590 8746 
14756 1531 7841 8323 
14757 7416 8266 8335 
14758 7841 8243 8323 
14759 3446 7400 8471 
14760 8338 4516 8344 
14761 2918 8332 8351 
14762 7356 8807 8813 
14763 3892 4348 8331 
14764 5625 5628 8494 
14765 2458 2460 8348 
14766 2164 8393 8462 
14767 5095 5097 8516 
14768 7230 8473 8523 
14769 4144 2200 8358 
14770 5140 5711 8502 
14771 5707 5142 8502 
14772 4534 4536 8360 
14773 4522 4524 8357 
14774 7632 8283 8352 
14775 1799 1797 8356 
14776 5880 4586 8508 
14777 2550 8311 8349 
14778 2136 2135 8359 
14779 5075 5077 8349 
14780 2472 2596 8361 
14781 8387 1662 8401 
14782 605 607 8519 
14783 6296 6293 8529 
14784 6509 6506 8353 
14785 2939 2471 8505 
14786 5058 8245 8309 
14787 5698 5146 8509 
14788 624 626 8362 
14789 5144 5707 8509 
14790 2468 2530 8365 
14791 4526 4528 8364 
14792 7305 7632 8352 
14793 7780 2913 8337 
14794 2462 2464 8363 
14795 5092 8339 8368 
14796 4859 5059 8465 
14797 4530 4532 8367 
14798 8266 5070 8335 
14799 5159 8431 8473 
14800 4568 5063 8366 
14801 4581 8437 8456 
14802 5941 1662 8387 
14803 5694 5150 8513 
14804 5148 5698 8513 
14805 3349 8006 8489 
14806 1818 1738 8471 
14807 4584 5071 8508 
14808 1736 3446 8471 
14809 5656 5537 8354 
14810 5094 5092 8368 
14811 4443 8058 8310 
14812 783 789 8370 
14813 4571 8383 8390 
14814 1825 1777 8514 
14815 3446 8270 8422 
14816 5602 8522 8531 
14817 8592 6422 8612 
14818 789 8345 8370 
14819 6365 6843 8382 
14820 5606 5603 8531 
14821 5063 8328 8366 
14822 3195 3115 8394 
14823 4823 8740 8797 
14824 5621 5624 8517 
14825 5081 5083 8410 
14826 6080 6302 8544 
14827 3107 3106 8457 
14828 4049 5381 8426 
14829 4580 8237 8430 
14830 3247 2828 8371 
14831 1773 1822 8521 
14832 5094 8368 8372 
14833 5096 5094 8372 
14834 6215 6048 8560 
14835 4137 8550 8647 
14836 6925 4738 9016 
14837 7818 5652 8618 
14838 8716 5151 8721 
14839 5582 5580 8369 
14840 7884 4450 8439 
14841 8128 5293 8393 
14842 8006 5699 8489 
14843 4568 8366 8378 
14844 6662 8351 8432 
14845 4572 7959 8355 
14846 6047 6046 8569 
14847 1355 8362 8375 
14848 5644 5645 8376 
14849 8436 5167 8445 
14850 3362 2652 8381 
14851 8471 7400 8520 
14852 4135 7416 8373 
14853 7065 7066 8379 
14854 5060 3384 8377 
14855 8378 5072 8400 
14856 4060 4747 8374 
14857 8476 6437 8652 
14858 8138 5725 8478 
14859 1822 1771 8533 
14860 6513 6510 8380 
14861 1693 6136 8386 
14862 5096 8372 8385 
14863 7592 4568 8378 
14864 8602 5117 8609 
14865 5617 5620 8532 
14866 3560 8421 8447 
14867 4569 7194 8383 
14868 7025 7026 8446 
14869 8079 2918 8351 
14870 8239 7763 8590 
14871 5098 5096 8385 
14872 5059 8387 8401 
14873 6067 6072 8561 
14874 5606 8542 8548 
14875 5610 5607 8548 
14876 6647 4591 8565 
14877 3634 6445 8707 
14878 5177 8451 8554 
14879 2810 774 8539 
14880 3362 8381 8397 
14881 8455 6956 8541 
14882 1767 1821 8537 
14883 8524 1530 8547 
14884 5859 4598 8582 
14885 1724 7441 8412 
14886 6075 6068 8561 
14887 5860 8660 8712 
14888 932 934 8389 
14889 8291 5060 8377 
14890 2939 8516 8527 
14891 5100 5098 8388 
14892 5701 5038 8384 
14893 5098 8385 8388 
14894 8282 1897 8314 
14895 7320 1355 8491 
14896 4991 6647 8551 
14897 1795 1793 8392 
14898 1373 1541 8547 
14899 2315 8512 8545 
14900 3114 3111 8428 
14901 4899 8057 8391 
14902 8374 4747 8395 
14903 406 7470 8552 
14904 538 405 8552 
14905 5586 8369 8394 
14906 6071 6078 8570 
14907 4464 8261 8455 
14908 5533 5502 8524 
14909 6596 5165 8626 
14910 8951 6545 9166 
14911 6397 6406 8577 
14912 4162 3362 8397 
14913 7441 5488 8412 
14914 5166 5851 8594 
14915 7066 4576 8405 
14916 5860 2256 8660 
14917 6072 6069 8570 
14918 1989 1991 8398 
14919 8362 5164 8375 
14920 2830 7721 8390 
14921 2457 2455 8396 
14922 7953 6058 8523 
14923 9471 7896 9473 
14924 6361 6363 8399 
14925 6430 6432 8688 
14926 5613 5616 8546 
14927 8379 7066 8405 
14928 1662 1570 8401 
14929 2810 8539 8551 
14930 5715 5716 8526 
14931 3103 3102 8490 
14932 2550 8349 8436 
14933 8057 6027 8391 
14934 5100 8388 8402 
14935 8675 6430 8688 
14936 6407 6409 8571 
14937 5572 5352 8444 
14938 5102 5100 8402 
14939 5059 4858 8387 
14940 5072 5073 8400 
14941 8351 7258 8432 
14942 9161 1357 9164 
14943 4747 5386 8395 
14944 8349 5077 8436 
14945 8370 5732 8539 
14946 5160 8377 8426 
14947 4162 8397 8416 
14948 4450 3857 8404 
14949 5640 5641 8406 
14950 159 3495 8047 
14951 3494 296 8146 
14952 5149 5151 8709 
14953 6919 3893 9040 
14954 6236 3363 9043 
14955 5614 5611 8568 
14956 5610 8557 8568 
14957 4885 4883 8528 
14958 6094 4349 8421 
14959 5109 5111 8578 
14960 2481 2553 8558 
14961 7658 5989 8422 
14962 7882 5848 8662 
14963 8485 7280 8525 
14964 5104 5102 8407 
14965 5102 8402 8407 
14966 1962 7140 8584 
14967 1278 1214 8413 
14968 8277 6952 8553 
14969 5147 5149 8703 
14970 5609 5612 8556 
14971 7842 3662 8403 
14972 2551 8396 8410 
14973 2554 2485 8567 
14974 1106 2927 8536 
14975 5587 5586 8409 
14976 628 1898 8415 
14977 2447 2770 8414 
14978 6811 4162 8416 
14979 1235 2788 8572 
14980 1533 1237 8572 
14981 7721 3357 8408 
14982 4597 7885 8535 
14983 2832 1754 8562 
14984 1756 2832 8563 
14985 5145 5147 8700 
14986 1763 1758 8563 
14987 8408 3357 8417 
14988 1559 1661 8584 
14989 8390 7721 8408 
14990 1239 1533 8574 
14991 7997 4899 8391 
14992 6251 6252 8601 
14993 3110 3107 8457 
14994 2381 2945 8418 
14995 5256 5258 8411 
14996 8709 5151 8716 
14997 1598 1243 8580 
14998 5293 5295 8393 
14999 6415 6419 8592 
15000 8355 3247 8371 
15001 1752 1820 8562 
15002 4591 5174 8593 
15003 1760 1763 8575 
15004 6399 6396 8596 
15005 8565 4591 8593 
15006 6777 6778 8501 
15007 1607 7898 8666 
15008 8641 6062 8682 
15009 1821 1765 8579 
15010 2322 2316 8545 
15011 5143 5145 8695 
15012 2788 1233 8583 
15013 8403 3662 8431 
15014 5618 5615 8591 
15015 3357 7761 8417 
15016 5614 8585 8591 
15017 5108 5106 8420 
15018 9046 7468 9546 
15019 8270 7658 8422 
15020 1819 1744 8564 
15021 6228 7775 8543 
15022 1820 1750 8573 
15023 1746 1819 8566 
15024 1740 1818 8559 
15025 5605 5608 8581 
15026 5115 5117 8602 
15027 5141 5143 8692 
15028 762 763 8608 
15029 8551 6647 8565 
15030 599 601 8600 
15031 5487 5562 8434 
15032 3099 3098 8522 
15033 1229 1554 8587 
15034 4738 6925 9018 
15035 5110 5108 8424 
15036 5083 5085 8470 
15037 8700 5147 8703 
15038 6422 7647 8612 
15039 5636 5637 8425 
15040 2770 8400 8414 
15041 5488 5491 8412 
15042 5108 8420 8424 
15043 1353 1220 8429 
15044 8030 1144 8536 
15045 6223 6350 8683 
15046 7410 5337 8427 
15047 8375 4589 8491 
15048 8703 5149 8709 
15049 5139 5141 8687 
15050 772 8835 8901 
15051 3958 4318 8430 
15052 2938 2491 8597 
15053 5538 5534 8576 
15054 7258 3946 8432 
15055 5137 5139 8680 
15056 5590 8409 8428 
15057 1556 8697 8713 
15058 2308 2310 8419 
15059 8593 5174 8608 
15060 7936 5066 8423 
15061 5261 5262 8512 
15062 1898 8405 8415 
15063 7677 5176 8631 
15064 4137 8373 8550 
15065 3106 3103 8490 
15066 2208 2079 8599 
15067 5601 5604 8598 
15068 8692 5143 8695 
15069 1225 2798 8606 
15070 5622 5619 8617 
15071 1554 1227 8606 
15072 5687 8239 8590 
15073 8432 3946 8437 
15074 5618 8607 8617 
15075 5114 5112 8433 
15076 8396 5167 8410 
15077 5135 5137 8676 
15078 8695 5145 8700 
15079 3457 3456 8611 
15080 1245 1598 8612 
15081 5133 5135 8668 
15082 5185 4590 8603 
15083 3662 7837 8431 
15084 5161 5160 8426 
15085 2927 7990 8538 
15086 5077 5079 8436 
15087 7647 1247 8612 
15088 6179 6180 8729 
15089 2292 6062 8641 
15090 5116 5114 8438 
15091 2135 5041 8618 
15092 3946 7357 8437 
15093 5591 5590 8435 
15094 5114 8433 8438 
15095 6219 6221 8691 
15096 3634 1288 8621 
15097 5668 5667 8629 
15098 5085 5087 8474 
15099 6176 6177 8691 
15100 8369 3195 8394 
15101 1285 1226 8441 
15102 8680 5139 8687 
15103 4596 3977 8620 
15104 5131 5133 8659 
15105 1275 7590 8621 
15106 8510 7404 8613 
15107 5685 5684 8679 
15108 5041 7818 8618 
15109 8293 3239 8423 
15110 4467 4616 8605 
15111 2139 8359 8705 
15112 3095 3094 8542 
15113 1791 1789 8443 
15114 5632 5633 8442 
15115 8687 5141 8692 
15116 8398 2681 8731 
15117 5597 5600 8615 
15118 4126 7884 8439 
15119 2453 2550 8445 
15120 5352 5548 8444 
15121 4880 4845 8616 
15122 4613 5564 8500 
15123 8491 7346 8507 
15124 4597 8535 8643 
15125 6100 1033 8454 
15126 5626 5623 8636 
15127 1789 1787 8448 
15128 8383 2830 8390 
15129 5120 5118 8449 
15130 762 8608 8631 
15131 8586 4616 8735 
15132 5165 5045 8626 
15133 8063 7404 8510 
15134 5622 8628 8636 
15135 8668 5135 8676 
15136 2419 1230 8450 
15137 8470 5085 8474 
15138 8443 1789 8448 
15139 1355 8375 8491 
15140 5689 1699 8812 
15141 6314 6318 8453 
15142 8474 5087 8481 
15143 2503 2501 8451 
15144 5964 5963 8647 
15145 3601 7320 8507 
15146 3102 3099 8522 
15147 5087 5089 8481 
15148 2313 2369 8452 
15149 5880 8485 8525 
15150 8676 5137 8680 
15151 5669 8816 8822 
15152 6348 6344 8646 
15153 5125 5127 8554 
15154 2798 1223 8635 
15155 7357 7139 8456 
15156 3275 3272 8653 
15157 8437 7357 8456 
15158 3956 3954 8455 
15159 3701 3703 8440 
15160 5123 5125 8632 
15161 758 759 8655 
15162 1885 5999 8690 
15163 7561 7745 8634 
15164 5124 5122 8459 
15165 7775 1958 8543 
15166 5069 6201 8460 
15167 5594 8435 8457 
15168 5129 5131 8654 
15169 3958 8430 8498 
15170 2014 2164 8462 
15171 5593 5596 8633 
15172 2935 8645 8654 
15173 1279 1234 8464 
15174 6058 6057 8588 
15175 768 8852 8919 
15176 2156 2256 8543 
15177 3601 8507 8525 
15178 1785 1783 8461 
15179 530 431 8649 
15180 4888 3460 8611 
15181 758 8655 8671 
15182 432 7355 8649 
15183 1219 1555 8639 
15184 4580 4581 8463 
15185 8523 6058 8588 
15186 8576 1541 8610 
15187 5121 5123 8623 
15188 8659 5133 8668 
15189 5066 8293 8423 
15190 5119 5121 8619 
15191 1005 984 8650 
15192 5630 5627 8658 
15193 8588 6057 8620 
15194 3508 4050 8466 
15195 6310 6315 8469 
15196 2935 2505 8645 
15197 5626 8644 8658 
15198 3058 8723 8744 
15199 3091 3090 8557 
15200 7280 3601 8525 
15201 5163 4885 8447 
15202 5628 5629 8467 
15203 5128 5126 8472 
15204 5301 5937 9598 
15205 7651 2551 8470 
15206 5175 8480 8484 
15207 5117 5119 8609 
15208 2327 2333 8667 
15209 5595 5594 8468 
15210 8790 6163 8884 
15211 5089 5091 8482 
15212 4610 4609 8712 
15213 5961 1375 8664 
15214 3429 8310 8661 
15215 5130 5128 8475 
15216 8631 5176 8655 
15217 8498 7091 8506 
15218 1263 1261 8476 
15219 2937 7651 8474 
15220 1738 1736 8471 
15221 1354 1240 8477 
15222 5128 8472 8475 
15223 5023 8653 8780 
15224 4861 4859 8465 
15225 2937 8474 8481 
15226 4581 8456 8463 
15227 6005 6004 8903 
15228 5589 5592 8648 
15229 3098 3095 8542 
15230 1781 1779 8479 
15231 2489 2487 8480 
15232 6221 6220 8683 
15233 8619 5121 8623 
15234 7651 8470 8474 
15235 8431 7837 8473 
15236 5111 5113 8484 
15237 754 755 8684 
15238 5134 5132 8483 
15239 7837 1849 8473 
15240 5262 5282 8512 
15241 5634 5631 8678 
15242 1375 1527 8664 
15243 7676 2937 8481 
15244 5675 1934 8825 
15245 8409 3114 8428 
15246 2418 1244 8487 
15247 994 1969 8486 
15248 612 7280 8485 
15249 5107 5173 8488 
15250 2552 7676 8482 
15251 5071 5888 8530 
15252 4599 5183 8671 
15253 8623 5123 8632 
15254 5630 8670 8678 
15255 1555 1217 8674 
15256 8481 5089 8482 
15257 1215 2808 8674 
15258 4589 7346 8491 
15259 7745 3663 8802 
15260 5700 4558 8478 
15261 8480 2554 8484 
15262 5535 5531 8757 
15263 5093 5170 8492 
15264 5103 5105 8549 
15265 2938 8597 8602 
15266 8654 5131 8659 
15267 6322 6323 8497 
15268 2550 8436 8445 
15269 5099 5101 8534 
15270 5068 8510 8613 
15271 5138 5136 8495 
15272 3087 3086 8585 
15273 5101 5103 8540 
15274 2469 2467 8496 
15275 3570 8171 8625 
15276 5598 8468 8490 
15277 3955 3958 8498 
15278 7676 8481 8482 
15279 1280 1248 8499 
15280 5624 5625 8494 
15281 5097 5099 8527 
15282 3493 5178 8665 
15283 8609 5119 8619 
15284 2552 8492 8496 
15285 5585 5588 8673 
15286 4603 4136 8669 
15287 6147 6152 8725 
15288 3700 3701 8681 
15289 754 8684 8696 
15290 4846 5492 8663 
15291 7898 5560 8666 
15292 2554 8567 8578 
15293 8727 1531 8834 
15294 6857 6859 8768 
15295 3667 8063 8510 
15296 5142 5140 8502 
15297 7976 3349 8489 
15298 2808 1213 8686 
15299 5638 5635 8694 
15300 2416 1252 8504 
15301 1211 1588 8686 
15302 2469 8496 8505 
15303 5023 3970 8672 
15304 7091 7090 8506 
15305 6432 6434 8697 
15306 2321 2325 8627 
15307 8473 1849 8523 
15308 5634 8689 8694 
15309 5068 8460 8510 
15310 8534 5101 8540 
15311 5599 5598 8503 
15312 8558 5173 8567 
15313 2471 2469 8505 
15314 8550 7957 8647 
15315 3094 3091 8557 
15316 2939 8505 8516 
15317 5146 5144 8509 
15318 4586 4584 8508 
15319 610 5888 8594 
15320 3956 8455 8541 
15321 1281 1256 8511 
15322 7346 5169 8507 
15323 8496 5170 8505 
15324 8440 5186 8665 
15325 1695 7546 8679 
15326 2315 8452 8512 
15327 5150 5148 8513 
15328 2411 1260 8515 
15329 5716 5718 8526 
15330 6189 7777 8493 
15331 3083 3082 8607 
15332 1777 1775 8514 
15333 5170 5095 8516 
15334 8507 5169 8525 
15335 8540 5103 8549 
15336 6356 754 8696 
15337 6046 6074 8569 
15338 6171 6175 8718 
15339 5639 5638 8708 
15340 6436 6439 8652 
15341 4861 8465 8524 
15342 8527 5099 8534 
15343 5620 5621 8517 
15344 6167 6172 8720 
15345 6172 6169 8718 
15346 5185 8627 8667 
15347 607 1968 8519 
15348 5744 9471 9473 
15349 6811 8416 8915 
15350 6388 4604 8729 
15351 6180 6168 8720 
15352 8671 5183 8684 
15353 1775 1773 8521 
15354 8554 2555 8632 
15355 8514 1775 8521 
15356 8435 3110 8457 
15357 5602 8503 8522 
15358 764 8874 8943 
15359 5169 5880 8525 
15360 5684 7855 8679 
15361 8310 5172 8661 
15362 7593 2783 8699 
15363 8359 4900 8705 
15364 6293 6297 8529 
15365 1259 1556 8713 
15366 5643 5642 8723 
15367 7400 5213 8520 
15368 1588 1209 8711 
15369 7675 2939 8527 
15370 6145 6150 8737 
15371 605 8519 8530 
15372 1205 1532 8714 
15373 4883 5566 8528 
15374 3090 3087 8585 
15375 3079 3078 8628 
15376 2258 6555 9143 
15377 1849 7953 8523 
15378 5278 7584 8736 
15379 7016 2852 9080 
15380 8603 4607 8613 
15381 8452 5261 8512 
15382 5502 4861 8524 
15383 1532 1203 8719 
15384 1201 2809 8719 
15385 5603 5602 8531 
15386 5049 5050 8550 
15387 1771 1769 8533 
15388 6357 6356 8728 
15389 1405 1416 8717 
15390 5616 5617 8532 
15391 2809 1199 8722 
15392 7611 7615 8716 
15393 1197 1589 8722 
15394 5050 7957 8550 
15395 2553 8488 8558 
15396 7675 8527 8534 
15397 5558 8398 8731 
15398 1191 1531 8727 
15399 2940 7675 8534 
15400 1769 1767 8537 
15401 5178 4597 8643 
15402 1589 1195 8730 
15403 8533 1769 8537 
15404 8897 5200 8898 
15405 1894 8116 8630 
15406 5686 1709 8848 
15407 6592 3739 8989 
15408 2940 8534 8540 
15409 6931 5181 8791 
15410 7163 8877 8882 
15411 1144 1106 8536 
15412 3075 3074 8644 
15413 6439 6441 8734 
15414 8104 4889 8642 
15415 774 779 8539 
15416 6062 904 8682 
15417 2256 2255 8660 
15418 5888 8194 8594 
15419 5606 8531 8542 
15420 7674 2940 8540 
15421 7586 2742 8733 
15422 5191 8756 8762 
15423 7990 4455 8538 
15424 1530 1373 8547 
15425 6622 9140 9141 
15426 904 6063 8706 
15427 3994 7572 8992 
15428 4596 8620 8641 
15429 8468 3106 8490 
15430 5816 4623 8767 
15431 3086 3083 8607 
15432 2489 8480 8597 
15433 6515 6149 8741 
15434 714 8895 8897 
15435 7359 7360 8743 
15436 5612 5613 8546 
15437 380 7472 8742 
15438 543 379 8742 
15439 8539 5732 8551 
15440 3062 3059 8744 
15441 7164 8882 8886 
15442 8688 6432 8697 
15443 4823 4394 8740 
15444 8421 5163 8447 
15445 405 406 8552 
15446 5607 5606 8548 
15447 3071 3070 8670 
15448 5732 4991 8551 
15449 4451 7940 8704 
15450 8480 5175 8597 
15451 3186 3716 8660 
15452 8212 7607 8759 
15453 5282 8127 8589 
15454 7572 3994 8998 
15455 7823 4815 8740 
15456 7674 8540 8549 
15457 2553 7674 8549 
15458 6357 8728 8743 
15459 1958 2156 8543 
15460 5200 5201 8898 
15461 7230 8523 8588 
15462 2367 2324 8738 
15463 4560 4890 8888 
15464 2316 2315 8545 
15465 4932 4463 8553 
15466 7769 5190 8745 
15467 8526 2927 8538 
15468 6337 7413 8751 
15469 3058 3055 8750 
15470 5178 8643 8681 
15471 4144 8358 8518 
15472 4932 8553 8555 
15473 3067 3066 8689 
15474 6616 2387 8979 
15475 4911 5715 8651 
15476 6768 2900 9171 
15477 8451 2555 8554 
15478 2483 2481 8558 
15479 6787 6788 8685 
15480 5608 5609 8556 
15481 6445 8621 8746 
15482 6068 6067 8561 
15483 5610 8548 8557 
15484 4615 4911 8693 
15485 1742 1740 8559 
15486 6356 8696 8728 
15487 9018 2680 9124 
15488 2503 8451 8645 
15489 3082 3079 8628 
15490 5191 3705 8756 
15491 1162 4867 8749 
15492 6838 6215 8560 
15493 1754 1752 8562 
15494 6441 6443 8739 
15495 8913 5212 8920 
15496 1758 1756 8563 
15497 1744 1742 8564 
15498 8460 3667 8510 
15499 4866 5723 8799 
15500 8734 6441 8739 
15501 8178 1852 8535 
15502 2483 8558 8567 
15503 4607 5068 8613 
15504 7533 2810 8565 
15505 3063 3062 8701 
15506 5715 8526 8538 
15507 1748 1746 8566 
15508 2485 2483 8567 
15509 8503 3102 8522 
15510 6409 6413 8571 
15511 8451 5177 8645 
15512 6512 6515 8765 
15513 5178 8440 8665 
15514 2949 3961 8747 
15515 2330 8603 8613 
15516 2938 8602 8609 
15517 6063 2289 8735 
15518 7584 8738 8748 
15519 6069 6071 8570 
15520 1237 1235 8572 
15521 6239 6240 8838 
15522 7887 5188 8836 
15523 2810 8551 8565 
15524 999 8990 9119 
15525 5611 5610 8568 
15526 4820 8041 8749 
15527 1742 8559 8564 
15528 1750 1748 8573 
15529 1241 1239 8574 
15530 1762 1760 8575 
15531 760 8887 8988 
15532 8743 7360 8751 
15533 6337 8751 8760 
15534 6406 6410 8577 
15535 8706 6063 8735 
15536 8535 8343 8643 
15537 8547 1541 8576 
15538 5173 5109 8578 
15539 5188 7887 8840 
15540 2320 2318 8748 
15541 1765 1762 8579 
15542 5531 5532 8757 
15543 1243 1241 8580 
15544 1748 8566 8573 
15545 5189 8860 8867 
15546 1241 8574 8580 
15547 1762 8575 8579 
15548 3961 8021 8747 
15549 9128 4717 9136 
15550 4112 5453 8781 
15551 5201 8893 8898 
15552 7535 4342 8763 
15553 5604 5605 8581 
15554 8669 5963 8690 
15555 5284 5287 8766 
15556 756 8900 9008 
15557 4598 6228 8582 
15558 8277 3956 8541 
15559 6508 6511 8771 
15560 3739 6592 8994 
15561 1233 1231 8583 
15562 7389 7976 8760 
15563 1154 1136 8761 
15564 7533 8565 8593 
15565 4615 8693 8715 
15566 1661 1962 8584 
15567 5534 5533 8576 
15568 5556 8212 8759 
15569 1852 8343 8535 
15570 6788 8012 8685 
15571 4583 4615 8715 
15572 7885 8178 8535 
15573 8682 904 8706 
15574 5614 8568 8585 
15575 3979 7230 8588 
15576 2289 6116 8586 
15577 5329 5330 9578 
15578 6587 3942 8984 
15579 3078 3075 8644 
15580 8583 1231 8587 
15581 3706 4588 8762 
15582 8127 7221 8589 
15583 1231 1229 8587 
15584 8921 7832 8929 
15585 8739 6443 8746 
15586 3979 8588 8620 
15587 6504 6507 8774 
15588 8826 5194 8831 
15589 6419 6422 8592 
15590 6443 6445 8746 
15591 6112 4619 8777 
15592 6445 6444 8707 
15593 8538 4455 8651 
15594 8488 5173 8558 
15595 8760 7976 8764 
15596 6396 6400 8596 
15597 5615 5614 8591 
15598 4106 7843 8768 
15599 8590 4904 8595 
15600 2491 2489 8597 
15601 4904 5666 8595 
15602 7763 4904 8590 
15603 8519 5071 8530 
15604 974 1971 8769 
15605 6453 8772 8780 
15606 5600 5601 8598 
15607 8531 3098 8542 
15608 6453 6809 8772 
15609 8492 5170 8496 
15610 5550 5538 8610 
15611 766 7533 8593 
15612 3942 6587 8985 
15613 7162 726 8869 
15614 8209 3881 8786 
15615 6500 6503 8778 
15616 4944 5896 8815 
15617 8647 5963 8669 
15618 5175 5115 8602 
15619 601 610 8600 
15620 5209 8846 8851 
15621 2330 2321 8627 
15622 8281 4932 8555 
15623 4590 4607 8603 
15624 6583 3738 8981 
15625 7986 991 8769 
15626 2079 7703 8599 
15627 5520 4381 8873 
15628 5561 2617 9035 
15629 5715 8538 8651 
15630 8373 5049 8550 
15631 1227 1225 8606 
15632 766 8593 8608 
15633 7163 7162 8872 
15634 4625 4467 8605 
15635 763 766 8608 
15636 6811 8915 8926 
15637 8505 5170 8516 
15638 2331 2326 8770 
15639 4889 4888 8604 
15640 5618 8591 8607 
15641 6496 6499 8782 
15642 2367 8753 8766 
15643 3460 3457 8611 
15644 7666 2938 8609 
15645 3074 3071 8670 
15646 5552 8637 8662 
15647 1247 1245 8612 
15648 9118 6875 9120 
15649 6402 6403 8614 
15650 2322 8545 8589 
15651 8476 1261 8713 
15652 5703 8828 8865 
15653 8745 5190 8756 
15654 8842 5204 8849 
15655 5552 5550 8637 
15656 4845 5467 8616 
15657 1119 1154 8775 
15658 6492 6495 8785 
15659 1541 7312 8610 
15660 5596 5597 8615 
15661 7583 5283 8753 
15662 6437 8476 8713 
15663 7404 2330 8613 
15664 5619 5618 8617 
15665 1288 1275 8621 
15666 4596 8641 8682 
15667 3977 3979 8620 
15668 8857 5196 8864 
15669 4092 4112 8781 
15670 2936 7666 8619 
15671 7666 8609 8619 
15672 7162 8869 8872 
15673 6645 6644 8789 
15674 5831 5833 8806 
15675 6488 6491 8788 
15676 367 459 8784 
15677 2739 366 8784 
15678 5473 5472 8622 
15679 752 8917 9027 
15680 1522 8652 8734 
15681 2936 8619 8623 
15682 8608 5174 8631 
15683 3738 6583 8983 
15684 4393 6864 8796 
15685 7919 5242 8783 
15686 8194 5166 8594 
15687 8548 3094 8557 
15688 5151 5152 8721 
15689 7665 2936 8623 
15690 8599 7703 8634 
15691 6929 6931 8791 
15692 5045 5569 8626 
15693 4911 8651 8693 
15694 6484 6487 8793 
15695 1553 7647 8624 
15696 5550 8610 8637 
15697 3138 7919 8783 
15698 5622 8617 8628 
15699 5690 5668 8629 
15700 5174 7677 8631 
15701 8881 2906 8939 
15702 5180 3984 8787 
15703 7085 4675 9041 
15704 6242 8599 8634 
15705 6097 8209 8786 
15706 6480 6483 8795 
15707 8770 5287 8776 
15708 8761 5193 8767 
15709 4574 8325 8781 
15710 5828 5826 8806 
15711 8567 5173 8578 
15712 3070 3067 8689 
15713 5201 8417 8893 
15714 7312 2300 8637 
15715 5592 5593 8633 
15716 2555 7665 8632 
15717 7665 8623 8632 
15718 5185 8603 8627 
15719 4819 4821 8792 
15720 1223 1221 8635 
15721 1553 8624 8638 
15722 3035 8942 9091 
15723 6476 6479 8798 
15724 926 6163 8790 
15725 9310 299 9499 
15726 6324 5203 8800 
15727 5571 631 9032 
15728 6177 6219 8691 
15729 7703 7561 8634 
15730 8545 5282 8589 
15731 8690 5999 8710 
15732 1154 8181 8775 
15733 5623 5622 8636 
15734 8610 7312 8637 
15735 2677 1057 8794 
15736 1971 954 8790 
15737 8589 7221 8736 
15738 8597 5175 8602 
15739 6853 3737 8973 
15740 8637 2300 8662 
15741 6472 6475 8803 
15742 8635 1221 8639 
15743 1221 1219 8639 
15744 2322 8589 8736 
15745 6057 2292 8641 
15746 7634 1553 8638 
15747 8630 5065 8640 
15748 5065 5064 8640 
15749 3271 6453 8780 
15750 4978 6471 8805 
15751 8171 5473 8625 
15752 748 8930 9051 
15753 4634 4977 8808 
15754 8740 6870 8797 
15755 762 8631 8655 
15756 6344 6347 8646 
15757 2505 2503 8645 
15758 8762 4588 8772 
15759 5626 8636 8644 
15760 8645 5177 8654 
15761 431 432 8649 
15762 8116 5065 8630 
15763 4605 6638 8811 
15764 5588 5589 8648 
15765 1056 1005 8650 
15766 8568 3090 8585 
15767 5177 5129 8654 
15768 8655 5176 8671 
15769 759 762 8655 
15770 7634 8638 8656 
15771 3272 3271 8653 
15772 1522 8476 8652 
15773 3066 3063 8701 
15774 1978 1856 8810 
15775 7356 7680 8807 
15776 2784 7634 8656 
15777 832 834 8809 
15778 5627 5626 8658 
15779 3638 2192 8810 
15780 3737 6853 8976 
15781 8640 5064 8657 
15782 5473 8622 8625 
15783 5064 5683 8657 
15784 6849 3736 8969 
15785 8667 2333 8677 
15786 7656 2935 8659 
15787 631 5571 9031 
15788 4583 8715 8745 
15789 1291 1151 8814 
15790 7957 5964 8647 
15791 8359 2135 8618 
15792 4455 7966 8651 
15793 8033 4866 8799 
15794 5492 8104 8642 
15795 2300 7882 8662 
15796 5560 5767 8666 
15797 8697 6437 8713 
15798 1527 1894 8664 
15799 5524 4846 8663 
15800 2784 8656 8675 
15801 1699 1700 8812 
15802 2935 8654 8659 
15803 8643 4556 8681 
15804 4136 4137 8669 
15805 5630 8658 8670 
15806 2934 7656 8668 
15807 7656 8659 8668 
15808 5176 4599 8671 
15809 1217 1215 8674 
15810 5704 5702 8829 
15811 3970 4451 8672 
15812 2325 2327 8667 
15813 5584 5585 8673 
15814 4637 4887 8822 
15815 2255 3186 8660 
15816 2934 8668 8676 
15817 9081 4679 9088 
15818 7163 8872 8877 
15819 7630 2784 8675 
15820 5419 5728 8824 
15821 7653 2934 8676 
15822 3760 3493 8665 
15823 4888 8611 8873 
15824 8853 4626 8856 
15825 6969 4592 8847 
15826 5709 1862 8880 
15827 4602 5185 8677 
15828 5631 5630 8678 
15829 5794 7893 9568 
15830 7855 1695 8679 
15831 8591 3086 8607 
15832 4556 3700 8681 
15833 738 739 8823 
15834 6220 6223 8683 
15835 755 758 8684 
15836 2933 7653 8680 
15837 7653 8676 8680 
15838 1705 1934 8816 
15839 5533 8547 8576 
15840 7630 8675 8688 
15841 744 8961 9059 
15842 1213 1211 8686 
15843 2933 8680 8687 
15844 3736 6849 8971 
15845 5417 7895 8821 
15846 8620 6057 8641 
15847 5963 1885 8690 
15848 8684 5183 8696 
15849 7641 2933 8687 
15850 7045 3965 8962 
15851 7911 4596 8682 
15852 1556 7630 8688 
15853 5634 8678 8689 
15854 5172 8214 8661 
15855 758 8671 8684 
15856 6087 6086 8852 
15857 3624 7199 8828 
15858 2932 7641 8692 
15859 8012 5542 8685 
15860 4604 6179 8729 
15861 7641 8687 8692 
15862 519 6208 8839 
15863 8662 5848 8732 
15864 6083 6085 8835 
15865 6969 8847 8853 
15866 8343 4556 8643 
15867 882 8940 9165 
15868 7453 1632 8833 
15869 5635 5634 8694 
15870 2932 8692 8695 
15871 4620 5194 8826 
15872 6749 6689 8839 
15873 734 735 8831 
15874 7635 2932 8695 
15875 8736 7584 8748 
15876 5183 5184 8696 
15877 4602 8677 8702 
15878 5702 4145 8829 
15879 8685 5542 8698 
15880 6434 6437 8697 
15881 3951 4502 8829 
15882 6444 7172 8707 
15883 8858 4625 8866 
15884 8651 7966 8693 
15885 7966 1174 8693 
15886 4618 5205 8832 
15887 6533 3734 8959 
15888 8693 1174 8715 
15889 2931 7635 8700 
15890 5638 8694 8701 
15891 1416 1417 8830 
15892 5542 5736 8698 
15893 4399 7593 8699 
15894 8617 3082 8628 
15895 7635 8695 8700 
15896 1934 1707 8825 
15897 3965 7045 8967 
15898 5188 3541 8836 
15899 4679 4678 9088 
15900 4609 5860 8712 
15901 2931 8700 8703 
15902 8446 7026 9221 
15903 8794 6325 8800 
15904 5407 9214 9215 
15905 1151 1134 8837 
15906 7627 2931 8703 
15907 9088 4678 9090 
15908 8903 6004 8907 
15909 5192 8889 8896 
15910 740 8996 9066 
15911 5642 5639 8708 
15912 6150 6147 8725 
15913 7873 4602 8702 
15914 5048 8727 8834 
15915 598 595 8843 
15916 8221 5419 8824 
15917 6244 6247 8838 
15918 7887 3985 8840 
15919 876 8925 9159 
15920 4678 7238 9090 
15921 7940 1404 8704 
15922 7911 8682 8706 
15923 4601 7911 8706 
15924 1209 1207 8711 
15925 6117 3207 8856 
15926 2929 7627 8709 
15927 1261 1259 8713 
15928 7627 8703 8709 
15929 5526 4660 8904 
15930 1207 1205 8714 
15931 7642 4554 8824 
15932 4612 4603 8710 
15933 2929 8709 8716 
15934 8711 1207 8714 
15935 7610 5204 8842 
15936 730 731 8849 
15937 6169 6171 8718 
15938 1404 1405 8717 
15939 7615 2929 8716 
15940 1203 1201 8719 
15941 4354 3712 8851 
15942 8704 1404 8717 
15943 6168 6167 8720 
15944 591 2426 8854 
15945 4601 8706 8735 
15946 960 9162 9163 
15947 1420 1421 8845 
15948 5795 5794 9568 
15949 9162 6214 9163 
15950 3984 7611 8721 
15951 5646 5643 8723 
15952 1174 7958 8715 
15953 1199 1197 8722 
15954 4560 8888 8913 
15955 4592 5048 8834 
15956 8603 2330 8627 
15957 4824 7642 8850 
15958 4612 8710 8724 
15959 1193 1191 8727 
15960 8636 3078 8644 
15961 3719 4626 8853 
15962 1556 8688 8697 
15963 7873 8702 8726 
15964 4624 7695 8846 
15965 1195 1193 8730 
15966 5564 4612 8724 
15967 3961 7873 8726 
15968 8797 6870 8841 
15969 8696 5184 8728 
15970 1193 8727 8730 
15971 1709 1710 8848 
15972 8807 5203 8813 
15973 8708 3062 8744 
15974 726 727 8864 
15975 6247 6254 8909 
15976 7768 3824 8818 
15977 5553 5552 8732 
15978 5184 8000 8728 
15979 4632 5196 8857 
15980 4655 5406 8862 
15981 7599 1522 8734 
15982 4867 7586 8733 
15983 5647 5646 8754 
15984 4826 5409 8863 
15985 7584 7583 8753 
15986 1715 1862 8860 
15987 3734 6533 8965 
15988 4679 9081 9082 
15989 6526 3971 8956 
15990 4616 4601 8735 
15991 5229 9007 9072 
15992 5703 5705 8828 
15993 6148 6145 8737 
15994 6522 3732 8948 
15995 5646 8750 8754 
15996 736 9021 9074 
15997 8334 2139 8705 
15998 5649 5647 8758 
15999 4137 8647 8669 
16000 8728 8000 8743 
16001 7221 5278 8736 
16002 4108 5474 9001 
16003 5152 6645 8787 
16004 192 193 8870 
16005 5945 2663 8863 
16006 7599 8734 8739 
16007 8723 3058 8750 
16008 2785 7599 8739 
16009 4010 9017 9076 
16010 5647 8754 8758 
16011 5757 1838 8899 
16012 3971 6526 8957 
16013 4394 7823 8740 
16014 6351 6352 8876 
16015 2324 2320 8738 
16016 5927 4622 8867 
16017 5195 9028 9087 
16018 1017 9113 9191 
16019 379 380 8742 
16020 6265 6270 8874 
16021 5649 8758 8763 
16022 8658 3074 8670 
16023 3829 4654 8871 
16024 2663 8070 8863 
16025 2681 8212 8731 
16026 2785 8739 8746 
16027 4662 3831 8871 
16028 3059 3058 8744 
16029 6650 1518 8876 
16030 7590 2785 8746 
16031 7843 6857 8768 
16032 6196 3726 8914 
16033 7976 5199 8764 
16034 8000 7359 8743 
16035 6240 6241 8838 
16036 7835 9292 9573 
16037 8756 5190 8762 
16038 3824 8246 8818 
16039 6287 3731 8941 
16040 7845 2949 8747 
16041 5508 5518 8773 
16042 3732 6522 8954 
16043 6002 6196 8914 
16044 5199 5198 8820 
16045 3969 8752 8759 
16046 2318 2322 8748 
16047 718 7164 8886 
16048 3055 3054 8750 
16049 7413 6357 8751 
16050 4847 7708 8875 
16051 4671 4673 8881 
16052 854 8879 9133 
16053 854 856 8879 
16054 8715 7958 8745 
16055 7958 7769 8745 
16056 6262 6264 8887 
16057 732 9045 9086 
16058 8108 4625 8858 
16059 3720 7786 8877 
16060 6357 8743 8751 
16061 8041 1162 8749 
16062 6114 8790 8884 
16063 1111 9067 9070 
16064 7845 8747 8755 
16065 445 562 8885 
16066 7350 444 8885 
16067 8820 5198 8823 
16068 8750 3054 8754 
16069 5757 8899 8910 
16070 6267 6266 8900 
16071 3969 8165 8752 
16072 8802 3663 8890 
16073 8678 3070 8689 
16074 3833 4662 8883 
16075 3705 4583 8756 
16076 8751 7360 8760 
16077 3054 7536 8754 
16078 1862 1717 8880 
16079 6249 6245 8890 
16080 8381 6820 8918 
16081 5512 7768 8818 
16082 6277 3975 8927 
16083 8611 5520 8873 
16084 3638 8810 9050 
16085 6117 8856 8858 
16086 2367 8738 8753 
16087 1156 7845 8755 
16088 8559 1818 8888 
16089 1440 1441 8891 
16090 4639 4570 8892 
16091 738 8823 8826 
16092 1721 1838 8889 
16093 5449 4106 9083 
16094 1864 5526 8904 
16095 8754 7536 8758 
16096 711 714 8897 
16097 5532 5536 8757 
16098 7536 3617 8758 
16099 1156 8755 8761 
16100 3819 6238 8909 
16101 6280 3974 8935 
16102 4603 8690 8710 
16103 7607 3969 8759 
16104 5185 8667 8677 
16105 7360 7389 8760 
16106 1136 1156 8761 
16107 7835 3127 9292 
16108 3716 3715 8868 
16109 6243 6242 8802 
16110 8758 3617 8763 
16111 3731 6287 8946 
16112 4081 5394 8868 
16113 6811 8926 8933 
16114 6254 3819 8909 
16115 5190 3706 8762 
16116 1726 7094 8899 
16117 3617 7535 8763 
16118 3728 7338 8915 
16119 6336 6337 8764 
16120 4583 8745 8756 
16121 6511 6512 8765 
16122 4630 4628 8896 
16123 5480 7453 8833 
16124 1838 1723 8899 
16125 728 9058 9092 
16126 8694 3066 8701 
16127 3974 6280 8936 
16128 6337 8760 8764 
16129 5283 5284 8766 
16130 9200 4748 9201 
16131 5193 5816 8767 
16132 991 974 8769 
16133 734 8831 8842 
16134 724 9061 9103 
16135 5552 8662 8732 
16136 8772 4588 8780 
16137 3975 6277 8932 
16138 8225 5338 8844 
16139 6004 6001 8914 
16140 8766 5287 8770 
16141 6507 6508 8771 
16142 4592 8834 8847 
16143 5705 8231 8828 
16144 6809 5191 8772 
16145 7516 4636 8859 
16146 3726 6196 8923 
16147 1453 1454 8906 
16148 3726 3029 8907 
16149 2326 2367 8770 
16150 6330 6334 8917 
16151 699 702 8911 
16152 4648 8381 8918 
16153 8764 5199 8820 
16154 5213 5212 8913 
16155 5529 4862 9226 
16156 6276 6277 8927 
16157 6333 6332 8930 
16158 6282 6287 8941 
16159 6503 6504 8774 
16160 4644 3855 8920 
16161 772 769 8919 
16162 1457 1458 8916 
16163 5545 4661 8979 
16164 6249 8890 9004 
16165 5287 5288 8776 
16166 6195 6194 8927 
16167 5371 5392 9266 
16168 4393 8796 8804 
16169 5246 9195 9196 
16170 720 9068 9108 
16171 730 8849 8857 
16172 5965 4640 8944 
16173 4619 6053 8777 
16174 1074 1119 8775 
16175 1461 1462 8922 
16176 3359 7832 8921 
16177 6499 6500 8778 
16178 3027 3726 8923 
16179 6528 6533 8959 
16180 876 878 8925 
16181 5191 8762 8772 
16182 3975 3023 8924 
16183 6278 6280 8935 
16184 6277 6275 8935 
16185 4877 7919 8779 
16186 8049 2331 8776 
16187 8416 3728 8915 
16188 1465 1466 8928 
16189 8800 5203 8807 
16190 7001 2880 8949 
16191 6495 6496 8782 
16192 6523 6522 8948 
16193 7749 7686 8926 
16194 4748 9200 9202 
16195 5242 5522 8783 
16196 6280 6279 8941 
16197 4588 5023 8780 
16198 7020 529 9101 
16199 4877 8779 8786 
16200 3974 3019 8932 
16201 3021 3975 8932 
16202 366 367 8784 
16203 8725 1416 8830 
16204 716 9071 9127 
16205 768 765 8943 
16206 1469 1470 8937 
16207 3731 3015 8936 
16208 3017 3974 8936 
16209 882 884 8940 
16210 2322 8736 8748 
16211 7908 5330 9297 
16212 6491 6492 8785 
16213 1155 8827 8832 
16214 2954 7356 8813 
16215 7105 4748 9202 
16216 1074 8775 8794 
16217 6286 6285 8948 
16218 6521 6519 8956 
16219 726 8864 8869 
16220 8417 7761 8902 
16221 6589 6592 8989 
16222 1473 1474 8947 
16223 6524 6526 8956 
16224 3013 3731 8946 
16225 2954 8813 8819 
16226 3881 4877 8786 
16227 7044 7045 8962 
16228 5733 5504 9024 
16229 2882 3679 8949 
16230 6487 6488 8788 
16231 6644 2427 8789 
16232 704 9085 9157 
16233 6854 6855 8981 
16234 5642 8708 8744 
16235 7045 6861 8969 
16236 6850 6849 8969 
16237 712 9075 9139 
16238 888 890 8951 
16239 8974 3040 8980 
16240 6526 6525 8959 
16241 3732 3009 8950 
16242 2904 2906 8952 
16243 8789 2427 8791 
16244 6370 6374 8961 
16245 4629 4631 8942 
16246 3042 9014 9019 
16247 7566 2954 8819 
16248 6336 8764 8820 
16249 3007 3732 8954 
16250 3971 3003 8955 
16251 6847 6853 8973 
16252 964 7961 8934 
16253 1477 1478 8958 
16254 954 926 8790 
16255 3734 2999 8957 
16256 3001 3971 8957 
16257 2427 6929 8791 
16258 2658 214 8963 
16259 215 472 8963 
16260 7105 9202 9204 
16261 6592 6591 8998 
16262 4803 3809 8966 
16263 5413 4819 8792 
16264 6483 6484 8793 
16265 4890 8559 8888 
16266 6928 5878 9026 
16267 6848 6845 8973 
16268 1057 1074 8794 
16269 708 9078 9149 
16270 1481 1482 8964 
16271 8737 1420 8845 
16272 6584 6583 8981 
16273 6373 6372 8996 
16274 2997 3734 8965 
16275 1155 7566 8827 
16276 3035 7982 8942 
16277 6823 4118 8977 
16278 3736 2989 8967 
16279 2991 3965 8967 
16280 4734 7105 9204 
16281 6532 6531 8962 
16282 6479 6480 8795 
16283 3965 2993 8970 
16284 8325 4092 8781 
16285 4724 4717 9132 
16286 8991 5222 8995 
16287 4700 4698 8980 
16288 6582 6580 8984 
16289 832 8809 9141 
16290 2987 3736 8971 
16291 3737 2983 8972 
16292 700 9089 9167 
16293 1485 1486 8975 
16294 6873 4718 8990 
16295 6585 6587 8984 
16296 5646 8723 8750 
16297 4820 8749 9083 
16298 2981 3737 8976 
16299 7895 4823 8797 
16300 6587 6586 8989 
16301 3738 2977 8978 
16302 6475 6476 8798 
16303 2772 9097 9172 
16304 764 761 8988 
16305 6325 6324 8800 
16306 7572 4664 8993 
16307 8908 5216 8911 
16308 6188 6187 9005 
16309 5493 5179 8801 
16310 4717 9128 9132 
16311 419 2729 8986 
16312 537 418 8986 
16313 1489 1490 8987 
16314 3942 2971 8982 
16315 2975 3738 8983 
16316 5179 8799 8801 
16317 2969 3942 8985 
16318 3739 2967 8985 
16319 8776 5288 8796 
16320 8634 7745 8802 
16321 2033 2035 8991 
16322 738 8826 8831 
16323 6471 6472 8803 
16324 7231 359 8999 
16325 2961 3994 8992 
16326 3740 2959 8992 
16327 6864 8049 8796 
16328 6113 6114 8884 
16329 4734 9204 9206 
16330 5225 9030 9034 
16331 1493 1494 8997 
16332 6150 8725 8830 
16333 8049 8776 8796 
16334 7055 5774 8966 
16335 5179 8033 8799 
16336 2965 3739 8994 
16337 3994 2963 8994 
16338 3040 2031 8995 
16339 360 457 8999 
16340 6919 6920 9023 
16341 6740 7460 9444 
16342 4753 9206 9209 
16343 5504 5986 9024 
16344 8738 7584 8753 
16345 5826 5831 8806 
16346 3176 7055 8966 
16347 6923 6925 9023 
16348 4977 4978 8805 
16349 9134 6028 9142 
16350 654 656 9007 
16351 4127 5171 9002 
16352 7571 7572 8998 
16353 4753 4734 9206 
16354 2958 7089 9005 
16355 1497 1498 9003 
16356 5288 5315 8804 
16357 6113 8884 8894 
16358 760 757 9008 
16359 7680 2677 8807 
16360 6638 4634 8808 
16361 2265 3672 9004 
16362 5171 3851 9009 
16363 4711 4709 9014 
16364 4005 5461 9010 
16365 4702 5222 9006 
16366 1501 1502 9011 
16367 6148 8737 8845 
16368 6242 8634 8802 
16369 834 958 8809 
16370 2192 1978 8810 
16371 5374 4179 9038 
16372 7715 4658 9009 
16373 4122 6034 9046 
16374 6618 4753 9209 
16375 6794 6795 9017 
16376 5215 4605 8811 
16377 5921 5923 9038 
16378 1505 1506 9015 
16379 3621 3893 9016 
16380 4738 4008 9016 
16381 6457 6461 9021 
16382 8832 5205 8837 
16383 9129 7499 9135 
16384 1700 1703 8812 
16385 7295 9174 9175 
16386 734 8842 8849 
16387 5203 5202 8813 
16388 7566 8819 8827 
16389 1515 1291 8814 
16390 4943 4944 8815 
16391 5896 4649 9022 
16392 1511 1565 9020 
16393 9065 4433 9069 
16394 623 2181 9028 
16395 7941 2680 9018 
16396 1515 8814 8817 
16397 5571 8034 9031 
16398 756 753 9027 
16399 8813 5202 8819 
16400 6115 6113 8894 
16401 9020 1565 9022 
16402 5209 1515 8817 
16403 631 627 9032 
16404 5435 3530 9033 
16405 3184 3615 9033 
16406 6460 6459 9045 
16407 629 631 9035 
16408 7585 2685 9029 
16409 2617 632 9035 
16410 4606 4943 9047 
16411 8812 1703 8816 
16412 5215 9015 9020 
16413 7164 7163 8882 
16414 3042 2041 9030 
16415 4674 5561 9031 
16416 1703 1705 8816 
16417 524 205 9039 
16418 206 580 9039 
16419 2043 2045 9034 
16420 5219 7108 9053 
16421 5202 7838 8819 
16422 3893 3364 9040 
16423 7134 5219 9054 
16424 5425 5565 9024 
16425 6772 480 9178 
16426 4625 8605 8866 
16427 7526 4653 9036 
16428 5432 4094 9036 
16429 6925 6924 9018 
16430 4675 7436 9041 
16431 4606 9047 9048 
16432 742 6336 8820 
16433 3363 2270 9043 
16434 6115 8894 8901 
16435 4943 9042 9047 
16436 7496 9026 9545 
16437 8741 1440 8891 
16438 1565 1536 9042 
16439 5219 9053 9054 
16440 730 8857 8864 
16441 5454 5417 8821 
16442 4887 5669 8822 
16443 7134 9054 9056 
16444 8882 4639 8886 
16445 8246 5057 8818 
16446 742 8820 8823 
16447 8886 4639 8892 
16448 7108 3735 9052 
16449 752 749 9051 
16450 9048 5220 9052 
16451 6085 6115 8901 
16452 8827 4647 8832 
16453 6618 9209 9211 
16454 739 742 8823 
16455 8895 5200 8897 
16456 4737 6618 9211 
16457 5900 5899 9050 
16458 7797 5220 9048 
16459 6603 6602 9061 
16460 2741 7516 8859 
16461 6270 6087 8852 
16462 6515 8741 8891 
16463 4721 9129 9135 
16464 4328 2741 8861 
16465 2659 190 9057 
16466 191 527 9057 
16467 2741 8859 8861 
16468 6600 6604 9058 
16469 5198 4620 8826 
16470 4328 8861 8865 
16471 387 7475 9055 
16472 544 386 9055 
16473 714 7273 8895 
16474 7273 8892 8895 
16475 6252 6250 9073 
16476 7199 4328 8865 
16477 1707 1709 8825 
16478 748 745 9059 
16479 4554 8221 8824 
16480 8817 4624 8846 
16481 5966 5480 8833 
16482 7838 4647 8827 
16483 4145 3951 8829 
16484 6117 8858 8866 
16485 7108 9052 9053 
16486 1417 1420 8830 
16487 735 738 8831 
16488 6969 8853 8856 
16489 4647 4618 8832 
16490 3345 3470 9060 
16491 9308 306 9472 
16492 4771 5309 9062 
16493 535 6032 9574 
16494 6086 6083 8835 
16495 8819 7838 8827 
16496 6689 519 8839 
16497 1134 1155 8837 
16498 5221 4051 9064 
16499 6241 6244 8838 
16500 2367 8766 8770 
16501 4893 5748 9106 
16502 3985 4025 8840 
16503 744 741 9066 
16504 8231 3624 8828 
16505 9221 7026 9236 
16506 6611 6673 9085 
16507 6892 6895 9068 
16508 4432 4433 9065 
16509 8765 1453 8906 
16510 6511 8765 8906 
16511 5194 7610 8842 
16512 4560 8913 8920 
16513 4715 4663 9070 
16514 4682 4893 9107 
16515 595 593 8843 
16516 5505 5359 9305 
16517 6888 6891 9071 
16518 6897 9154 9155 
16519 3984 8721 8787 
16520 4893 9106 9107 
16521 8721 5152 8787 
16522 1421 1440 8845 
16523 8843 593 8854 
16524 7018 7014 9077 
16525 7695 4354 8846 
16526 4681 4682 9109 
16527 740 737 9074 
16528 8771 1457 8916 
16529 7203 529 9077 
16530 1531 8323 8834 
16531 6621 6622 9105 
16532 2387 5545 8979 
16533 6672 6887 9075 
16534 4682 9107 9109 
16535 6507 8771 8916 
16536 731 734 8849 
16537 5456 4824 8850 
16538 3712 3991 8851 
16539 3816 7620 9180 
16540 8810 5900 9050 
16541 1710 1713 8848 
16542 8851 3991 8855 
16543 5055 3719 8853 
16544 593 591 8854 
16545 4644 8921 8929 
16546 6669 6671 9078 
16547 8342 4666 9056 
16548 8847 5055 8853 
16549 3991 5210 8855 
16550 5727 3180 9100 
16551 7014 7013 9077 
16552 3207 6969 8856 
16553 4725 4681 9110 
16554 4268 8931 9098 
16555 8774 1461 8922 
16556 7287 8225 8844 
16557 5204 4632 8857 
16558 8848 1713 8860 
16559 4681 9109 9110 
16560 9056 4666 9064 
16561 2852 2854 9080 
16562 8749 5449 9083 
16563 4667 7723 9076 
16564 6503 8774 8922 
16565 736 733 9086 
16566 7646 3740 9079 
16567 4010 3995 9084 
16568 6541 4725 9112 
16569 7002 7001 8949 
16570 8859 5210 8861 
16571 4725 9110 9112 
16572 6983 6981 9102 
16573 1713 1715 8860 
16574 6608 6610 9089 
16575 4654 4655 8862 
16576 5210 5211 8861 
16577 5445 1912 9190 
16578 8823 5198 8826 
16579 8778 1465 8928 
16580 8323 5055 8847 
16581 4626 8108 8858 
16582 8861 5211 8865 
16583 727 730 8864 
16584 3031 6117 8866 
16585 5211 5703 8865 
16586 6499 8778 8928 
16587 732 729 9092 
16588 6542 6541 9115 
16589 8070 4826 8863 
16590 4622 5189 8867 
16591 4665 4745 9097 
16592 8008 5006 9081 
16593 4644 8920 8921 
16594 8782 1469 8937 
16595 6541 9112 9115 
16596 6994 476 9102 
16597 4683 6542 9114 
16598 135 136 9099 
16599 3180 3533 9100 
16600 5196 5197 8869 
16601 527 192 8870 
16602 6495 8782 8937 
16603 8834 8323 8847 
16604 8893 8417 8902 
16605 213 2658 9101 
16606 529 212 9101 
16607 8796 5288 8804 
16608 8942 5527 9091 
16609 6981 6979 9102 
16610 728 725 9103 
16611 8785 1473 8947 
16612 2677 8800 8807 
16613 9114 6542 9115 
16614 5221 9064 9065 
16615 8869 5197 8872 
16616 3831 3829 8871 
16617 3715 4081 8868 
16618 11 12 9104 
16619 6491 8785 8947 
16620 6841 4683 9117 
16621 8788 1477 8958 
16622 8856 4626 8858 
16623 8831 5194 8842 
16624 484 5506 9229 
16625 6264 6265 8874 
16626 4683 9114 9117 
16627 1518 6351 8876 
16628 6487 8788 8958 
16629 7832 4646 8929 
16630 5197 8135 8872 
16631 4738 9018 9124 
16632 8793 1481 8964 
16633 7246 4847 8875 
16634 724 721 9108 
16635 6029 6028 9134 
16636 4668 4756 9113 
16637 8929 4646 8939 
16638 911 964 9111 
16639 8835 772 8919 
16640 4617 6840 9125 
16641 6483 8793 8964 
16642 4646 4671 8939 
16643 8795 1485 8975 
16644 813 815 9118 
16645 999 811 9120 
16646 20 21 9121 
16647 4120 5412 8878 
16648 856 1358 8879 
16649 1351 900 9123 
16650 8879 6840 9133 
16651 720 717 9127 
16652 6243 8802 8890 
16653 7269 7270 8905 
16654 4636 8855 8859 
16655 6479 8795 8975 
16656 967 852 9133 
16657 3641 7422 9128 
16658 6840 6839 9122 
16659 6163 3614 8884 
16660 8798 1489 8987 
16661 4673 5507 8881 
16662 25 26 9144 
16663 716 713 9139 
16664 7270 8902 8905 
16665 7786 4639 8882 
16666 1970 830 9141 
16667 28 29 9147 
16668 8809 6622 9141 
16669 7269 8905 8908 
16670 1717 1719 8880 
16671 6475 8798 8987 
16672 444 445 8885 
16673 8135 3720 8877 
16674 598 8843 9215 
16675 4069 3833 8883 
16676 8803 1493 8997 
16677 702 7269 8908 
16678 4627 6899 9158 
16679 7273 718 8886 
16680 712 709 9149 
16681 8872 8135 8877 
16682 6898 6897 9155 
16683 31 32 9153 
16684 6266 6262 8887 
16685 8884 3614 8894 
16686 8925 6899 9159 
16687 6334 6267 8900 
16688 8849 5204 8857 
16689 8940 6791 9165 
16690 6790 6789 9160 
16691 4638 6791 9161 
16692 8880 1719 8889 
16693 6544 6543 9164 
16694 6471 8803 8997 
16695 8805 1497 9003 
16696 708 705 9157 
16697 6245 6243 8890 
16698 4641 6545 9163 
16699 7270 7271 8893 
16700 4570 4642 8892 
16701 1356 874 9159 
16702 1441 1453 8891 
16703 1719 1721 8889 
16704 4685 6516 9137 
16705 8866 8605 8903 
16706 4977 8805 9003 
16707 965 880 9165 
16708 8808 1501 9011 
16709 8892 4642 8895 
16710 6770 6767 9169 
16711 4642 5200 8895 
16712 8852 768 8943 
16713 3614 6209 8894 
16714 6779 480 9169 
16715 8893 7271 8898 
16716 704 701 9167 
16717 4628 5192 8896 
16718 6534 4685 9138 
16719 6638 8808 9011 
16720 8811 1505 9015 
16721 710 711 8897 
16722 710 8897 8898 
16723 8809 958 9105 
16724 700 697 9168 
16725 8894 6209 8901 
16726 4685 9137 9138 
16727 495 7918 9232 
16728 3775 9285 9353 
16729 5215 8811 9015 
16730 6767 6764 9169 
16731 7271 710 8898 
16732 6209 772 8901 
16733 4686 6534 9145 
16734 6534 9138 9145 
16735 1723 1726 8899 
16736 8864 5196 8869 
16737 2900 2902 9171 
16738 4943 8815 9042 
16739 8890 3663 9004 
16740 682 680 9175 
16741 6548 4686 9146 
16742 2772 685 9174 
16743 7350 6967 9541 
16744 8815 1565 9042 
16745 5323 7472 9532 
16746 438 505 9176 
16747 2688 437 9176 
16748 5209 8817 8846 
16749 4686 9145 9146 
16750 8604 4888 8873 
16751 1155 8832 8837 
16752 5805 5802 9185 
16753 4687 6548 9148 
16754 7761 7880 8902 
16755 6548 9146 9148 
16756 7094 3639 8910 
16757 2688 7310 9570 
16758 3029 3031 8907 
16759 6467 6468 9067 
16760 1818 8520 8888 
16761 480 188 9178 
16762 189 2659 9178 
16763 5432 3615 9203 
16764 1454 1457 8906 
16765 7880 5217 8905 
16766 8905 5217 8908 
16767 8902 7880 8905 
16768 2906 8881 8952 
16769 3639 6273 8912 
16770 5217 5216 8908 
16771 6238 6239 8909 
16772 6561 4687 9151 
16773 5218 5757 8910 
16774 9004 3672 9073 
16775 8874 764 8988 
16776 6001 6002 8914 
16777 698 699 8911 
16778 4687 9148 9151 
16779 698 8911 8918 
16780 5539 5218 8912 
16781 5218 8910 8912 
16782 4688 6561 9152 
16783 6810 6811 8933 
16784 8910 3639 8912 
16785 6820 698 8918 
16786 6332 6330 8917 
16787 6561 9151 9152 
16788 1458 1461 8916 
16789 5676 4801 9194 
16790 769 768 8919 
16791 6374 6333 8930 
16792 3855 4560 8920 
16793 6897 4688 9154 
16794 6810 8933 8938 
16795 4645 6810 8938 
16796 658 1111 9072 
16797 5212 3359 8921 
16798 4688 9152 9154 
16799 6194 6276 8927 
16800 3025 3027 8923 
16801 1462 1465 8922 
16802 7338 8314 8915 
16803 8887 760 9008 
16804 9155 1356 9159 
16805 3025 8923 8924 
16806 3023 3025 8924 
16807 878 965 8925 
16808 8888 8520 8913 
16809 6622 8809 9105 
16810 8806 5833 9560 
16811 4690 4645 8945 
16812 4645 8938 8945 
16813 7348 565 9422 
16814 9422 565 9423 
16815 7074 4644 8929 
16816 1466 1469 8928 
16817 4690 8945 8953 
16818 4657 5228 8931 
16819 3019 3021 8932 
16820 6275 6278 8935 
16821 7686 2233 8933 
16822 4692 4690 8953 
16823 7074 8929 8939 
16824 8933 2233 8938 
16825 7961 4657 8934 
16826 3015 3017 8936 
16827 535 411 9189 
16828 412 2728 9189 
16829 4657 8931 8934 
16830 884 1357 8940 
16831 2906 7074 8939 
16832 1470 1473 8937 
16833 6279 6282 8941 
16834 6936 6935 9193 
16835 2233 7732 8938 
16836 4273 4269 9098 
16837 8314 7749 8926 
16838 4640 6030 8944 
16839 765 764 8943 
16840 6285 6523 8948 
16841 9160 965 9165 
16842 8520 5213 8913 
16843 6086 8835 8919 
16844 4659 4273 9094 
16845 7982 4629 8942 
16846 8900 756 9027 
16847 5809 4850 9001 
16848 8938 7732 8945 
16849 7732 3036 8945 
16850 4694 4692 8960 
16851 3011 3013 8946 
16852 4692 8953 8960 
16853 8605 6005 8903 
16854 1474 1477 8947 
16855 2880 2882 8949 
16856 5527 4659 9091 
16857 8945 3036 8953 
16858 3011 8946 8950 
16859 3009 3011 8950 
16860 4801 4802 9194 
16861 890 960 8951 
16862 3684 2904 8952 
16863 3005 3007 8954 
16864 7273 8886 8892 
16865 3003 3005 8955 
16866 4694 8960 8968 
16867 3036 7729 8953 
16868 6028 4684 9142 
16869 6519 6524 8956 
16870 4684 6154 9150 
16871 9425 7353 9430 
16872 3005 8954 8955 
16873 9426 7349 9427 
16874 4850 4108 9001 
16875 518 7349 9426 
16876 508 9425 9429 
16877 2999 3001 8957 
16878 9427 2687 9428 
16879 9094 4273 9098 
16880 4696 4694 8968 
16881 7349 2687 9427 
16882 4689 6214 9162 
16883 9428 7352 9429 
16884 1478 1481 8958 
16885 2687 7352 9428 
16886 6525 6528 8959 
16887 6861 6850 8969 
16888 6154 4689 9156 
16889 7352 508 9429 
16890 8953 7729 8960 
16891 7729 2176 8960 
16892 886 888 9166 
16893 9150 6154 9156 
16894 508 7353 9425 
16895 9111 6030 9123 
16896 6531 7044 8962 
16897 9091 4659 9094 
16898 6372 6370 8961 
16899 8915 8314 8926 
16900 8960 2176 8968 
16901 1351 9123 9134 
16902 1017 661 9195 
16903 659 657 9196 
16904 214 215 8963 
16905 3809 3176 8966 
16906 2995 2997 8965 
16907 1482 1485 8964 
16908 2989 2991 8967 
16909 6855 6584 8981 
16910 2995 8965 8970 
16911 2176 7724 8968 
16912 4698 4696 8974 
16913 2993 2995 8970 
16914 9142 4684 9150 
16915 9156 4689 9162 
16916 6461 6373 8996 
16917 4696 8968 8974 
16918 6622 6620 9140 
16919 2985 2987 8971 
16920 6845 6847 8973 
16921 8855 5210 8859 
16922 2983 2985 8972 
16923 8980 3040 8995 
16924 2985 8971 8972 
16925 8048 5353 9300 
16926 8968 7724 8974 
16927 2979 2981 8976 
16928 1486 1489 8975 
16929 7724 3040 8974 
16930 4118 5313 8977 
16931 2977 2979 8978 
16932 2979 8976 8978 
16933 5222 4700 8980 
16934 5238 6968 9198 
16935 4735 6874 9131 
16936 8917 752 9051 
16937 3031 8903 8907 
16938 9430 2686 9431 
16939 7353 2686 9430 
16940 5517 183 9205 
16941 6580 6585 8984 
16942 2971 2973 8982 
16943 2973 2975 8983 
16944 418 419 8986 
16945 2967 2969 8985 
16946 9416 518 9426 
16947 8982 2973 8983 
16948 761 760 8988 
16949 4717 4680 9136 
16950 6586 6589 8989 
16951 1490 1493 8987 
16952 7595 6698 9413 
16953 9434 3153 9435 
16954 4680 4735 9130 
16955 6875 6873 8990 
16956 9130 4735 9131 
16957 2035 2177 8991 
16958 2959 2961 8992 
16959 9433 7354 9434 
16960 4664 6642 8993 
16961 498 7354 9433 
16962 3633 7606 9200 
16963 4680 9130 9136 
16964 3031 8866 8903 
16965 2963 2965 8994 
16966 7354 3153 9434 
16967 2031 2033 8995 
16968 5497 3155 9504 
16969 1494 1497 8997 
16970 6591 7571 8998 
16971 5403 4651 9000 
16972 359 360 8999 
16973 5222 8991 9006 
16974 184 520 9205 
16975 1000 6616 9096 
16976 9224 6766 9295 
16977 2388 6629 9093 
16978 9000 4651 9002 
16979 4651 4127 9002 
16980 6642 4679 9082 
16981 4718 4677 9119 
16982 6629 1000 9095 
16983 6187 2958 9005 
16984 4705 4702 9006 
16985 7499 3049 9135 
16986 4677 5897 9116 
16987 1498 1501 9003 
16988 3663 2265 9004 
16989 9095 1000 9096 
16990 9093 6629 9095 
16991 1637 9007 9012 
16992 1111 6467 9067 
16993 9079 6642 9082 
16994 7238 2388 9093 
16995 1637 654 9007 
16996 6270 8852 8943 
16997 4677 9116 9119 
16998 757 756 9008 
16999 4658 4005 9010 
17000 4707 4705 9013 
17001 4705 9006 9013 
17002 3851 7715 9009 
17003 656 658 9072 
17004 6795 1637 9012 
17005 8930 748 9059 
17006 9006 2177 9013 
17007 1502 1505 9011 
17008 134 135 9208 
17009 4709 4707 9019 
17010 5225 4711 9014 
17011 5057 7918 9207 
17012 2177 7716 9013 
17013 6920 6923 9023 
17014 394 7462 9210 
17015 532 393 9210 
17016 4707 9013 9019 
17017 1506 1509 9015 
17018 4008 3621 9016 
17019 6797 6794 9017 
17020 4120 8878 9100 
17021 9013 7716 9019 
17022 9015 1509 9020 
17023 9014 3042 9030 
17024 8843 5407 9215 
17025 5986 5425 9024 
17026 4721 4719 9129 
17027 6924 7941 9018 
17028 1509 1511 9020 
17029 7716 3042 9019 
17030 4719 4676 9126 
17031 2613 600 9215 
17032 6459 6457 9021 
17033 4719 9126 9129 
17034 4649 5215 9022 
17035 4676 4738 9124 
17036 5215 9020 9022 
17037 3772 8806 9560 
17038 5285 5281 9213 
17039 4676 9124 9126 
17040 5399 4355 9025 
17041 5878 4942 9026 
17042 4179 5921 9038 
17043 2181 6797 9087 
17044 625 623 9028 
17045 753 752 9027 
17046 6604 6460 9045 
17047 4355 7585 9029 
17048 9025 4355 9029 
17049 2041 2043 9030 
17050 5280 5389 9213 
17051 5463 4855 9217 
17052 625 9028 9032 
17053 4427 4070 9216 
17054 8961 744 9066 
17055 7294 7295 9177 
17056 6840 8879 9125 
17057 627 625 9032 
17058 6702 7640 9412 
17059 3530 3184 9033 
17060 2045 2234 9034 
17061 8034 4674 9031 
17062 632 629 9035 
17063 4094 7526 9036 
17064 6797 9084 9087 
17065 6993 580 9220 
17066 4653 3638 9037 
17067 7270 8893 8902 
17068 6264 8874 8988 
17069 3364 3363 9040 
17070 205 206 9039 
17071 5967 7766 9510 
17072 7436 5563 9041 
17073 449 7479 9421 
17074 1536 1578 9042 
17075 2270 3409 9043 
17076 5771 571 9219 
17077 9302 311 9468 
17078 9034 2234 9044 
17079 2234 7915 9044 
17080 5320 4122 9046 
17081 9417 498 9433 
17082 9042 1578 9047 
17083 8920 5212 8921 
17084 8879 1358 9125 
17085 1578 7425 9047 
17086 5519 4595 9218 
17087 9420 449 9421 
17088 4606 9048 9052 
17089 9044 7915 9049 
17090 9047 7425 9048 
17091 8881 5507 8952 
17092 7425 7797 9048 
17093 8996 740 9074 
17094 749 748 9051 
17095 7915 4716 9049 
17096 3735 4606 9052 
17097 6021 6018 9228 
17098 9418 486 9436 
17099 5220 4001 9053 
17100 6988 7206 9235 
17101 3740 8993 9079 
17102 5221 9065 9069 
17103 9053 4001 9054 
17104 4001 4002 9054 
17105 9254 4808 9583 
17106 6895 6603 9061 
17107 6266 8887 9008 
17108 9419 548 9439 
17109 5518 5517 9205 
17110 9054 4002 9056 
17111 386 387 9055 
17112 9052 5220 9053 
17113 6602 6600 9058 
17114 7134 9056 9064 
17115 190 191 9057 
17116 9049 4716 9063 
17117 9012 4667 9076 
17118 8043 5503 9218 
17119 6726 6724 9494 
17120 580 7008 9220 
17121 7009 7015 9220 
17122 964 8944 9111 
17123 9017 4010 9084 
17124 745 744 9059 
17125 9021 736 9086 
17126 3311 6748 9358 
17127 356 7234 9225 
17128 6899 8925 9158 
17129 487 355 9225 
17130 520 6763 9224 
17131 3498 3345 9060 
17132 133 492 9222 
17133 4002 8342 9056 
17134 4796 5383 9226 
17135 5319 4771 9062 
17136 9299 314 9467 
17137 4716 4715 9063 
17138 6791 8940 9161 
17139 6874 6875 9131 
17140 9045 732 9092 
17141 4051 7134 9064 
17142 8990 999 9120 
17143 4666 4432 9065 
17144 6545 8951 9163 
17145 5506 4798 9229 
17146 741 740 9066 
17147 6891 6892 9068 
17148 5333 5221 9069 
17149 6334 8900 9027 
17150 4663 5229 9070 
17151 557 343 9230 
17152 6887 6888 9071 
17153 6620 4724 9140 
17154 1351 9134 9142 
17155 9058 728 9103 
17156 6250 6249 9073 
17157 737 736 9074 
17158 5937 5301 9331 
17159 3781 8195 9293 
17160 6671 6672 9075 
17161 7013 7203 9077 
17162 7723 4010 9076 
17163 5748 6621 9105 
17164 6673 6669 9078 
17165 3369 8008 9081 
17166 3369 9081 9088 
17167 476 7206 9234 
17168 9064 4666 9065 
17169 5543 5519 9218 
17170 4384 7646 9079 
17171 9061 724 9108 
17172 4384 9079 9082 
17173 6332 8917 9051 
17174 2854 3816 9080 
17175 3995 4669 9084 
17176 5006 4384 9082 
17177 4821 4820 9083 
17178 7918 4797 9232 
17179 6610 6611 9085 
17180 733 732 9086 
17181 7030 7032 9575 
17182 9084 4669 9087 
17183 7213 7212 9216 
17184 9212 527 9227 
17185 7552 3369 9088 
17186 4669 5195 9087 
17187 7552 9088 9090 
17188 6612 6608 9089 
17189 6778 9212 9227 
17190 5233 7552 9090 
17191 8925 965 9158 
17192 9068 720 9127 
17193 5307 5308 9543 
17194 6249 9004 9073 
17195 7856 3035 9091 
17196 7206 203 9235 
17197 204 524 9235 
17198 729 728 9092 
17199 4751 5738 9179 
17200 487 8395 9505 
17201 5233 9093 9095 
17202 9071 716 9139 
17203 5232 5233 9095 
17204 7856 9091 9094 
17205 5232 9095 9096 
17206 5461 5232 9096 
17207 7295 4665 9097 
17208 5228 7856 9094 
17209 1357 886 9166 
17210 6614 6612 9170 
17211 136 553 9099 
17212 3533 4120 9100 
17213 5228 9094 9098 
17214 3775 7227 9285 
17215 5324 5322 9238 
17216 6730 7500 9325 
17217 9075 712 9149 
17218 6612 9168 9170 
17219 4745 6614 9172 
17220 8940 1357 9161 
17221 4756 6039 9191 
17222 9154 1356 9155 
17223 212 213 9101 
17224 6374 8930 9059 
17225 6614 9170 9172 
17226 6979 6994 9102 
17227 725 724 9103 
17228 424 531 9237 
17229 8944 6030 9111 
17230 9078 708 9157 
17231 12 518 9104 
17232 8951 960 9163 
17233 8064 561 9253 
17234 6468 9063 9067 
17235 9085 704 9167 
17236 5360 8804 9173 
17237 4749 4751 9181 
17238 5738 7294 9177 
17239 499 350 9240 
17240 351 575 9240 
17241 958 7704 9106 
17242 4704 4749 9182 
17243 7704 2804 9107 
17244 721 720 9108 
17245 4749 9181 9182 
17246 9106 7704 9107 
17247 9107 2804 9109 
17248 2804 7700 9109 
17249 9089 700 9168 
17250 902 911 9111 
17251 7700 959 9110 
17252 6663 4704 9184 
17253 9109 7700 9110 
17254 5738 9177 9179 
17255 9110 959 9112 
17256 5246 4668 9113 
17257 5897 4721 9135 
17258 959 7698 9112 
17259 4704 9182 9184 
17260 4927 6663 9186 
17261 6839 6841 9122 
17262 4723 5246 9197 
17263 902 9111 9123 
17264 2803 7696 9114 
17265 2803 9114 9115 
17266 7698 2803 9115 
17267 4751 9179 9181 
17268 3049 7446 9116 
17269 6663 9184 9186 
17270 551 364 9241 
17271 365 2739 9241 
17272 9112 7698 9115 
17273 7696 967 9117 
17274 811 813 9120 
17275 4785 4843 9243 
17276 7446 999 9119 
17277 815 1359 9118 
17278 7215 7214 9243 
17279 9114 7696 9117 
17280 9116 7446 9119 
17281 7466 397 9242 
17282 398 540 9242 
17283 6372 8961 9066 
17284 6516 4617 9125 
17285 21 498 9121 
17286 4740 6826 9244 
17287 5392 4742 9244 
17288 6555 6556 9143 
17289 900 902 9123 
17290 2680 7459 9124 
17291 4928 4927 9187 
17292 7459 1153 9126 
17293 9126 1153 9129 
17294 5222 8980 8995 
17295 717 716 9127 
17296 1153 7499 9129 
17297 1359 7421 9130 
17298 9124 7459 9126 
17299 6030 6029 9134 
17300 1359 9130 9131 
17301 852 854 9133 
17302 7422 7741 9128 
17303 4927 9186 9187 
17304 7741 1970 9132 
17305 7421 3641 9136 
17306 9130 7421 9136 
17307 5904 4723 9197 
17308 9258 5856 9589 
17309 4928 9187 9188 
17310 9128 7741 9132 
17311 6039 4928 9188 
17312 1358 7685 9137 
17313 1111 9070 9072 
17314 7685 2799 9138 
17315 9097 2772 9174 
17316 713 712 9139 
17317 830 832 9141 
17318 9137 7685 9138 
17319 7597 1351 9142 
17320 26 486 9144 
17321 9138 2799 9145 
17322 38 39 9245 
17323 2799 7683 9145 
17324 6039 9188 9191 
17325 7452 6736 9405 
17326 29 548 9147 
17327 7683 966 9146 
17328 6875 8990 9120 
17329 9145 7683 9146 
17330 9146 966 9148 
17331 7026 9183 9236 
17332 5407 4736 9214 
17333 966 7684 9148 
17334 709 708 9149 
17335 8993 6642 9079 
17336 4930 7355 9525 
17337 4722 5904 9199 
17338 7597 9142 9150 
17339 2661 7597 9150 
17340 7684 2800 9151 
17341 9148 7684 9151 
17342 8991 2177 9006 
17343 9151 2800 9152 
17344 2661 9150 9156 
17345 32 449 9153 
17346 2800 7678 9152 
17347 470 7213 9248 
17348 5313 5314 9247 
17349 4748 4722 9201 
17350 5904 9197 9199 
17351 7678 1356 9154 
17352 6899 6898 9155 
17353 9152 7678 9154 
17354 5895 5776 9253 
17355 6789 4627 9158 
17356 4722 9199 9201 
17357 705 704 9157 
17358 7608 2661 9156 
17359 5361 5275 9246 
17360 228 229 9248 
17361 6543 4638 9161 
17362 874 876 9159 
17363 6791 6790 9160 
17364 7 8 9250 
17365 5273 5277 9246 
17366 6214 4641 9163 
17367 960 7608 9162 
17368 6545 6544 9164 
17369 7608 9156 9162 
17370 880 882 9165 
17371 8804 5315 9173 
17372 6461 8996 9074 
17373 9104 518 9416 
17374 6965 4986 9256 
17375 701 700 9167 
17376 336 337 9251 
17377 118 119 9252 
17378 7515 6722 9329 
17379 6795 9012 9076 
17380 482 7120 9595 
17381 7120 7119 9595 
17382 5225 9014 9030 
17383 417 537 9258 
17384 697 696 9168 
17385 160 161 9254 
17386 294 295 9255 
17387 6764 6779 9169 
17388 9168 696 9170 
17389 9037 3638 9050 
17390 6797 9017 9084 
17391 696 7596 9170 
17392 2902 3684 9171 
17393 5321 5320 9261 
17394 9170 7596 9172 
17395 6716 7559 9358 
17396 5351 5297 9263 
17397 7596 2772 9172 
17398 6459 9021 9086 
17399 685 682 9174 
17400 680 790 9175 
17401 436 2688 9260 
17402 437 438 9176 
17403 5856 5855 9261 
17404 7249 5319 9262 
17405 7023 7024 9183 
17406 6899 9155 9159 
17407 331 332 9264 
17408 9121 498 9417 
17409 9113 1017 9195 
17410 5883 6937 9269 
17411 9177 790 9179 
17412 4942 4789 9265 
17413 188 189 9178 
17414 9090 7238 9093 
17415 410 535 9266 
17416 4053 4047 9267 
17417 790 7609 9179 
17418 6791 9160 9165 
17419 9123 6030 9134 
17420 450 5775 9269 
17421 6604 9045 9092 
17422 6991 6993 9180 
17423 9144 486 9418 
17424 9060 7030 9575 
17425 7077 7078 9443 
17426 9179 7609 9181 
17427 4736 4737 9214 
17428 5234 7077 9442 
17429 9442 7077 9443 
17430 5306 5234 9441 
17431 9147 548 9419 
17432 9441 5234 9442 
17433 7026 7023 9183 
17434 5775 5289 9269 
17435 322 323 9270 
17436 8949 3679 9223 
17437 7620 6991 9180 
17438 481 402 9271 
17439 7609 3051 9181 
17440 9181 3051 9182 
17441 7965 512 9263 
17442 9153 449 9420 
17443 5672 4804 9190 
17444 5568 5512 9207 
17445 3051 7600 9182 
17446 4804 5445 9190 
17447 7945 4755 9272 
17448 6602 9058 9103 
17449 9182 7600 9184 
17450 6959 4852 9275 
17451 319 320 9274 
17452 7600 968 9184 
17453 9184 968 9186 
17454 5802 5803 9185 
17455 968 7623 9186 
17456 6092 6093 9289 
17457 51 52 9276 
17458 8870 7006 9227 
17459 54 55 9277 
17460 429 7122 9446 
17461 6942 5310 9279 
17462 9186 7623 9187 
17463 8931 5228 9098 
17464 7623 2775 9187 
17465 316 317 9278 
17466 9063 4715 9067 
17467 65 66 9280 
17468 9187 2775 9188 
17469 5431 5244 9456 
17470 6895 9061 9108 
17471 2775 7628 9188 
17472 72 73 9281 
17473 411 412 9189 
17474 75 76 9283 
17475 4982 5299 9284 
17476 9188 7628 9191 
17477 577 6091 9289 
17478 7628 1017 9191 
17479 3501 7626 9284 
17480 86 87 9287 
17481 7266 4763 9288 
17482 7286 7287 9239 
17483 5299 4983 9290 
17484 9070 5229 9072 
17485 6891 9068 9127 
17486 5530 7470 9521 
17487 6937 6936 9193 
17488 7893 5794 9291 
17489 7295 9175 9177 
17490 4802 5400 9194 
17491 506 5830 9296 
17492 5793 4792 9292 
17493 6887 9071 9139 
17494 3127 148 9291 
17495 149 7893 9291 
17496 5832 5835 9293 
17497 661 659 9195 
17498 3049 9116 9135 
17499 3679 8501 9192 
17500 9116 5897 9135 
17501 9278 317 9492 
17502 657 1550 9196 
17503 6875 9118 9131 
17504 6671 9075 9149 
17505 8146 9495 9496 
17506 5823 9449 9480 
17507 6252 9073 9221 
17508 6673 9078 9157 
17509 6775 6776 9212 
17510 9197 1550 9199 
17511 9274 320 9488 
17512 4724 9132 9140 
17513 5305 5238 9198 
17514 5759 4650 9203 
17515 1550 7614 9199 
17516 6610 9085 9167 
17517 4650 5432 9203 
17518 9199 7614 9201 
17519 5512 8818 9207 
17520 7606 7146 9200 
17521 7614 3633 9201 
17522 5233 9090 9093 
17523 9200 7146 9202 
17524 4428 4427 9294 
17525 5318 5548 9319 
17526 7146 2662 9202 
17527 6612 9089 9168 
17528 9202 2662 9204 
17529 2662 7296 9204 
17530 9270 323 9484 
17531 5890 5889 9296 
17532 9204 7296 9206 
17533 5837 5380 9298 
17534 183 184 9205 
17535 7296 1073 9206 
17536 9495 5226 9496 
17537 9206 1073 9209 
17538 7295 9097 9174 
17539 7822 504 9217 
17540 9102 476 9234 
17541 492 134 9208 
17542 1073 7313 9209 
17543 6778 6775 9212 
17544 393 394 9210 
17545 9209 7313 9211 
17546 7313 2613 9211 
17547 6728 6726 9466 
17548 123 7908 9297 
17549 561 122 9297 
17550 9164 1357 9166 
17551 5427 5306 9500 
17552 600 598 9215 
17553 5281 5280 9213 
17554 3779 3781 9298 
17555 6841 9117 9122 
17556 4070 4069 9216 
17557 5380 4079 9298 
17558 9117 967 9122 
17559 9118 1359 9131 
17560 7004 7002 9223 
17561 9264 332 9487 
17562 7002 8949 9223 
17563 313 314 9299 
17564 9132 1970 9140 
17565 5246 9113 9195 
17566 4855 5350 9217 
17567 4076 8466 9552 
17568 5856 452 9589 
17569 310 311 9302 
17570 537 6203 9556 
17571 130 3155 9301 
17572 5350 5858 9306 
17573 4595 8043 9218 
17574 512 155 9300 
17575 504 129 9301 
17576 156 8048 9300 
17577 6759 4454 9461 
17578 5937 5936 9303 
17579 5829 3760 9407 
17580 8466 7038 9552 
17581 6545 9164 9166 
17582 6207 485 9320 
17583 5310 5311 9559 
17584 7032 6747 9318 
17585 571 5872 9219 
17586 7209 581 9304 
17587 8818 5057 9207 
17588 5441 5439 9305 
17589 5312 9450 9470 
17590 7008 7009 9220 
17591 132 133 9222 
17592 5246 9196 9197 
17593 5843 4788 9233 
17594 5304 4746 9273 
17595 6763 6766 9224 
17596 38 9245 9483 
17597 355 356 9225 
17598 7019 7020 9231 
17599 4862 4796 9226 
17600 3672 8446 9221 
17601 8395 487 9539 
17602 9175 790 9177 
17603 6018 6019 9228 
17604 4809 5570 9317 
17605 4798 5511 9229 
17606 305 306 9308 
17607 9073 3672 9221 
17608 5839 5841 9257 
17609 343 344 9230 
17610 555 143 9309 
17611 5751 9310 9499 
17612 5306 9441 9500 
17613 2739 5404 9551 
17614 7022 7019 9231 
17615 5665 5329 9315 
17616 527 8870 9227 
17617 4797 5510 9232 
17618 6967 6965 9541 
17619 4790 5795 9314 
17620 6158 5292 9311 
17621 5334 5335 9316 
17622 298 299 9310 
17623 8883 6353 9571 
17624 6986 6983 9234 
17625 5812 489 9316 
17626 4843 4930 9525 
17627 139 455 9313 
17628 5771 9219 9482 
17629 6252 9221 9236 
17630 5746 5812 9316 
17631 203 204 9235 
17632 292 4809 9317 
17633 9285 6934 9353 
17634 4737 9211 9214 
17635 6983 9102 9234 
17636 6766 9171 9295 
17637 564 291 9317 
17638 6826 5530 9521 
17639 5377 9308 9472 
17640 5322 5323 9532 
17641 7965 9263 9567 
17642 6198 5324 9238 
17643 423 424 9237 
17644 7285 7286 9239 
17645 6771 6772 9249 
17646 8601 6252 9236 
17647 5465 4795 9312 
17648 9196 1550 9197 
17649 9292 5334 9573 
17650 350 351 9240 
17651 9257 5394 9259 
17652 364 365 9241 
17653 397 398 9242 
17654 7214 4785 9243 
17655 4742 4740 9244 
17656 5383 5379 9271 
17657 39 451 9245 
17658 6750 3331 9405 
17659 5437 531 9511 
17660 5275 5273 9246 
17661 5314 6198 9247 
17662 5062 9337 9338 
17663 4793 4794 9320 
17664 6774 6771 9249 
17665 229 470 9248 
17666 5373 9302 9468 
17667 8 7348 9250 
17668 5304 9273 9410 
17669 5062 8312 9337 
17670 9026 4942 9545 
17671 5776 5777 9253 
17672 3496 336 9251 
17673 119 3497 9252 
17674 3495 160 9254 
17675 295 3494 9255 
17676 31 9153 9440 
17677 5841 8868 9257 
17678 28 9147 9438 
17679 9211 2613 9214 
17680 5372 9299 9467 
17681 4986 5224 9256 
17682 25 9144 9437 
17683 5320 9046 9546 
17684 20 9121 9432 
17685 9338 509 9343 
17686 416 417 9258 
17687 7766 5285 9510 
17688 8868 5394 9257 
17689 11 9104 9424 
17690 5463 9217 9553 
17691 5389 9230 9580 
17692 6693 6760 9322 
17693 6752 6694 9322 
17694 5394 5455 9259 
17695 6706 6751 9323 
17696 5328 7487 9517 
17697 5319 9062 9549 
17698 426 427 9324 
17699 8395 5386 9505 
17700 6712 6710 9448 
17701 3679 9192 9223 
17702 400 401 9326 
17703 5855 5321 9261 
17704 4868 5333 9327 
17705 8977 5313 9548 
17706 352 353 9328 
17707 435 436 9260 
17708 5297 6158 9263 
17709 5224 7249 9262 
17710 514 331 9264 
17711 8426 5381 9321 
17712 4746 5682 9273 
17713 4789 5223 9265 
17714 409 410 9266 
17715 6987 6988 9282 
17716 570 5770 9334 
17717 7063 540 9516 
17718 4768 4414 9330 
17719 4416 5355 9330 
17720 4047 4811 9267 
17721 112 556 9333 
17722 485 274 9332 
17723 531 5437 9542 
17724 9493 7985 9497 
17725 103 577 9335 
17726 5223 5466 9268 
17727 4085 9250 9452 
17728 5968 509 9338 
17729 9489 560 9493 
17730 6750 6732 9325 
17731 5186 5187 9407 
17732 101 102 9336 
17733 110 111 9339 
17734 6933 6806 9340 
17735 7985 3496 9497 
17736 7491 5328 9519 
17737 5982 9278 9492 
17738 6937 9193 9557 
17739 97 539 9342 
17740 5289 5883 9269 
17741 4762 7081 9346 
17742 90 534 9345 
17743 491 322 9270 
17744 4761 6905 9351 
17745 4760 6882 9354 
17746 5979 9274 9488 
17747 546 9483 9500 
17748 402 403 9271 
17749 4764 3768 9353 
17750 5344 4822 9343 
17751 4759 6877 9357 
17752 560 7985 9493 
17753 42 545 9356 
17754 5345 4984 9349 
17755 4758 6939 9359 
17756 4757 5347 9361 
17757 4755 5344 9272 
17758 95 96 9360 
17759 88 89 9362 
17760 5370 9270 9484 
17761 49 547 9363 
17762 85 86 9364 
17763 5440 5441 9313 
17764 9260 7215 9587 
17765 74 75 9365 
17766 71 72 9366 
17767 7177 7176 9373 
17768 5346 4828 9367 
17769 8312 3499 9347 
17770 7081 7080 9374 
17771 64 65 9372 
17772 6905 6904 9383 
17773 6882 6881 9385 
17774 540 7063 9544 
17775 53 54 9384 
17776 50 51 9386 
17777 47 48 9391 
17778 5777 4053 9341 
17779 552 319 9274 
17780 3684 8773 9295 
17781 5751 5750 9464 
17782 4852 5348 9275 
17783 52 483 9276 
17784 5894 9264 9487 
17785 55 549 9277 
17786 545 7439 9410 
17787 5349 5915 9409 
17788 5471 5349 9408 
17789 9408 5349 9409 
17790 6061 5259 9477 
17791 5290 6942 9279 
17792 3470 7429 9515 
17793 456 316 9278 
17794 66 466 9280 
17795 9245 5429 9483 
17796 5259 5257 9475 
17797 6990 6987 9282 
17798 9219 5367 9482 
17799 73 464 9281 
17800 5804 8267 9406 
17801 40 41 9411 
17802 76 542 9283 
17803 5259 9475 9477 
17804 5257 5255 9476 
17805 7626 4982 9284 
17806 9475 5257 9476 
17807 7227 4829 9285 
17808 9285 4829 9286 
17809 4829 5346 9286 
17810 87 460 9287 
17811 5255 5253 9478 
17812 4763 7177 9288 
17813 6091 6092 9289 
17814 2736 7483 9414 
17815 140 141 9415 
17816 9476 5255 9478 
17817 7287 8844 9550 
17818 4983 5345 9290 
17819 7438 453 9401 
17820 5253 5251 9479 
17821 9144 7103 9437 
17822 9147 7098 9438 
17823 9121 5342 9432 
17824 9153 5343 9440 
17825 9104 5341 9424 
17826 4811 7945 9344 
17827 9478 5253 9479 
17828 4960 5342 9417 
17829 4557 7098 9419 
17830 7100 7103 9418 
17831 5236 5341 9416 
17832 5241 5343 9420 
17833 5251 5249 9481 
17834 5729 5245 9453 
17835 5374 9038 9581 
17836 9479 5251 9481 
17837 5341 5235 9423 
17838 565 10 9424 
17839 7103 7102 9435 
17840 7098 7096 9436 
17841 5342 5206 9431 
17842 9339 5344 9343 
17843 5343 5240 9439 
17844 2686 19 9432 
17845 486 27 9438 
17846 3153 24 9437 
17847 548 30 9440 
17848 9334 4811 9344 
17849 5388 5437 9511 
17850 3339 7709 9444 
17851 148 149 9291 
17852 5823 5663 9449 
17853 4792 5334 9292 
17854 482 428 9446 
17855 9484 3156 9490 
17856 5312 5230 9450 
17857 5326 5328 9517 
17858 6746 6740 9444 
17859 5372 4924 9451 
17860 9337 8312 9347 
17861 5377 5231 9458 
17862 7553 3303 9448 
17863 465 7495 9597 
17864 5894 5279 9460 
17865 5339 5004 9454 
17866 5982 4849 9463 
17867 9366 6882 9385 
17868 5370 4752 9459 
17869 7730 4768 9454 
17870 5833 5832 9293 
17871 5979 5977 9462 
17872 9365 6905 9383 
17873 4851 4879 9404 
17874 9266 5392 9588 
17875 9263 6158 9567 
17876 293 5 9533 
17877 3 162 9534 
17878 5373 4784 9455 
17879 5893 5894 9489 
17880 4853 6959 9403 
17881 5681 5680 9457 
17882 5978 5979 9485 
17883 2733 7493 9465 
17884 9364 7081 9374 
17885 6938 6940 9402 
17886 5 294 9533 
17887 161 3 9534 
17888 3323 7500 9466 
17889 5980 5981 9491 
17890 9362 7177 9373 
17891 4844 6628 9400 
17892 6617 4844 9399 
17893 9360 5346 9367 
17894 315 456 9467 
17895 4840 6617 9398 
17896 6593 4840 9397 
17897 9399 4844 9400 
17898 312 554 9468 
17899 6020 8427 9445 
17900 9398 6617 9399 
17901 5386 5385 9328 
17902 5328 6021 9519 
17903 4839 6593 9396 
17904 5249 5247 9490 
17905 6564 4839 9395 
17906 9397 4840 9398 
17907 546 37 9483 
17908 9396 6593 9397 
17909 6878 4838 9393 
17910 4838 6564 9394 
17911 9395 4839 9396 
17912 324 3156 9484 
17913 307 2819 9472 
17914 9394 6564 9395 
17915 321 491 9488 
17916 9393 4838 9394 
17917 7515 3319 9494 
17918 318 552 9492 
17919 7829 3500 9348 
17920 9348 3500 9352 
17921 9336 5345 9349 
17922 491 9459 9485 
17923 6876 6878 9392 
17924 4837 6562 9390 
17925 9340 4764 9353 
17926 333 560 9487 
17927 552 9491 9492 
17928 459 7740 9526 
17929 6563 4837 9389 
17930 4836 6563 9388 
17931 9392 6878 9393 
17932 3500 7762 9352 
17933 9389 4837 9390 
17934 5381 4766 9303 
17935 9352 7762 9355 
17936 6880 4836 9387 
17937 9388 6563 9389 
17938 300 511 9499 
17939 5391 7063 9516 
17940 9387 4836 9388 
17941 9217 504 9553 
17942 7762 3501 9355 
17943 3307 7559 9501 
17944 4835 6641 9382 
17945 6664 4835 9381 
17946 4834 6664 9380 
17947 9381 4835 9382 
17948 6808 4834 9379 
17949 4833 6808 9378 
17950 117 2 9535 
17951 6 338 9536 
17952 3760 8665 9407 
17953 9380 6664 9381 
17954 3169 7351 9594 
17955 353 354 9505 
17956 9379 4834 9380 
17957 7452 3335 9503 
17958 7478 2731 9592 
17959 6834 4833 9377 
17960 4832 6834 9376 
17961 9378 6808 9379 
17962 4433 4428 9294 
17963 2 118 9535 
17964 337 6 9536 
17965 9377 4833 9378 
17966 7079 4832 9375 
17967 5359 5358 9563 
17968 9376 6834 9377 
17969 3155 131 9504 
17970 9375 4832 9376 
17971 5351 9263 9555 
17972 7469 9368 9369 
17973 4831 7266 9371 
17974 7334 4831 9370 
17975 458 9367 9368 
17976 7469 458 9368 
17977 2727 7469 9369 
17978 9370 4831 9371 
17979 3291 7640 9506 
17980 9273 545 9410 
17981 4453 4454 9507 
17982 9481 5249 9490 
17983 6040 569 9514 
17984 9171 3684 9295 
17985 7598 4764 9350 
17986 9354 464 9383 
17987 7063 5762 9544 
17988 5889 506 9296 
17989 425 426 9511 
17990 7284 7285 9591 
17991 7040 7039 9518 
17992 399 400 9516 
17993 461 7765 9517 
17994 3492 3760 9513 
17995 9346 460 9373 
17996 9038 555 9581 
17997 122 123 9297 
17998 5437 7131 9542 
17999 3765 4 9538 
18000 448 1 9540 
18001 1 7 9540 
18002 141 142 9537 
18003 4 228 9538 
18004 4810 5890 9566 
18005 7037 7042 9552 
18006 5277 8091 9527 
18007 4079 3779 9298 
18008 5354 8395 9539 
18009 7766 574 9508 
18010 5404 5405 9551 
18011 5775 450 9586 
18012 6203 5362 9556 
18013 5895 9253 9554 
18014 6110 5390 9584 
18015 452 415 9589 
18016 454 408 9588 
18017 493 434 9587 
18018 450 422 9586 
18019 9245 451 9502 
18020 6032 5846 9574 
18021 345 510 9580 
18022 404 538 9585 
18023 7310 5368 9570 
18024 4032 4810 9566 
18025 8232 5301 9598 
18026 5385 7889 9576 
18027 5341 9104 9416 
18028 8195 8011 9560 
18029 5342 9121 9417 
18030 7103 9144 9418 
18031 7098 9147 9419 
18032 6720 6748 9329 
18033 5343 9153 9420 
18034 554 313 9299 
18035 155 156 9300 
18036 129 130 9301 
18037 490 310 9302 
18038 4454 7875 9461 
18039 5387 5388 9324 
18040 5358 9099 9563 
18041 5936 494 9303 
18042 456 9456 9467 
18043 7480 551 9591 
18044 6698 6696 9413 
18045 581 7007 9304 
18046 5428 5429 9502 
18047 5390 5391 9326 
18048 5332 5290 9593 
18049 6704 6702 9412 
18050 5333 9069 9304 
18051 554 9453 9468 
18052 7034 7429 9486 
18053 5439 5505 9305 
18054 490 9455 9469 
18055 5858 5671 9306 
18056 4085 9452 9582 
18057 5922 455 9415 
18058 5360 9173 9579 
18059 5770 9267 9334 
18060 5356 5357 9307 
18061 5315 7766 9508 
18062 7213 9216 9571 
18063 5300 5384 9331 
18064 556 9272 9333 
18065 9268 465 9597 
18066 502 305 9308 
18067 5384 5382 9332 
18068 545 9273 9356 
18069 514 9264 9460 
18070 577 9290 9335 
18071 2731 9247 9592 
18072 5347 9276 9361 
18073 6939 9277 9359 
18074 547 9275 9363 
18075 6877 9280 9357 
18076 6882 9281 9354 
18077 6905 9283 9351 
18078 539 9286 9342 
18079 7081 9287 9346 
18080 534 9288 9345 
18081 143 144 9309 
18082 9262 3169 9594 
18083 2819 9450 9472 
18084 5530 5529 9531 
18085 9267 4811 9334 
18086 7822 9217 9565 
18087 499 9240 9579 
18088 8552 5530 9531 
18089 5943 5498 9590 
18090 9264 5894 9460 
18091 9293 5835 9562 
18092 3295 6751 9412 
18093 132 9222 9504 
18094 4427 9216 9564 
18095 5327 7765 9406 
18096 5292 5291 9311 
18097 6752 3287 9413 
18098 9217 5350 9565 
18099 9270 5370 9459 
18100 491 9270 9459 
18101 558 298 9310 
18102 9263 512 9555 
18103 511 9449 9499 
18104 481 9271 9584 
18105 9272 5344 9333 
18106 9274 5979 9462 
18107 5358 5356 9569 
18108 4795 5317 9312 
18109 9278 5982 9463 
18110 6736 6734 9405 
18111 138 139 9313 
18112 5335 5746 9316 
18113 5671 5665 9315 
18114 4930 5843 9530 
18115 552 9274 9462 
18116 5291 4790 9314 
18117 5890 4810 9514 
18118 6928 9026 9523 
18119 9240 575 9576 
18120 9275 5348 9363 
18121 9253 561 9554 
18122 5337 7740 9445 
18123 9276 483 9361 
18124 7848 490 9469 
18125 9277 549 9359 
18126 8649 4930 9530 
18127 6748 6718 9358 
18128 9216 4069 9571 
18129 7122 7120 9446 
18130 5515 5312 9470 
18131 9280 466 9357 
18132 4810 5161 9514 
18133 557 9230 9547 
18134 456 9278 9463 
18135 9281 464 9354 
18136 9283 542 9351 
18137 9239 7480 9591 
18138 468 7466 9593 
18139 291 292 9317 
18140 9230 344 9580 
18141 9287 460 9346 
18142 9286 5346 9342 
18143 9288 7177 9345 
18144 5937 9303 9598 
18145 9299 5372 9451 
18146 502 9458 9473 
18147 9290 5345 9335 
18148 6747 6746 9318 
18149 8466 4869 9518 
18150 7896 502 9473 
18151 6718 6716 9358 
18152 5744 5316 9471 
18153 9302 5373 9455 
18154 7038 8466 9518 
18155 423 9237 9586 
18156 5316 5227 9474 
18157 5383 9271 9585 
18158 9310 5751 9464 
18159 5317 5318 9319 
18160 9471 5316 9474 
18161 5793 9292 9558 
18162 9046 6034 9522 
18163 5227 5823 9480 
18164 7429 3474 9486 
18165 9474 5227 9480 
18166 5323 5805 9524 
18167 3299 7553 9323 
18168 9026 532 9523 
18169 9308 5377 9458 
18170 5305 9198 9582 
18171 5336 5404 9526 
18172 5301 5300 9331 
18173 9449 511 9480 
18174 416 9258 9589 
18175 5429 9245 9502 
18176 9273 5682 9356 
18177 435 9260 9587 
18178 8742 5323 9524 
18179 9216 7212 9564 
18180 409 9266 9588 
18181 5404 8784 9526 
18182 8183 4793 9320 
18183 9208 5358 9569 
18184 9062 5309 9520 
18185 6198 9238 9592 
18186 9271 403 9585 
18187 6734 6750 9405 
18188 6722 6720 9329 
18189 558 9464 9495 
18190 6968 6967 9528 
18191 2728 9046 9522 
18192 8146 558 9495 
18193 9038 5923 9537 
18194 9240 5378 9579 
18195 5381 9303 9596 
18196 9256 5224 9594 
18197 5226 5340 9496 
18198 9450 2819 9470 
18199 6823 8977 9512 
18200 6732 6730 9325 
18201 8844 5338 9509 
18202 5333 9304 9599 
18203 9265 5223 9597 
18204 6694 6693 9322 
18205 5161 8426 9321 
18206 6708 6706 9323 
18207 5828 8806 9513 
18208 427 482 9324 
18209 6967 8885 9528 
18210 5378 9240 9576 
18211 9230 5361 9547 
18212 7500 3327 9325 
18213 401 481 9326 
18214 4869 4868 9327 
18215 6935 6203 9529 
18216 505 9062 9520 
18217 575 352 9328 
18218 457 8844 9509 
18219 9271 5379 9584 
18220 7119 5387 9595 
18221 9266 535 9574 
18222 555 9038 9537 
18223 5499 9307 9590 
18224 8806 3772 9513 
18225 4879 5471 9401 
18226 5923 5922 9415 
18227 5062 9338 9343 
18228 9303 494 9596 
18229 3781 9293 9562 
18230 554 9299 9451 
18231 7740 7489 9445 
18232 9304 7007 9599 
18233 8977 544 9512 
18234 3315 7515 9329 
18235 9260 2688 9570 
18236 7706 7042 9486 
18237 4414 4416 9330 
18238 572 5937 9331 
18239 9279 468 9593 
18240 9307 5357 9590 
18241 490 9302 9455 
18242 5870 570 9334 
18243 274 275 9332 
18244 111 112 9333 
18245 102 103 9335 
18246 6203 8986 9529 
18247 5870 9334 9344 
18248 5770 5769 9341 
18249 6751 6704 9412 
18250 5969 5968 9338 
18251 5971 5969 9337 
18252 488 101 9336 
18253 9337 5969 9338 
18254 6877 6876 9392 
18255 509 110 9339 
18256 6934 6933 9340 
18257 556 5870 9344 
18258 6696 6752 9413 
18259 96 97 9342 
18260 89 90 9345 
18261 4822 5062 9343 
18262 7141 4762 9346 
18263 6939 6938 9402 
18264 7347 4085 9582 
18265 5972 5971 9348 
18266 3499 7829 9347 
18267 4984 7598 9349 
18268 5347 4853 9403 
18269 5972 9348 9352 
18270 6806 488 9350 
18271 6093 5974 9355 
18272 6641 4761 9351 
18273 5974 5972 9352 
18274 6903 4760 9354 
18275 3768 3775 9353 
18276 5974 9352 9355 
18277 5348 4851 9404 
18278 41 42 9356 
18279 6562 4759 9357 
18280 7559 3311 9358 
18281 6628 4758 9359 
18282 6940 4757 9361 
18283 7141 9346 9373 
18284 458 95 9360 
18285 48 49 9363 
18286 460 88 9362 
18287 3474 7706 9486 
18288 536 85 9364 
18289 6903 9354 9383 
18290 9193 6935 9529 
18291 5498 5499 9590 
18292 464 74 9365 
18293 541 71 9366 
18294 4828 7366 9367 
18295 7366 4830 9368 
18296 9368 4830 9369 
18297 9367 7366 9368 
18298 4830 7334 9369 
18299 7476 2727 9370 
18300 7476 9370 9371 
18301 534 7476 9371 
18302 533 64 9372 
18303 7176 7141 9373 
18304 7080 7079 9374 
18305 7473 536 9375 
18306 7473 9375 9376 
18307 2732 7473 9376 
18308 2732 9376 9377 
18309 7477 2732 9377 
18310 7477 9377 9378 
18311 9305 5359 9563 
18312 462 7477 9378 
18313 462 9378 9379 
18314 7482 462 9379 
18315 7482 9379 9380 
18316 2730 7482 9380 
18317 2730 9380 9381 
18318 7467 2730 9381 
18319 7467 9381 9382 
18320 542 7467 9382 
18321 6904 6903 9383 
18322 483 53 9384 
18323 6881 6880 9385 
18324 547 50 9386 
18325 7481 541 9387 
18326 7481 9387 9388 
18327 2735 7481 9388 
18328 2735 9388 9389 
18329 7474 2735 9389 
18330 7474 9389 9390 
18331 466 7474 9390 
18332 453 47 9391 
18333 7463 533 9393 
18334 7463 9393 9394 
18335 2734 7463 9394 
18336 2734 9394 9395 
18337 7486 2734 9395 
18338 533 9392 9393 
18339 7486 9395 9396 
18340 467 7486 9396 
18341 467 9396 9397 
18342 7492 467 9397 
18343 7492 9397 9398 
18344 2738 7492 9398 
18345 2738 9398 9399 
18346 7485 2738 9399 
18347 7485 9399 9400 
18348 549 7485 9400 
18349 7031 7030 9515 
18350 5682 5681 9457 
18351 7765 7465 9406 
18352 5308 6823 9512 
18353 3331 7452 9405 
18354 9292 3127 9558 
18355 9268 5307 9543 
18356 5338 5339 9509 
18357 7078 5303 9421 
18358 509 9339 9343 
18359 9303 4766 9598 
18360 8665 5186 9407 
18361 8267 5327 9406 
18362 6749 8839 9507 
18363 9198 6968 9528 
18364 5971 9337 9347 
18365 5915 5304 9410 
18366 3152 7438 9408 
18367 3152 9408 9409 
18368 7439 3152 9409 
18369 451 40 9411 
18370 5805 9185 9524 
18371 9258 537 9556 
18372 5529 9226 9531 
18373 488 9336 9349 
18374 541 9366 9385 
18375 6934 9340 9353 
18376 464 9365 9383 
18377 7640 3295 9412 
18378 3287 7595 9413 
18379 458 9360 9367 
18380 536 9364 9374 
18381 460 9362 9373 
18382 7489 2736 9414 
18383 5309 7310 9520 
18384 455 140 9415 
18385 9455 5516 9469 
18386 8839 4794 9507 
18387 5997 5236 9416 
18388 4784 5516 9455 
18389 9483 5429 9500 
18390 5303 9420 9421 
18391 502 9308 9458 
18392 7175 4960 9417 
18393 7097 7100 9418 
18394 7168 4557 9419 
18395 5303 5241 9420 
18396 5997 9416 9426 
18397 3279 6760 9461 
18398 7175 9417 9433 
18399 7097 9418 9436 
18400 7168 9419 9439 
18401 9241 2739 9551 
18402 5931 5302 9425 
18403 5931 9425 9430 
18404 5339 8999 9509 
18405 7104 9434 9435 
18406 5237 5305 9422 
18407 5237 9422 9423 
18408 5235 5237 9423 
18409 10 11 9424 
18410 9425 5302 9429 
18411 7104 5239 9434 
18412 7030 9060 9515 
18413 7263 5996 9427 
18414 5996 9426 9427 
18415 7263 9427 9428 
18416 5996 5997 9426 
18417 5243 7263 9428 
18418 5243 9428 9429 
18419 5302 5243 9429 
18420 5208 9430 9431 
18421 5208 5931 9430 
18422 7102 7104 9435 
18423 5206 5208 9431 
18424 5239 7175 9433 
18425 19 20 9432 
18426 5239 9433 9434 
18427 7096 7097 9436 
18428 24 25 9437 
18429 27 28 9438 
18430 5240 7168 9439 
18431 30 31 9440 
18432 9055 5308 9512 
18433 6034 6032 9522 
18434 7875 3279 9461 
18435 9255 3494 9498 
18436 7484 546 9441 
18437 2737 7484 9442 
18438 7484 9441 9442 
18439 7479 2737 9443 
18440 2737 9442 9443 
18441 7460 3339 9444 
18442 7471 450 9557 
18443 7490 7480 9550 
18444 487 9225 9539 
18445 7462 468 9559 
18446 428 429 9446 
18447 5663 5751 9449 
18448 8427 5337 9445 
18449 2729 9193 9529 
18450 3303 7527 9448 
18451 5231 5745 9458 
18452 5230 5377 9450 
18453 4924 5729 9451 
18454 5245 5373 9453 
18455 5004 7730 9454 
18456 5244 5372 9456 
18457 9294 4427 9564 
18458 9458 5745 9473 
18459 2731 7494 9548 
18460 5311 6928 9523 
18461 5371 9266 9574 
18462 7475 465 9543 
18463 5516 5515 9469 
18464 5279 6061 9460 
18465 4752 5325 9459 
18466 6760 6759 9461 
18467 9250 7348 9452 
18468 5977 5980 9462 
18469 5370 9484 9490 
18470 5794 5793 9558 
18471 5890 9296 9566 
18472 4849 5431 9463 
18473 5750 5749 9464 
18474 7465 2733 9465 
18475 5873 557 9547 
18476 9459 5325 9485 
18477 7517 3323 9466 
18478 9464 5749 9495 
18479 314 315 9467 
18480 311 312 9468 
18481 5369 9260 9570 
18482 4805 5771 9482 
18483 9237 531 9542 
18484 5745 5744 9473 
18485 5429 5427 9500 
18486 5325 5978 9485 
18487 306 307 9472 
18488 5749 5226 9495 
18489 2819 7848 9470 
18490 37 38 9483 
18491 3160 7896 9471 
18492 7042 7034 9486 
18493 7821 3157 9476 
18494 5364 9489 9493 
18495 3157 7906 9475 
18496 323 324 9484 
18497 503 7821 9478 
18498 3156 7744 9481 
18499 7744 503 9479 
18500 7897 3160 9474 
18501 3157 9475 9476 
18502 5364 5893 9489 
18503 7821 9476 9478 
18504 7906 514 9477 
18505 7744 9479 9481 
18506 3160 9471 9474 
18507 503 9478 9479 
18508 9475 7906 9477 
18509 5981 5982 9491 
18510 332 333 9487 
18511 320 321 9488 
18512 5247 5370 9490 
18513 511 7897 9480 
18514 5365 5364 9493 
18515 7897 9474 9480 
18516 9242 540 9544 
18517 5365 9493 9497 
18518 317 318 9492 
18519 3319 7517 9494 
18520 5367 5365 9497 
18521 9491 5982 9492 
18522 299 300 9499 
18523 5340 5570 9498 
18524 562 9198 9528 
18525 7377 3169 9549 
18526 3494 8146 9496 
18527 7310 9176 9520 
18528 9185 543 9524 
18529 6021 9228 9519 
18530 510 5967 9510 
18531 555 9309 9581 
18532 3156 9481 9490 
18533 7527 3307 9501 
18534 5680 5428 9502 
18535 7468 452 9546 
18536 558 9310 9464 
18537 3335 7460 9503 
18538 5835 5837 9562 
18539 354 487 9505 
18540 131 132 9504 
18541 228 9248 9538 
18542 7 9250 9540 
18543 7472 463 9532 
18544 9319 5548 9577 
18545 5350 9306 9565 
18546 7595 3291 9506 
18547 4794 4453 9507 
18548 9327 5333 9599 
18549 515 7350 9541 
18550 9251 337 9536 
18551 118 9252 9535 
18552 2740 7496 9545 
18553 9254 161 9534 
18554 294 9255 9533 
18555 6032 9189 9522 
18556 574 6012 9508 
18557 9173 5315 9508 
18558 9321 5381 9596 
18559 8999 457 9509 
18560 9441 546 9500 
18561 5285 9213 9510 
18562 7355 493 9525 
18563 531 425 9511 
18564 9244 6826 9521 
18565 544 9055 9512 
18566 569 5890 9514 
18567 9060 3470 9515 
18568 3772 3492 9513 
18569 7032 9318 9575 
18570 540 399 9516 
18571 7487 461 9517 
18572 9243 4843 9525 
18573 7039 7038 9518 
18574 5330 5895 9554 
18575 532 9210 9523 
18576 9176 505 9520 
18577 9189 2728 9522 
18578 550 7491 9519 
18579 7470 454 9521 
18580 543 8742 9524 
18581 9238 5322 9532 
18582 8784 459 9526 
18583 8885 562 9528 
18584 8986 2729 9529 
18585 530 8649 9530 
18586 8091 5366 9527 
18587 5353 5351 9555 
18588 5363 9258 9556 
18589 4809 293 9533 
18590 162 4808 9534 
18591 538 8552 9531 
18592 6012 9173 9508 
18593 504 9301 9553 
18594 9225 5355 9539 
18595 6965 9256 9541 
18596 4806 117 9535 
18597 338 4805 9536 
18598 9456 5372 9467 
18599 7908 513 9578 
18600 9210 5311 9523 
18601 142 555 9537 
18602 4085 448 9540 
18603 6353 3765 9538 
18604 5355 5354 9539 
18605 4942 9265 9545 
18606 9261 5320 9546 
18607 7131 5331 9542 
18608 9226 538 9531 
18609 6158 9311 9567 
18610 5762 5332 9544 
18611 9453 5373 9468 
18612 7284 9241 9551 
18613 5361 9246 9547 
18614 9262 5319 9549 
18615 5313 9247 9548 
18616 7480 9239 9550 
18617 9314 5795 9568 
18618 564 9317 9572 
18619 5334 9316 9573 
18620 8048 559 9577 
18621 561 9297 9554 
18622 9315 5329 9578 
18623 5465 9312 9583 
18624 5405 7284 9551 
18625 512 9300 9555 
18626 7038 7037 9552 
18627 489 7835 9573 
18628 9269 6937 9557 
18629 5495 5463 9553 
18630 9279 5310 9559 
18631 3127 9291 9558 
18632 5362 5363 9556 
18633 9298 3781 9562 
18634 450 9269 9557 
18635 7893 501 9568 
18636 9213 510 9510 
18637 5570 5380 9572 
18638 9247 2731 9548 
18639 5843 9233 9530 
18640 8011 3772 9560 
18641 7212 7210 9564 
18642 5187 4032 9566 
18643 3170 7822 9565 
18644 2834 7965 9567 
18645 5368 5369 9570 
18646 5331 9237 9542 
18647 468 9279 9559 
18648 9246 5873 9547 
18649 9228 550 9519 
18650 5846 5371 9574 
18651 9450 5377 9472 
18652 7889 5378 9576 
18653 9239 7287 9550 
18654 9233 530 9530 
18655 5378 5360 9579 
18656 465 9268 9543 
18657 344 345 9580 
18658 5376 5374 9581 
18659 5332 9242 9544 
18660 5379 6110 9584 
18661 5357 5943 9590 
18662 403 404 9585 
18663 422 423 9586 
18664 434 435 9587 
18665 408 409 9588 
18666 415 416 9589 
18667 494 6041 9596 
18668 7007 496 9599 
18669 463 9238 9532 
18670 3169 9262 9549 
18671 4766 8232 9598 
18672 9291 5794 9558 
18673 9449 5751 9499 
18674 4069 8883 9571 
18675 452 9261 9546 
18676 9248 6353 9538 
18677 9250 4085 9540 
18678 7210 9294 9564 
18679 9256 515 9541 
18680 4805 9251 9536 
18681 9252 4806 9535 
18682 9349 7598 9350 
18683 488 9349 9350 
18684 9296 5187 9566 
18685 4808 9254 9534 
18686 9255 4809 9533 
18687 493 9243 9525 
18688 9099 553 9563 
18689 9347 7829 9348 
18690 9265 2740 9545 
18691 5971 9347 9348 
18692 3498 9060 9575 
18693 454 9244 9521 
18694 9369 7334 9370 
18695 2727 9369 9370 
18696 536 9374 9375 
18697 9374 7079 9375 
18698 9372 6877 9392 
18699 541 9385 9387 
18700 9385 6880 9387 
18701 7348 9422 9452 
18702 5837 9298 9562 
18703 3496 9251 9561 
18704 9384 6939 9402 
18705 9386 5347 9403 
18706 9391 5348 9404 
18707 492 9208 9569 
18708 533 9372 9392 
18709 483 9384 9402 
18710 547 9386 9403 
18711 453 9391 9404 
18712 7438 9401 9408 
18713 9401 5471 9408 
18714 553 9305 9563 
18715 9297 5330 9554 
18716 3494 9496 9498 
18717 9341 5769 9447 
18718 9496 5340 9498 
18719 9309 5376 9581 
18720 9411 5682 9457 
18721 9300 5353 9555 
18722 9306 3170 9565 
18723 9301 5495 9553 
18724 5777 9341 9447 
18725 3495 9254 9583 
18726 7285 9239 9591 
18727 9247 6198 9592 
18728 513 9315 9578 
18729 451 9411 9457 
18730 5224 9262 9594 
18731 9312 3495 9583 
18732 9422 5305 9452 
18733 9307 492 9569 
18734 5356 9307 9569 
18735 5223 9268 9597 
18736 5290 9279 9593 
18737 9311 2834 9567 
18738 9316 489 9573 
18739 559 9319 9577 
18740 6041 9321 9596 
18741 501 9314 9568 
18742 496 9327 9599 
18743 9317 5570 9572 
18744 9318 3498 9575 
18745 9482 5367 9561 
18746 5367 9497 9561 
18747 9497 3496 9561 
18748 9452 5305 9582 
$EndElements
